143.70876315729612 18.75934409606782 0.09800897921581808 -0.004277375500842484 0.05 9.898640725994138 -98.1920410822122 -371.61850167470277 159.43402801586848
137.97084231939434 -59.80888874954379 0.052914593843917945 0.05637297132467616 0.05 14.643842966731471 263.2336460633003 -455.43664781292 -82.91040397289675
57.36602683845065 -9.203439331243679 0.06170147788459901 -0.03516934018605222 0.05 19.3838047105256 -49.882460685831745 -540.3152004475701 -2.9296183254189287
2.695012334687424 -53.0918436332937 0.11415798715858005 0.005732603045901941 0.05 25.098677035433173 586.2765045266987 -147.14151701723083 112.2830739844514
75.05230714884442 29.387957850898502 0.07729308311643379 0.03276066750267358 0.05 15.406438149171047 391.2623228328146 -30.840565688035497 -161.17954237573446
327.14768083269587 5.232774540026295 0.05416559780133823 0.06368325279711738 0.05 34.686387362319856 416.11656388095207 -287.2369947438224 65.30152092698611
235.2697478916361 20.329564030807518 0.04851784771419543 0.002226125571734801 0.05 2.053353901303445 59.98208979750359 -36.45110797133225 -24.406398962958065
6.807774289100947 24.03289667306191 0.06698344502230968 -0.022083890435701668 0.05 14.060544220002708 82.5554123102995 -82.03524285334404 54.926377239356825
75.4548527371535 7.314354238671453 0.08963834717877228 -0.014766208863529896 0.05 42.4068106163455 656.9831441887061 -333.5229384976342 -53.78462902560838
244.53891710498203 -45.24744016770641 0.09844899591202827 -0.08742129147686013 0.05 15.28942783394886 76.63239969019988 -491.5250946919151 25.922463258230085
344.84267993509536 -47.34415252886291 0.03619466662976745 -0.08264837563607474 0.05 45.6589574702121 230.92032373089836 -102.01477196937375 40.38541604780217
12.058473550801791 -60.82885364475938 0.10157426541512637 0.0877287322840414 0.05 14.00404982556018 128.42406764411916 -420.92192042070695 43.38761568717654
196.94207056277293 -72.02911238725667 0.07243870532073693 0.00841596774533115 0.05 6.537451031786757 235.67988812736453 -356.09797667871214 166.20209886316033
94.22914323899063 -45.601777824715775 0.11254219117371123 0.04771597125629127 0.05 15.791574523641625 57.06815917345375 6.444660496265101 107.49748244627798
337.3071623230329 -59.90820755340996 0.07408877370510347 -0.037308067150042076 0.05 17.807677301666608 349.2544019489652 -381.2715362030866 -196.49249683475242
23.391560944591053 -45.35615708113885 0.07642174534197488 -0.013071823288075789 0.05 11.049098208024862 76.25809520652813 -191.15813538705925 94.91818823368024
271.39088956475007 -4.4158466418574704 0.07058225750919056 -0.017230609350611718 0.05 0.46258072031049935 93.84934997638781 -68.29853422244932 -43.844049063713314
300.8392692086149 -31.115242974807053 0.09650872808471478 -0.017013049115184264 0.05 20.40477015161873 198.82242198275367 -150.0882520578538 -92.9263250392651
205.8105566635779 14.586098687968034 0.044489367661210366 -0.05108872433307834 0.05 31.20711236280202 -175.15708261503232 -155.8554699884241 13.656935700311784
0.3982702832921615 26.46103296426843 0.09575345911156297 -0.08053251532214172 0.05 11.643829332914642 131.84720201427365 -118.99438251175485 -22.04229610603683
342.5488042337974 -44.404830294207216 0.11456092361696268 0.026669962870727287 0.05 52.00010635626481 -200.4403252881134 -489.0353044563524 197.28406700215092
173.6219307311833 -23.794281561408265 0.08729637771734877 0.014418815314793795 0.05 4.117475213728106 45.28678598136324 -91.23549210970387 -60.62464397609982
80.18912211954371 26.50161698791271 0.09339690624131114 -0.04054521451527321 0.05 8.234996534116448 24.470646562369325 -345.60864058219823 -172.4099018661445
131.8930314632531 -78.8085003160361 0.06423819360611516 0.025395934976338096 0.05 8.81819583150731 283.6848991445403 -521.6667716672554 93.7427511908129
90.09492677557373 -49.211266721744636 0.05273026411828763 0.016436522784680475 0.05 3.2066238623639856 -105.30519496540802 -443.47543803368836 157.89832566567674
252.386657839302 42.06215908185251 0.07804830944947527 0.04318468418075523 0.05 88.15354740013625 214.3771498400908 -249.858304127623 34.95613263231784
42.87624492126777 68.78121817316249 0.08779991323484548 -0.0008278298153885271 0.05 24.309454658786585 297.3333270853502 -248.85985192983912 -67.6151580586805
265.46630922242264 -51.87543196561525 0.07518211719200596 -0.05862254892181917 0.05 21.524909321381482 281.9556748931393 -508.83058442464585 41.355630227576775
184.12241172294003 28.16279210709211 0.08318702696386282 -0.010901962185943068 0.05 20.853847166563494 378.11894867683395 -496.3455918545118 -46.73013725358756
236.85703026943844 67.24371000063155 0.0947736958618266 0.002848674104557667 0.05 3.4584243334879132 727.9740636620222 -230.7358051270741 -303.19596189609695
335.3787728746985 32.24394333089878 0.09368221371729013 0.0010288619411453351 0.05 45.76316333806965 -111.49720702988736 -253.11786265453065 -13.875075282652773
325.00404928932835 69.08892966852483 0.02392456192339254 0.0862225911243967 0.05 27.01025335899683 49.95809330521621 -157.86279391696567 -193.65527369179935
76.49261279357857 34.66243730073529 0.11134567478028567 -0.05249035147260169 0.05 6.312745293425878 338.61854395806995 -367.198039497085 103.20780112168318
168.91304433642307 -49.320384999324055 0.06929073312274348 0.05784212004975984 0.05 2.081121550880022 529.244135715101 -195.49477174153904 212.51733278181132
44.64261527992165 -68.00646037409996 0.08376198758774267 -0.04129309363189703 0.05 16.565085464629266 170.60402657409304 -546.6139039029886 19.153830998510802
108.7538401329754 -26.14015725648366 0.09130905524001842 -0.06486400833151543 0.05 6.9843931606191205 435.76419930504005 -614.1418565862302 35.05983753037207
225.33045366272273 30.25705406286775 0.10314073964642345 0.03861467342081048 0.05 13.41451082513882 620.1206683989276 -318.5588388763327 18.656533453958012
160.6302165400206 42.780142997089875 0.07647391787891822 0.021883767274990695 0.05 22.523831380226746 490.2627907297834 -695.4741403490809 37.304870683861346
103.80130733223122 74.03106199020526 0.07787252016902935 -0.0036939867674681643 0.05 24.207448987720156 -205.61262777305546 -0.33372200454004997 -174.2049675946476
142.4491377651215 -45.08536861281612 0.0711765754748559 0.03359723899489926 0.05 5.505780620637945 307.9286679321642 -431.26645471347206 145.71379249863253
272.2037594124482 49.29281023376061 0.00948391858549602 -0.040837495495113604 0.05 47.357984453560135 -257.8290492044282 -119.72102438567455 28.264014768633793
291.05337316117846 -6.435731581473025 0.09130702417643288 0.01961756029137513 0.05 5.666065196436207 305.63126673754783 -200.96022971751404 213.37765099086826
274.2713776992019 64.69714152521026 0.06635612401187974 -0.049653867520997624 0.05 8.894000418122662 309.0475507942007 -222.8760578859029 -57.48989232031268
330.98205023599036 -65.12716585338441 0.0416086161757967 -0.021807152742780302 0.05 7.336560845925217 269.02562884319264 -540.7526519072873 311.8809341557911
97.04992069085289 -53.862051348747805 0.08670335407568319 0.00360257427537775 0.05 24.54950427665448 302.50648657777884 -303.59472984540474 40.303414332137685
255.37846168936528 70.33584544478262 0.08546657945275937 0.09905224509346103 0.05 14.928083202099142 273.00689446184606 127.32193016534865 -5.734178681293301
15.776968801015947 71.99559033846256 0.027616872845594553 0.05226387078356362 0.05 20.04121790938132 60.76982965899413 -437.12866908205797 423.47585678013127
26.97580927170208 -4.219397999985475 0.07398710516629636 -0.05570893547377104 0.05 31.909619028719074 212.08176316460367 -728.2740229558403 -198.40385153008663
13.744314327120929 38.8932207345882 0.11340795660412728 -0.006655016409046611 0.05 3.2351001106659836 21.42928444036346 -349.9540991034653 -60.691354136769476
162.42259248770873 -11.210743896498837 0.1092753084802125 -0.00014125274583389434 0.05 77.3654061597973 448.63387141878434 -143.66995431228574 -146.07873944258534
307.042070678563 -12.805026440379136 0.07498523233030796 -0.07679245339817738 0.05 3.3853844496982175 299.1872577400695 -273.35503855378033 13.78937557590153
71.32689782407085 1.2594896215528184 0.08191032110898866 -0.05891834905228086 0.05 47.53455029519443 490.1966645661103 -221.51901150136524 254.49784769342517
247.94869026487333 -29.437844760632267 0.07741011831521938 0.011035464203431539 0.05 7.372855550604845 326.29595502652154 -390.20398752093564 220.52137560526816
210.65927809439904 34.47306317180979 0.05587175360678698 0.027756020385671498 0.05 28.750008112352653 212.2497511795501 -242.44098930002738 398.84418349690816
226.82412387800255 37.41556555804828 0.02390407239157799 -0.00519289456739268 0.05 18.870326724427255 618.8187081681176 -279.74113629791367 -42.25974412930029
255.36919781231325 -45.94957854407708 0.06802553663435962 0.03414887516697241 0.05 4.188924453673114 -283.2634868477045 -184.49039625134623 -27.525935066274428
69.24610422297246 18.24720526543571 0.09044869521720567 -0.07349319926711559 0.05 7.931621998958418 -91.83866806780253 -54.83737178965504 190.85805901966796
137.5231507265368 -71.92054871230688 0.09079278484398512 0.03106487124459061 0.05 20.613925148977213 -9.63742806747834 -260.94421222626886 -120.63526176838792
355.83283367152274 61.93073546495925 0.09585123159574294 0.10175817978974198 0.05 1.6643194517371203 -87.26119733875868 -396.7930188800623 338.30453860715346
44.78001617738323 -6.900147473780471 0.08170456618748823 0.03843643183323727 0.05 13.952202792975772 440.8038219041563 239.1437368718241 166.40931618410823
93.84518890173986 64.08244123217817 0.06825935103443714 -0.09642689974115277 0.05 44.62722400239471 351.99773695471146 -198.7865714368188 161.7089855509634
275.4702520842914 -36.36415169051918 0.06632140366986738 -0.019549228608723525 0.05 67.52393282425737 -45.99027387515332 -695.5601680737835 -202.2976837711986
235.34570554952865 -54.19225277374676 0.08238880426563311 -0.06849221233111637 0.05 11.979530677073043 319.3914337971768 -410.66593416735594 -57.87306046348077
111.12039046231484 -30.918565673876014 0.038017104093392096 0.032810718231795113 0.05 8.52227059477999 368.5738782660105 -332.7763890897272 -93.9722211715303
217.81118862867265 26.245020884446053 0.06998683250852733 0.04969679124652539 0.05 12.038896108412503 90.22957232338453 -391.57483744072346 47.99602994765106
354.6720793709472 15.884106001417372 0.08626917311067439 0.0043968546701070674 0.05 8.772338380571986 146.47270235589525 -213.133466727788 541.3996002698325
119.64784059107461 11.928823998092597 0.06717737156017023 -0.06030784187891307 0.05 40.722239430816124 155.87634673444677 -208.152702251893 -107.65164160081608
38.56379437329051 -26.833319077530017 0.11000698899989558 -0.06048505951944118 0.05 4.814302411236081 278.2390614302534 -198.84414289481597 -65.61983564304936
226.1554839651401 45.54202781757538 0.09556370484926524 0.027654997348274438 0.05 7.146928684249139 402.1026069577415 -332.1820899759747 134.30241133660365
288.888421842227 -28.585762982557377 0.07132074531901922 -0.012305806462906181 0.05 20.92111313162625 363.6526774309793 -767.8520117720293 69.8147294163918
230.3048557335512 21.332212080479 0.044400988376926964 0.010915640811375197 0.05 7.414951754327554 300.06614763527074 -610.6346577404811 -461.6529320699186
334.2795846788903 42.54382856175326 0.09303166684122055 -0.02963904170466691 0.05 18.157605636694267 522.6899143626404 -497.9266892814202 316.838076643499
33.570159945252 -19.575166518244966 0.09055457885069784 -0.0697439658600038 0.05 30.731011392017944 282.7787036592536 -698.7319410421828 -26.42758522737074
21.133897241469768 -16.656945794646116 0.07714609466597433 -0.03779321724566645 0.05 25.195615948652257 62.820505956191 -259.6785187931595 307.78837341202865
187.82492312638152 -61.81243659269839 0.04829918693599766 -0.03505756563868821 0.05 4.77000044811856 488.44821846797197 -2.1714184068447935 -245.37006491949745
92.91964168241869 -8.12245342456682 0.07308720885387765 -0.025185925038799427 0.05 1.4205969530198639 241.03279432500145 -242.12243231718077 -125.62016938796216
136.29256457324544 -23.0712399785521 0.1027146376696686 0.06606263865093326 0.05 5.29481445946949 83.60056458131038 -362.4395490360571 344.4019834768277
9.591737519682589 -13.885838282319817 0.037288004415994 -0.008103323701436571 0.05 9.712670557451643 221.05590348828935 -112.69581529361622 -107.56045575929153
204.9610966286563 -28.929947908968753 0.07595430044818796 0.023657765165423436 0.05 5.828424715990357 133.71441982713304 -392.88300475844824 196.42985088042616
78.50544392872872 63.68004863758338 0.10134482701426184 0.05699859788123579 0.05 19.37710979212709 -159.892142472677 -385.5800998912363 528.3295540446754
91.19836471309375 -46.002135846488386 0.10636741977914554 0.008361456493336125 0.05 2.0050279318048454 238.7557736483845 -684.3779484892643 -269.8412235694484
226.5024605762147 25.809467334756295 0.02173264276048137 0.010283582881577573 0.05 24.949622836564075 485.4548130106365 -89.10726543462602 223.45241586168626
214.73674873467152 5.641980206916685 0.05363879295610219 -0.0912166400487406 0.05 5.02432921458454 560.1975858719823 -604.072202101787 122.13069672400368
341.5697845440427 -56.10495616158051 0.07260857185362113 -0.07770276827122073 0.05 67.50364672125762 136.15283905726687 -491.6123026113554 -126.87892947226564
283.3073681774665 4.918072819219487 0.09252777320890315 -0.027440791269795657 0.05 3.709601835257795 382.98307887806936 -139.36948962172 394.9842061808931
277.23334572377877 33.36221505955892 0.08867850146840106 -0.09551262887354514 0.05 13.255082972545884 -60.97176552656566 -234.27186358127165 239.09153964359407
320.98295325508224 -55.08668591123343 0.11270763514242543 0.06606788574439672 0.05 12.391681821279098 116.47908408774883 -470.40520095053023 -341.69734157900416
312.5639818701704 -16.21784648221456 0.06600300817014126 -0.007241879435305415 0.05 18.07042484803764 200.57195522939168 -461.3539141971305 -130.83961783917835
189.68443615897124 -34.0075104604646 0.11326043936620844 0.047947949333350115 0.05 19.4125570001093 247.95151615476348 -631.6927746619501 -81.69746279604283
96.82719678286075 -28.52459516299053 0.03527271260664344 0.049029886199797645 0.05 80.46687209327393 219.8317200391096 -577.2653278773081 -96.25725137663684
59.91469551750431 -55.666703024869314 0.10785334742384367 0.0391142639624552 0.05 4.359640547610419 329.35800961916516 -156.77011137786766 278.5801399250143
62.79575398913836 -46.3485308100083 0.07082410305450981 0.0026372513473305456 0.05 3.199912598333702 261.96193136191397 -336.059323599781 169.5337517496511
132.2856302939144 -20.70602774323908 0.0679339140205677 -0.010537597335654611 0.05 2.9300840528371133 -178.59390424872453 -460.7600487164699 92.5544275758635
30.47378154077023 56.6400912530968 0.10393102293575707 0.04153020632732998 0.05 13.530386456500397 322.04108181947936 -266.2119253420699 36.14833172313658
307.3763043061894 72.03175707828748 0.07815569595287442 0.008320551335340796 0.05 52.24862446609745 365.89126842593566 -182.3089793581028 315.99892693135325
276.785571774952 -69.38968864052877 0.08449734241250684 -0.06380635042525018 0.05 20.166980514635156 121.28948242274258 194.6065000466594 339.5135352542916
145.56450119491382 -6.5724246222450695 0.09399752784295856 -0.047171123751374486 0.05 40.58331223261627 601.9242716210567 -271.9277634583225 -146.26572438015322
357.1099835673298 -4.34817848220675 0.04139442746191957 0.003799297224453201 0.05 4.988192399172359 458.06529658783074 -479.94901389737345 27.749070503367804
101.45852376070543 -3.7273736217054676 0.10741488786087672 0.00881072063760608 0.05 33.53167471488966 223.05099550095503 -554.178222760147 -102.71069769593339
102.86384357594962 85.93987315785081 0.07778836410794487 -0.013366145044125421 0.05 13.675097576408199 -79.15714946297902 -514.2634443259142 439.12646701098583
159.65632316896375 -3.856785250217383 0.10906099748650622 -0.015188908071500924 0.05 29.66446617369757 285.23068172794694 -414.30968568956433 22.874587952007264
106.6420957633789 69.93708179584692 0.03210019926566199 -0.07567069768413058 0.05 16.643990704225327 652.8173418546478 -274.40852098628255 -161.93555261181424
107.47851926836904 -11.488081194883263 0.0750354851336168 0.024253724471586115 0.05 34.29213447230443 -7.693539546546987 -244.47387169964298 437.699272503576
249.15412895574465 61.47633055132214 0.050353571686028165 0.05654300406171688 0.05 36.581107018216514 338.9764695277065 2.415658582367257 -48.79516224330739
300.4399962357063 53.99404471779079 0.06060026113224137 -0.10178020311003103 0.05 34.56935947296096 -4.0418738842278685 -311.04853218871887 132.23854204629055
194.8075193955086 1.7629431791829746 0.08820993018030188 -0.0526197843270294 0.05 16.80203039877747 312.2667864979533 -247.58650214554882 193.8886702287624
203.90924663838942 41.49040857143501 0.02257825267449265 -0.049574158635859775 0.05 10.132973480204294 128.1020619779455 -205.71415406368996 -65.81057299911939
351.9908570097403 46.3426215972609 0.07435835844642291 -0.05266336245397733 0.05 7.326240769894497 196.39833682723162 -31.736973632513525 209.0401121351629
258.5373917440735 40.658484813962986 0.048515753711198206 -0.00644130056512383 0.05 42.519627347574904 188.92401835237118 -328.41857596148975 167.63704529275873
33.29059102591892 55.70274570986942 0.038493064653317255 0.002350084065654688 0.05 34.77490185090126 477.9971075483442 -176.95084254349615 22.840794705061136
32.86580369694554 -13.7863097532658 0.08561343202238603 -0.05801468188918877 0.05 33.36618488850911 96.2334252205035 -423.18335007153394 323.24474410925916
318.18055739288957 -29.4373744963415 0.060313985090459044 -0.0015355921461040947 0.05 17.170431359418146 249.49706311637667 -491.35995404845994 -1.3116911552521344
78.48764138681727 -12.696223625211559 0.0830390877285625 -0.0159912308224633 0.05 34.325009004256714 -47.750060176572674 -540.2825291454569 -78.30252499015043
159.1238086894484 22.975729920354066 0.06765213685016258 -0.004854099894866277 0.05 24.457592806435034 244.1579309164349 -405.28049021131966 -121.88077330289136
296.4797571416223 -0.29137716687322796 0.07967685619787401 -0.0026259768547686147 0.05 21.44437898456341 -53.11106228167128 -399.1652016144868 89.68675456977553
173.2591562163807 -56.83037855681627 0.0429991851961431 0.07479382655327627 0.05 5.836156045642534 -176.64888779044327 83.21636235592393 92.24133361916375
144.58683446667303 27.94487839772056 0.06218095331520246 -0.04523268130188748 0.05 7.372726163729133 37.63009818665083 -199.88069352325599 -117.78454899634986
158.24542156624597 35.93133308038153 0.1052347502649611 -0.028862723457853637 0.05 20.54176492960317 -57.993793727870695 128.0057164030356 -74.26428671028074
40.132002977677175 -21.443297555060422 0.09088324331772313 0.009264194039935452 0.05 6.772675983338246 517.3533270724803 -65.06591704303116 277.8441217329359
164.69207586079827 -33.47400565242156 0.04408098197120536 0.03297322361646336 0.05 5.39392772929446 281.8469320668503 -119.16956657418388 -50.504704898365645
69.63953569820069 -68.92888331276345 0.057232660125392965 -0.05489354310151491 0.05 21.72010364157416 202.9755946770198 -208.25771278388865 237.3547001250392
38.20390417849729 83.71449638816473 0.037625459936346584 0.014424517653490756 0.05 25.15089479744369 307.127531338069 -549.3588049341531 -129.7880998053305
109.95256664691306 -78.07981661733974 0.050436315785530095 -0.0139975898570131 0.05 12.019052404074095 250.40121074933506 -718.4229237486992 200.51564717383158
13.071953976262366 2.424416987085964 0.029572382224088978 0.020520238299730313 0.05 2.6286712433903476 53.25534930231518 -434.6265157210928 146.26739824929734
21.301364440791183 -5.980602573932901 0.06884660861101088 0.09763989561885628 0.05 22.6846810421642 169.66005089158566 314.0942455568071 119.17532498991031
126.48502759194962 5.064684674084206 0.08605773106460135 -0.11624995583650612 0.05 27.73337505130386 -112.01587980138743 -213.5725363555806 101.88920228966529
98.38614761527215 -9.839588069118054 0.045574464202934095 -0.009954959891568407 0.05 6.8303259773468055 518.1947542622855 -204.34666242722355 285.72068727188315
18.59488172909085 -65.32333800217724 0.05643493712491621 -0.058826258076244003 0.05 44.6401808838681 243.02254125037882 -331.9903164629664 206.23797752298012
186.18959114453037 42.40128647464095 0.07098946894175229 -0.029419135680067727 0.05 19.841800757024227 -348.7383218666729 -56.6623284185564 174.66704920641413
214.80347173511086 -47.0486337394077 0.055788636876522135 -0.019421657052703437 0.05 8.978158139012544 -153.48459955323034 -335.00203250992683 -56.54607557508949
271.0528058476038 17.92746275121804 0.05202406808855886 0.00041157522452023093 0.05 8.200441657771597 227.8766182616984 127.82796070167421 21.045860442743713
207.49943848149212 -17.88953744037768 0.09115615571961011 0.013159214411227364 0.05 7.53571845308904 96.4899379088499 -475.30380320064376 -92.95304834876683
222.21657731261115 72.92748795313653 0.08881245128792448 -0.015885161173242145 0.05 15.63536662540783 395.77360200694966 -349.9364394423425 74.85178750256601
333.6254147986061 84.74175475623751 0.07221823285214635 -0.00654526146086897 0.05 19.887827668340723 425.59882013545007 -531.3553278560018 494.2635404777704
243.6106895269156 -26.027096477644143 0.09523734999073485 0.04674417237057181 0.05 6.222418858505483 317.4475667378209 -591.5066735692099 -141.73352147991284
66.06510904617089 11.439301423810885 0.048180562415971906 -0.027569843397517578 0.05 32.39449423728503 -32.95580976618356 -509.02424942850075 5.763444184869563
285.0677400089295 -64.66015877082634 0.02642695081993285 0.03440268427403573 0.05 0.6221022785208867 112.63903948731368 -430.41962542357794 288.4040096072905
181.16104998960827 -24.05875420005754 0.06782523475368651 0.09099525627613124 0.05 72.86745064709952 337.0910491897932 -327.00518775921324 31.562241666209104
333.26293625791726 64.8998110516587 0.10472492781057308 -0.009309947537018241 0.05 22.521248889546577 74.43004561911772 -481.9736314715509 41.809282388128786
76.32427966615231 20.84841292886331 0.07679481482531925 0.015119789128467221 0.05 31.109489553074223 297.6456600310702 -398.56875577130313 428.2591099811542
99.68633411466419 -1.1954146587469225 0.071416843259412 0.06427968408143542 0.05 16.07304746988841 94.38254273541615 252.15464569734263 105.14612041894891
75.35989686048619 36.72590531842433 0.09188550534092199 0.026905477750339066 0.05 5.17893553910335 109.02725302484386 -190.78813551469608 -119.41637854556194
216.61734663930096 -53.80877476187851 0.07411355486769455 0.011495227912620563 0.05 44.72301557279485 6.391919999344594 -212.4149210690265 390.1793358930532
117.02470931528191 8.489276983285938 0.09414977576153416 -0.012834446809912699 0.05 13.161141564879303 346.13462014295317 -151.17697773295566 -71.12195570752311
237.46748529843384 -49.855872379407124 0.10895470722667944 0.04435970409133767 0.05 15.982820075098779 -176.15236748235304 -33.984093636731245 284.49840686967997
196.72794924911335 10.950879271330997 0.10757158614596185 -0.035791014323522385 0.05 12.14341053278835 28.46380933628143 -100.2005328501952 302.6711743333826
234.83898375254023 -67.42511551313865 0.05133265699842693 0.004820342646296084 0.05 30.686300592190765 -83.65753802858296 -57.35431142977686 231.27805360040495
10.073131327382365 11.442398673415063 0.06637576373846299 0.021568396210077785 0.05 13.27573280766365 -99.58474036400725 -381.7112588101216 410.68977230011865
273.5370574570796 71.75067676058717 0.029016271690933904 0.021607594644617874 0.05 18.242322882995094 -211.26423373085277 -171.45191920958453 153.65063914191907
206.82296235881947 -73.19899775298 0.10781068851592557 0.03803407282638464 0.05 42.79670594857208 454.3902606645959 -553.639744667786 -139.12129288226836
170.9425745077737 -39.231023152523974 0.09227983593607259 -0.01602713529492679 0.05 14.558715511099184 209.42206677570752 -392.802282362083 96.73534308305616
335.57620252305986 58.915474024250386 0.06629091026644063 0.01020653622159198 0.05 18.43907635580929 349.7089976861897 -587.6858193458056 78.97634544300195
41.54505167277473 -5.4807298893003695 0.07593340712239072 0.1232788345438194 0.05 10.800528460634732 29.090046700106257 -461.21065699813437 -299.8792133136015
87.58059852700494 36.56687557478932 0.09729412521787362 -0.009786231894941873 0.05 36.90620697956161 349.4031266891726 -351.887876430476 113.69852054792617
131.15572229416136 -28.433808111293615 0.07504990934679401 -0.008741029484749568 0.05 25.533345492015826 100.66614743742629 -192.3652109335074 258.0144460969837
84.99839857422275 7.783012659185185 0.05313764967751555 -0.001497212294121317 0.05 20.162624618748264 530.6478866145843 361.3204248907865 -133.1229077174274
127.24581817078086 11.942456124740325 0.08909714021829451 0.04292991642825044 0.05 5.843476962807254 367.0856043543463 -864.1922767791149 -152.0318031814491
161.55451118462713 -11.647822127757703 0.08415778487104952 -0.04369257966659698 0.05 17.5462195391042 85.29448064889473 -415.11398649491474 102.29088470920738
139.444707018353 -41.78800019423665 0.031198327845019413 -0.11389572751240731 0.05 6.135324097451629 21.356329246229564 -422.9666079866424 148.56598194218978
127.37272324022818 -16.627233727979075 0.09019988603720619 -0.07151440231535773 0.05 7.238614484239039 304.3018191028267 -400.36626675246816 136.012987262188
76.85346595577963 -11.37425482260072 0.05377915112850684 0.042458748125908566 0.05 49.45175586190991 174.07429011540626 -525.3256520115289 196.82217742732536
65.33737441845521 -64.63555436257957 0.05952142459215204 0.011932939062512724 0.05 13.505591497023754 178.7831457638573 -147.64807499457783 -274.90291382860244
192.33932484175799 64.52872660106469 0.06578928257496108 0.036249018903136414 0.05 3.780990133971223 -123.74284806764854 -110.55355285854807 43.51132258847988
126.52222077104935 -63.186281598572286 0.0807544914756646 0.05325134841184222 0.05 57.35080511856177 596.5919743445653 -103.7044731263878 -87.76387420025685
83.08812842398657 -51.593718991277555 0.02494889518575638 -0.052224750349363795 0.05 66.87972900074493 241.7042843888284 -352.13939308357055 393.9178889272191
177.72864266497498 -43.03307442813273 0.03489878398488466 0.01831428631396577 0.05 19.432157970135492 330.0003715823301 -431.34567486315564 38.97946760743883
4.310770224131121 22.755357030640628 0.04716488018912979 -0.009741841058420787 0.05 14.540891330565811 259.3413477321918 -339.8857549270334 -593.2661096649923
35.49795621639511 -12.771859328145997 0.0902740572920111 0.03263133388249525 0.05 4.875127136382998 79.53154830809976 -184.9089048330207 85.21201318714367
6.8292252280146695 38.17840283455021 0.08359551880594851 -0.02466652159326909 0.05 24.74726614354916 40.86261245131013 -676.1406969110733 201.17835260718385
76.87103820628244 -17.206072610039133 0.11058623988236915 -0.01498086993996725 0.05 1.501675903834557 216.45141029402583 -407.12633048613066 -158.44844409906992
103.15245089853296 7.7237975349642785 0.06673196465439335 0.012923461964707438 0.05 40.45654211687906 88.58073781663435 -453.41632770203347 363.9311651980741
47.30157683482854 -59.69174420022349 0.10571334281789158 -0.05700724510962585 0.05 25.16983934740591 223.46536998495029 -347.7822446101045 -98.5629493869206
177.16262054709267 -32.434292691196326 0.04366112864558569 0.11459215695644326 0.05 38.63505988588792 327.25823642111664 -139.02683791460368 -30.141201861782406
134.3772721381507 -79.16022997409188 0.07014174342762347 0.00765407888011485 0.05 5.4639883771092395 152.52681792950463 -215.9567072678489 -100.30053058431093
257.31784811441224 -59.527095433204394 0.03842737201747615 0.012030248248789439 0.05 8.384286246721548 69.33513057541217 171.9137877560538 253.44496406039997
189.93200260306918 3.255084601604952 0.10602562319679709 -0.027242726765162272 0.05 38.745996539757606 251.56908327107254 -411.49063872857863 105.54735568922345
133.76000921586746 -14.999947771841297 0.08614666277759597 0.008431861744999512 0.05 16.779744735013157 269.4669680632098 -128.7605744190525 -25.94920403686642
284.37061333791917 32.13094465555376 0.04174212963725665 -0.05044161655447377 0.05 8.572546977414934 51.32907393305695 -388.3061038110415 -58.147207845039375
193.6840034518697 24.44296585798736 0.06405822178310094 -0.0024740927124443602 0.05 50.22082730028041 308.5545596040323 -342.1566677964628 168.89363386477646
68.00955374833352 -13.589912590557642 0.05559483316282021 -0.09784587503356171 0.05 8.447938550277884 237.92636724509143 -109.34936558817091 -159.69922648559626
152.54479404721621 -6.9247812664929835 0.015279281455226501 -0.10550816876458341 0.05 19.222234148790534 396.2238360372577 -479.1333665023669 -358.5483691990497
244.19561048470186 54.58516270247969 0.10662516052109261 -0.03846267767300276 0.05 24.433196680950594 103.165691294724 -106.62848943974697 -36.20974372566921
107.05510258232972 49.50122294305477 0.1109602774743681 0.02672377987573956 0.05 7.679498247255271 350.88228553876934 -184.84843490382787 47.57413140076275
305.93001480736194 81.46271689896653 0.0836827507881297 -0.00781913101249778 0.05 12.0393126483627 100.10533299416757 -244.54678129388827 125.83631194506457
333.33502585708476 18.460021115307033 0.05558478909176379 -0.0006949174847100982 0.05 14.684847236895958 576.9429307235926 96.39245947996409 57.96397753907002
46.265917954226616 47.14199197254601 0.048923739043248204 -0.002673244828380895 0.05 16.974108504266514 194.60334611263156 5.909550751961376 -67.43663870803623
256.88368084345916 17.655874408097336 0.04159219874768283 0.022683624952147118 0.05 21.782224355628706 228.2026976348783 -143.4664743388314 -25.033010677580464
314.17589793772464 23.97461121707247 0.05906951385136483 -0.0034882123193773693 0.05 11.575784501562033 234.4564715730764 -466.59052457628377 27.471252057775853
329.1021159224923 24.05729229286859 0.1057734945320763 -0.0819477122121734 0.05 17.692161253520222 272.94031107684026 -621.5096107215502 299.446256152253
38.22761192651056 43.04796525867294 0.0339765581807554 0.07102062737623707 0.05 6.3471485262403435 217.2673791640807 -399.28916578931296 70.04966230380874
194.26606160677693 6.345480892555649 0.06576037056016593 -0.07274545859783431 0.05 30.717483340556825 -72.5869882136335 -434.91422719314676 102.6199254218279
334.2208140101368 5.547560562362819 0.051487226143362985 0.013580016697217166 0.05 16.424053629062314 172.4606596167677 -348.1436245457625 99.82217883027683
71.5732308316837 -55.01426135921046 0.05377024890320259 0.05560748162171159 0.05 2.60430677887203 515.9210214462852 -372.00326385956504 -26.14313536434625
317.00524334283983 42.823856186940624 0.04296046142171983 -0.03740590736510527 0.05 25.373799559448756 -107.08588939710211 -244.14372095082769 90.80349589798759
15.537046376670256 30.487312674601185 0.05849002483269272 0.00408224568354024 0.05 8.618672182527 389.50348401184397 -257.1171099075418 11.339564107920438
143.52284555733237 44.63942858877724 0.09907890354110016 -0.07290419676127434 0.05 2.9608141127884795 -164.92854657061235 -347.81918312440746 -12.476744652856489
326.3806507857439 -8.578482264194015 0.07990303517502095 0.01889210803144333 0.05 9.014323507364143 234.3738398784559 -33.43223582872605 175.89010382865848
48.486442906349374 68.83553790011014 0.056135463885016 -0.032200045885010464 0.05 19.507667216907226 292.5856108661104 -480.37870018653075 17.68600109148626
86.85902407788137 59.46753285721318 0.07271131885522597 -0.02562509136267839 0.05 12.204073794559607 437.87044059550846 -361.05360265194696 286.2199163293169
222.26512797872516 38.756266346104255 0.0630281847137768 -0.054360481005146455 0.05 39.49906285080255 327.01602197311144 -488.33711745126516 134.68568412472771
47.22353003900129 46.6727017848615 0.06615210678355221 -0.06303591168086008 0.05 4.883094354590569 227.73657624437948 -532.4361019204123 223.34770331692528
172.551688273271 11.72929558024023 0.016330751533748078 -0.10475704581063727 0.05 6.190036008438492 282.575104120087 -355.3898365269361 -185.24217598229401
5.2297200187339685 18.885582701522704 0.10919468598811433 -0.030091481792105412 0.05 40.53331760756737 275.7183175641528 -43.069664884330564 221.8408869047726
114.19832866373514 -33.56260755248996 0.10795734321261463 0.05299139924559913 0.05 21.258766814466384 547.5115797352245 -285.4371182636651 -175.71599519491693
208.36817362899504 5.694164131775883 0.10784046840263706 0.11039794487016298 0.05 2.1119946301428545 3.0069540932817915 -188.70940129144844 3.5281698224122167
245.418806553382 -27.754749252553214 0.06547762383149713 -0.0048310539481161326 0.05 6.9845260165807925 223.91932726581922 -177.79572799145566 31.660336592442256
227.26921996788693 73.27819800584304 0.06020250980018438 0.052246934643619666 0.05 31.651456303568146 54.44976531375667 -245.493389094684 322.28536377497517
271.34421349019425 -7.620785078742025 0.0522420219573454 0.0315641517255834 0.05 19.359561773433217 164.35175206208982 -286.80720817906484 -71.32033707215363
267.1300306698912 19.24727282849021 0.10346829362253929 -0.03173439263453917 0.05 19.179787346587773 169.1065845918039 -164.76275139670793 -6.827306133536915
194.78981136410917 13.23712270417672 0.05189091912402488 -0.0067229731308056425 0.05 12.452321119402756 292.1246111692666 -447.1701815090363 577.8439733090406
164.21757517332466 -57.012049209984376 0.0961290550232834 -0.0374087319050995 0.05 16.27056936530665 602.1815430511738 197.0285185293709 236.98449815779378
164.87777340389107 5.43548641490702 0.06445888766502406 -0.0324951015009467 0.05 41.854801595566876 741.6904457499918 -316.88145199679894 -21.987315554005164
200.90810355858068 6.296947194971523 0.06713166576723006 0.01407231224197889 0.05 13.448165379582903 -299.8295332490367 -204.64280163131437 -104.78718613713616
134.20685045576698 3.3419844092347133 0.04458064827590014 -0.03619886357364397 0.05 3.7185894734053173 228.6067143739745 -161.24355440400277 -125.41363726620554
354.3259089445347 4.531008271663728 0.038611397882057696 0.007109927617210495 0.05 13.325100341908087 204.3325968456041 -582.7699371898048 -57.94585889630197
297.36356390509525 -33.40176382785253 0.10753430748035497 -0.005324910601108496 0.05 20.713506273979146 348.6903926817138 -89.20033683625809 -134.46504769489795
256.1311534411849 -19.317314407920883 0.08382777476955527 0.031586444782870114 0.05 8.594646352959083 277.4014590736766 -319.2489530472527 -209.81322411598444
107.64721682651333 -13.522534606607444 0.07502518011595449 -0.0047766056262199385 0.05 5.8374487416321745 34.65980227235073 -11.684666155561956 -296.21908391064767
71.4977667737487 12.183363704613601 0.057924981674394305 0.03403114701421522 0.05 42.50882186877509 175.13149169683146 -345.17560675654585 243.19245000943684
105.13667642150911 59.77892760507229 0.09822876530461055 -0.006758316047910592 0.05 12.922137828001176 -118.68612142609174 -44.49173022723477 355.5969072307707
26.738080949035787 -34.26845677444831 0.0211276007978638 -0.02395513360584551 0.05 19.918117247483295 -47.78609867994862 -314.4171385415442 392.79169928548947
76.78481234755094 8.521829188884114 0.04155358666456044 -0.0382540010533195 0.05 30.687473175277407 123.27473395089005 -314.99226599988344 -196.68713693268495
97.38496531213812 4.2579763777383395 0.05036847497901986 0.005030486977028717 0.05 8.315826104908439 271.3265449309629 -128.05663761464928 -1.3461354055524524
334.357633654511 -3.507095310686224 0.10788021011604254 -0.01674133470841549 0.05 15.210290358585192 82.1350168648676 -288.63829401455337 -54.591204125600484
269.83688011095376 -30.42039067641588 0.06496583105851772 -0.030651306610396917 0.05 2.752236871296339 489.8999491012383 -156.36534277073036 201.7920229731377
203.828405096027 -17.979069395331233 0.11136177464096142 0.014636697870813037 0.05 10.256014819972679 199.42522071632058 -264.8689077077845 -79.22290888919878
263.3639918708941 65.25178858887715 0.10849139437613076 -0.03743106548013883 0.05 6.292115132530655 25.64295681089635 -581.877392720866 -190.37300619550578
188.20011829381764 15.485068077740026 0.10144327482967275 -0.026046540547732516 0.05 5.4211853704842525 387.74326527958453 -503.51879398371887 177.6629580694513
106.27439700187344 -8.921257997136372 0.09115371720981358 0.022889156586193074 0.05 19.82732400469946 149.12780823445897 -538.2266344289169 86.50585538516073
20.66894901501864 1.3728562998722325 0.10401711930785784 -0.017513243136240086 0.05 2.6207431784959807 262.7632868905713 -290.1988342342306 14.313813938215652
119.97685743348943 11.31865150880115 0.0521876643662218 -0.11867338639999961 0.05 2.3297063179317683 187.32674846015166 -660.3647468353392 120.34950659466065
261.04641457196817 23.39311027851701 0.10750141577154149 0.008429082022534319 0.05 23.574756848547793 284.95194621832803 -133.80921596104815 141.38736378175543
127.85013040462673 -17.48157967242298 0.06523468598079596 -0.00556539162049819 0.05 3.458539079644748 197.11252407326856 -307.7833760127218 113.15234739524978
347.0579486090657 46.13821422811953 0.0918571299446358 -0.056485666384001126 0.05 7.175720659673366 83.71742820727962 -68.38794864404628 184.53888343289918
214.4063323611128 10.4608113263686 0.09914267180608749 0.027963574029914333 0.05 18.708874022387654 274.8733846094658 -214.76079657840287 84.93800576921494
14.848645579550913 -0.8592519609594552 0.06017131674677367 -0.012646290657625814 0.05 4.185309027289429 39.77814850905651 218.82510970268947 310.43255090101906
291.55794172079214 -32.485088408893695 0.07598883960153935 0.06902953147881719 0.05 20.085320524217337 373.0029108273402 -155.74817830307782 -36.62298510154358
28.7318359460127 79.11776110102585 0.0986551175906265 -0.023016716183787173 0.05 1.5273862104155396 610.5755820474756 -306.0396843645949 157.65208706642053
3.0475932332937994 49.02754801597557 0.05064090393694842 0.026917658314691558 0.05 1.9114129839390772 181.38491994353524 -311.61784411846645 185.31247918419632
350.9396916699444 -54.130151318167655 0.028831829879414128 0.07938541150893473 0.05 15.18851113230956 368.30511149014137 -77.66221357599159 26.72338511013956
322.09867708468335 56.839627845225166 0.07634228588563197 -0.044662694663494436 0.05 7.199800394541391 300.14857459336724 -261.40574782027875 346.2639857132166
353.2936949113365 17.712924777840357 0.09688608290094858 0.04243453326092129 0.05 14.587150288689658 -15.70869395906422 -99.98637322695694 74.79788094832105
14.757805552793876 -49.9202042106815 0.058545323686217676 -0.07883326779299905 0.05 9.77523133510655 149.21074934525527 -706.0621322829745 -324.078323867616
42.685498961641294 -31.817436348215907 0.07254084539794836 0.022392859849031645 0.05 19.45759543698486 233.69899633801828 -29.423823202529434 -20.359063439021867
97.43888154806908 8.731949159401184 0.07596745465201282 -0.04927712996349606 0.05 1.6745537246927562 336.9329401753399 -175.40340040180558 264.1374890650376
113.81040128296648 4.212282051117405 0.04079570394799781 -0.04777527012277481 0.05 1.7575837593635282 193.44188394832747 -388.3070512842998 -102.93175047350476
64.30441381763379 -21.362006406582502 0.09873189839878616 -0.009209805024083837 0.05 11.032427816042597 650.8774218776165 -421.8581963965619 337.7167131121338
19.682670965449027 -17.537277413365757 0.08302116115365532 0.01353456333345371 0.05 10.710957017149717 276.22460988017417 112.72370777889284 98.80529107971176
313.4808641449115 38.16448202641479 0.07138067053124986 -0.03787478687675816 0.05 18.1526954643749 675.3338805447763 -595.1061021457662 47.0317432483852
254.7232047140086 -6.2161230943711745 0.1113116367350171 -0.0265309932236398 0.05 12.953744010912075 5.365567753797933 -481.69065725493357 -26.293640680741575
251.10733876634666 1.8563527097553378 0.02530044400178677 0.05556521547656526 0.05 22.74547160383285 200.97881511219393 -190.55751988896714 122.37452049918993
83.02791515549849 62.24085934005526 0.09159405564765577 0.06805778107383945 0.05 3.800628975399316 262.24380555023544 -346.03377851300877 -379.90127721630154
271.8146205721051 42.163082855971034 0.037046148495784026 0.07055553573048655 0.05 29.584393542287916 -230.94286897637454 -331.9949948890894 28.316773243635062
0.06430097157601906 -14.97490488041808 0.09575235330446419 0.03609755344889631 0.05 53.71806618249411 12.390643307258983 -451.2054995831644 59.8154004402406
199.1840350129401 -2.5961771607179545 0.07291177096068235 -0.017314108237722437 0.05 8.726324198547777 6.442321090022801 -228.03483804285605 -101.24339243180961
345.8151980320428 0.5440061557260919 0.06591400478901877 0.049785989295640626 0.05 1.217365223724166 641.6084121012125 -261.113026391123 -164.5379832590416
291.36175223199854 -14.201762314900582 0.031551046639416436 0.05949023683027715 0.05 1.9739078336140021 187.04153844722168 -455.95653910802054 445.28206312013145
307.4554317624866 8.605145345863868 0.066076378743678 0.0016391608535266345 0.05 21.476064841151228 233.79245666398702 -199.83368054143796 64.01977132927811
157.34920623824522 -28.402813161118164 0.09724173916209278 -0.07980504014264794 0.05 13.53584111381505 -63.93681908446456 -370.7679435001455 326.9588170644936
340.38295440922997 -15.596313506068945 0.02222194541677247 0.04117294281978771 0.05 6.788907063477889 596.0293530638884 -148.70714495951532 111.75917469779785
79.79266980051884 -5.21595966345518 0.06618540811266649 -0.09951084823057224 0.05 12.287476396866749 64.01449067175912 -103.90206784739607 239.65880339005759
29.760513001887908 -12.805228550259102 0.08177879631005203 0.022646602988449692 0.05 5.9342002092754775 250.39562739984393 -221.540031695174 -184.46174034571126
21.533484105631555 -17.85418417876908 0.07572519546363465 0.052626029157333436 0.05 14.36466921819362 315.31336624971505 -321.28041413717597 279.01223117231007
291.31758278149255 45.81715020794839 0.06943299393014213 0.006328215069199494 0.05 17.06242122095567 47.64281531628876 -334.0453804813739 189.61917872084624
86.23357783948394 40.27932045236538 0.09150311404805112 0.07392949566407182 0.05 37.03807037673649 150.8801217292032 -361.3813458156958 -120.02666922206174
101.07807254006252 25.361372541733154 0.08634755450359832 0.06602236602115127 0.05 13.022590596044482 -29.724751074065864 -292.85857872671045 94.36059943633144
16.94566900409102 14.859334822470618 0.07376300425277438 0.005628746925141956 0.05 2.851952157622859 267.4151712007532 -275.18092319899046 -195.29859660472212
351.48350717212156 70.36004353077027 0.08356696283067411 -0.10110922689796858 0.05 11.775187079169012 213.7711662497511 -7.568710989613692 -208.76715109394274
327.45594129958687 -19.066517399189838 0.014894406058752363 -0.020477838214227252 0.05 11.451370453126865 347.42880140883665 -367.83960297556484 107.51355458679657
63.90055794158696 -48.3016702243617 0.08648501106489248 -0.0014465965721674543 0.05 4.984707352300162 396.5030162902724 -608.6364648670188 -221.49332139467555
18.769535295135768 -11.426910704882381 0.10169401090724417 0.005995187898938083 0.05 21.74509374251826 -122.03469125985185 -211.74209741003546 92.47062614445076
34.22115135692398 18.0601142480434 0.04361866882314791 -0.036003464383089524 0.05 12.080006515590993 217.88789053818834 -543.9956556512661 30.450040031964125
90.41002434578228 22.48648337290403 0.08656091173891634 -0.09642516520607389 0.05 2.5670299077626635 298.995914233489 -404.82168349081985 166.8756286715183
57.08016529894322 9.548715798363943 0.03420334315978768 0.06707562861499622 0.05 23.892002414347544 658.3621864133111 -463.2471086227344 230.6167356122069
142.34137392069684 -1.9863535750400296 0.05221767194490612 -0.08383089612922466 0.05 54.18414565925095 297.9666168480568 -473.5893486918599 -276.0072123862442
176.47871268652722 9.629007116543422 0.08703564895308147 -0.030842584612411985 0.05 23.757169491324234 25.64410972783554 -164.05327289661048 -40.66092581340516
164.9606280004884 23.619588321488628 0.11172382024219973 0.014873808540283032 0.05 2.7820503082150387 527.9802886871043 -236.58264417906548 76.5924019468156
292.5117921144209 37.379707053793844 0.03715212713267846 0.03022275040627068 0.05 32.36620830084356 97.61813156581391 -491.1280630826542 -111.77650904292645
341.1315681585363 64.77235508612044 0.05993644080809446 0.009877578070365847 0.05 14.154134169381322 428.08027903085974 -406.89299860492 162.74658989060998
26.50738820210441 3.820384902508728 0.09609577892611121 0.05925681916582268 0.05 4.661869626984295 282.8459343360515 -450.0790071327856 108.87926405287953
80.21797706193365 26.760338590519382 0.057603911120920115 -0.02640962829893316 0.05 4.149491201189755 96.00580383019641 -213.09008269832606 265.1304359318425
290.5008721930525 -34.780673153971065 0.0950017894198143 -0.001033244503010334 0.05 16.754498591292663 367.42093335618006 -520.4888233503024 -217.23082501510515
4.100577497268861 -71.36472533276259 0.07433802383642707 -0.025578062290439636 0.05 24.33878283984626 254.3914202954481 -55.444159460798716 -16.378552017729646
322.70605594604865 72.43906427799074 0.03799934640242841 0.08902168695870658 0.05 11.016294025362033 418.00319983135813 -300.7416160192193 30.999246550364717
298.43052151887605 -8.006464817129155 0.05651590474443724 0.03855677242087636 0.05 57.06815033787504 88.26456742544605 -91.82472969211446 -0.22635817696977512
28.38458194540841 -4.147629871148915 0.07589827551722039 -0.010463134547035128 0.05 5.003548373995041 160.81767947228658 -127.80343207468155 283.42642801514387
125.9651106054663 -36.00861770075084 0.02633179198094804 -0.12919059825210635 0.05 39.623549553458055 263.18188068893096 -699.5539527171962 305.67581224245384
251.52249474013362 5.948807333684155 0.09816761734468038 0.11733350152125081 0.05 3.6471560632475897 544.664438749157 -72.09933841189283 195.38419753980304
31.501648988718216 74.12026820521847 0.04210222048834966 -0.04798626891340256 0.05 14.29070653841111 201.4767534378609 -160.92918479359776 329.82530348547004
149.67492947280562 -5.329160646114705 0.03374410185190513 -0.10812475709565181 0.05 6.789465791588725 396.8793745018129 -733.7055215946973 -239.47747087010526
162.57260362322128 20.428820234008786 0.04781084676162295 -0.09006910285915423 0.05 10.811567236289727 113.50317919423293 -308.11968710774386 -352.3471833563515
3.7041762076033757 20.68780176070656 0.10003398642306616 -0.0856910851861636 0.05 16.28667411262452 39.31664453661358 -36.924816365333186 182.54345061160933
103.75435569144979 4.166836405503742 0.0698484758434883 -0.02612959576581346 0.05 13.698195365570832 232.06147964623065 -521.3594363182241 -88.35867475648195
270.4776057367426 -60.95498828290718 0.049064715384983915 0.034595760326140104 0.05 18.15778278752764 77.3484429110974 -187.6924147546522 -57.46928222528078
255.6510837601945 72.22126990938783 0.07513981935950609 -0.10028395307197394 0.05 1.4316082807954722 29.2640472919106 -478.06651860035527 129.81256770850382
188.59038957972442 30.453578829359802 0.06465152038704813 0.027625428236277366 0.05 19.39413557438981 78.52136841745872 12.582540541179355 81.63422676442181
101.41405743496041 55.98724272973934 0.08574846709799666 -0.07594011795252026 0.05 10.591163668369951 67.33476259599593 -175.6464891647966 53.49276862958845
58.52380813053317 -12.282006122833929 0.09831454885022439 0.07243037232459039 0.05 39.502189091168724 -55.56614467583904 -409.23666940858686 87.93689119531189
71.42489643804346 31.10421463041515 0.03899592478739122 0.029050176868092685 0.05 0.6139618870785051 610.3731056125362 -556.849599929372 -116.83046887903336
350.17232432607267 -30.968480535409615 0.0930904128072878 0.01748816030376336 0.05 24.3749498613515 -318.58260249812463 -478.48496590951754 324.6486267822264
42.63930949893813 32.31183948780593 0.10304973431741016 -0.04229412716288485 0.05 7.472393949744711 -199.935878280549 -526.2313638188485 167.96928773768565
73.23659718001656 -55.529441940898714 0.09623453417173278 0.09028307461697713 0.05 19.896218192928576 -57.92387429133271 -9.572717434558854 -52.95179269704526
80.70878339840213 -1.463257647036526 0.04647385064936138 -0.03307809896342396 0.05 5.317074398861747 574.7461284722209 196.3387155561481 58.02679884417325
262.10462444526 52.43735875367674 0.0998906314810537 -0.0086949783094734 0.05 5.073720843425389 -182.28265603776907 -247.53619824744484 -9.791030634264288
41.73954646932946 -17.9051584379352 0.09396851598080636 0.054057276813760956 0.05 17.583249214676737 371.57822048300994 96.64580347236887 -123.48743711395733
334.2523439787264 73.38164855619046 0.09988810684121141 -0.022931319756575037 0.05 0.6552928474547423 102.43425742704012 -243.39457793902366 185.099172239856
192.08456604248016 54.83478889544512 0.07572438549341043 0.039412499644384896 0.05 34.78834644224564 260.9482265214547 -102.06528945491075 -60.518054706160186
278.98744530408067 -26.15864030700416 0.08205840759891947 0.02396124352602006 0.05 16.997627811554146 156.20299182681106 -259.7305934612998 -60.53208643452983
309.3813015569814 -67.90379727238145 0.02938146443995615 0.04770517664909277 0.05 1.3342146644413613 314.7868382821186 -246.037465472643 -182.91706968364275
113.76215475960716 -31.218094225145947 0.061477745246139026 -0.002240712608956719 0.05 2.040934541812858 407.9779018797186 -338.8108469464389 85.78895926227395
135.68453958899855 40.10368352532303 0.07010749478348366 0.007037846091033843 0.05 25.678212642145045 29.57492983437001 -60.37138633975019 33.584249603281734
285.4184825393535 41.59751853895054 0.04102097982864805 0.07518235727502288 0.05 3.8902603179927095 213.8448968342184 -416.77358813610044 -366.8971045844854
153.34339221364255 33.41785514850014 0.09489788081460127 0.004337420667772019 0.05 16.02598431346727 57.960956721146005 -212.4006506968709 63.569989315352416
49.878819750613545 -54.34340616431386 0.06123183606482829 0.02809017567282683 0.05 22.848463561354464 120.97217368977114 -388.53439636174653 307.7921493889757
245.9499546962451 11.695465698022605 0.07212482326460012 0.0441289503117936 0.05 18.072183886795518 78.09436045462763 -358.42626022322213 -349.7884749514786
168.0630314269993 27.020780557896583 0.06687901818142761 -0.025889067023640397 0.05 11.217048175629582 114.89217999330239 -436.9407649172206 297.0318244776463
153.24524754134248 -56.27094046476793 0.06737610383289638 0.062372981176573083 0.05 3.826538003000678 -16.040663157032014 -88.87381841365527 -46.64991441513192
59.54714702725228 21.350025922023274 0.11195381379526603 0.0009979273398438902 0.05 15.49037211242154 109.66238545465771 -4.3175860642049315 -348.3908281523129
176.51523140758954 16.236565883137928 0.04969921082213924 -0.11024780830889587 0.05 7.945724344463822 536.1685372085612 12.119422881916194 -200.5781214685185
57.35938992267335 22.17650547936809 0.07812595714227233 -0.021967907980646538 0.05 6.434487972633809 303.7662749659305 -159.5182474406437 -230.41023266958234
301.27961000599237 83.10814390742235 0.05724957450699608 0.0680571990544393 0.05 6.321246360650638 338.67607963089824 -292.3231796735811 162.49462800408094
47.638798467606755 -21.677945539866265 0.08691056017969023 -0.021752140629773768 0.05 38.358775193839534 329.01878479270914 -542.2404456484304 -54.56335841042281
180.57324884656774 78.75373111175838 0.07330542196692313 0.04536928425382848 0.05 11.71602144081415 152.57910093865382 -206.69615504213374 167.15146511287526
121.86398675438356 -10.860577068558257 0.08235565386909016 -0.08814719640368024 0.05 19.43669409150167 655.0978199823141 -298.0995808799015 340.96193751179027
49.830546552280495 41.86702439858958 0.10779816914511153 -0.008962406957876593 0.05 23.5806114722809 352.8420334002536 -399.54768517266854 322.3825819061385
66.78198748749372 41.19707204490541 0.03078952695203041 -0.022280237411394347 0.05 15.211405773843591 82.33703895890446 -466.80161565725257 81.96511908359037
63.039542880137425 21.63581188237385 0.05108828279739419 0.04955081055050469 0.05 25.07193958074581 308.0634111847214 -189.56823445504563 -318.06968527269316
70.16086972117674 -39.44703327277465 0.01933977505771378 0.03587938933782592 0.05 22.383439671091164 -199.6146397216358 -139.65846176833833 395.8962864198954
96.80988576164452 47.35672614995293 0.04072360932010377 0.004765353325870996 0.05 38.002864999218374 482.43239809442275 -458.7519467910711 224.05021826240053
58.262172601919886 -11.689102034510173 0.05986246759693148 -0.06565218886193325 0.05 44.587517989421094 305.5378509095676 -499.0051916096097 262.38807427346825
329.2817083273973 -3.533975963588826 0.03367160333265673 -0.09424333005549072 0.05 41.0464457367972 -37.90209465641206 -93.11037589463785 251.3366959024734
77.24623544429977 -24.88090747737113 0.09239640715872288 0.04658393153374018 0.05 11.711116936518017 129.68319862292685 -372.3432641313997 -287.5998952404176
237.48484864551781 -10.155506012994898 0.07945940370898641 0.012285176165894548 0.05 6.337173763433062 0.32342088798574764 35.102632931904736 375.01802682515745
86.31250510788156 -24.528866040806435 0.10134946216986074 -0.040237634099799684 0.05 39.550388331771664 -98.8545000903805 -341.19982328249523 -257.29257078247986
253.77820568904335 -17.60531450208514 0.09025260481916964 0.024591466646876618 0.05 7.062578862616977 349.85787301340554 -193.0503232745388 27.55105506131844
56.32888020068894 -62.93949402258115 0.04888898666890773 0.047501805261670554 0.05 34.114903865635284 352.5680015511617 -512.8573284122896 60.88879919415844
249.4310020479739 39.15481907851301 0.01691450161645025 0.041190849545896024 0.05 47.88827742469158 124.89012375597679 -88.7229363496146 38.457767541694245
65.77911204077161 63.75489985281845 0.11008489085886342 -0.06463645858779844 0.05 5.604652221629563 30.688493413653504 -28.76144998162806 297.52330008747754
318.98976048747113 -36.046941332535894 0.04430356642822719 -0.03665039413361359 0.05 2.34810131080126 540.3093655626562 -129.79958463555585 573.2174560510316
278.3441858783301 -28.385774813076818 0.07529600004219739 0.03371871420783572 0.05 47.4383134245061 120.12525172292726 -261.4430879438496 310.2947505161354
81.59984241627753 -40.794684315720126 0.08706670148045026 0.006737676260688803 0.05 1.2948977099374512 36.57143434771274 -511.23234320873553 46.15425095372091
88.42037220774999 -45.72871055655007 0.05701470673405096 -0.010687389482923472 0.05 17.93377116704029 538.7888244554429 -190.27171119034 311.62837863728845
272.609184612717 -2.747312646391881 0.068392490118667 -0.0020437301668793997 0.05 4.703041800654096 138.53496477136963 -622.9385512480374 35.80248123022271
138.69711111358149 34.79021025837538 0.024322110630939697 -0.08688048862310632 0.05 18.498995308960286 256.84364399962107 -74.66492140844997 -146.4218882151442
134.47527738929986 -54.853363422100514 0.04059136717620859 -0.07087493153349286 0.05 5.1404080554369 357.58249582198516 -251.34829231817886 244.95106599814588
160.53194471507476 48.40394696674687 0.09283567844300333 -0.04867174126357572 0.05 41.755381293710386 136.25764999433227 -545.0502942092884 -412.7562019419017
297.196795195805 61.120336668594575 0.10222011215577198 0.004104577199069963 0.05 23.061492234636184 118.15529471271809 -620.6697620965535 40.286477040074004
13.515109708584816 -12.613737136539658 0.05152299274974714 0.08570973709759264 0.05 10.465990189854839 451.05307326050234 -469.6075122023508 161.0475972175904
229.58244505941067 44.38790016271658 0.06142332348851731 -0.04068902980818128 0.05 7.3622548660358085 261.3398916011937 -279.01894481451745 -73.01495918948801
330.7463790772122 -36.048572259313964 0.11318669596659969 -0.03253928548301705 0.05 5.463157347395676 -185.3126504625822 -473.0452012347642 85.57994711320055
56.11117366673027 -13.696864971853884 0.05750708612916511 0.05240291626820365 0.05 51.74610002084463 101.78133154260688 -290.5320104079602 -46.3940064150205
139.83070045694933 -78.75365960664058 0.05760742099708627 -0.0647996609695968 0.05 13.145435785043096 295.64378140399566 -373.3090877632234 13.448925700831396
162.11022978556414 -40.98517766131369 0.0643560754493302 -0.04982249113617811 0.05 15.934395346968385 101.72204033023982 -377.4973068095079 -108.11532276750947
154.68790821465447 47.32799595637472 0.03174736182388149 -0.03802323457053962 0.05 23.349377380876923 673.6286409616407 -388.851610290048 -240.46656274279286
216.08052525824317 -14.42735468737402 0.09721782311293015 0.07418144759664336 0.05 27.060542145781405 14.801358108519565 -111.42634558115552 207.17031246842546
96.32746715566564 -29.798185578028832 0.11249980485652622 0.017319512031573406 0.05 15.923978974291419 -112.42860213372387 -519.3240945777682 -35.99359591113608
270.03331387373237 48.948894591188264 0.010963979424423398 0.037861686557741296 0.05 4.194850236922661 482.32689806562763 -301.8193727454819 55.961664459908
28.47225234171032 -15.267585880820027 0.08386648572336663 -0.09100820174109153 0.05 23.940073504896866 -0.5780408727474651 -288.18141203192545 513.5836298740792
241.67787408877007 -60.93579654197903 0.04389048652042793 -0.02882235754452252 0.05 18.91344271885038 139.91111271272436 -521.631940364188 386.7212324979713
211.8504692420112 -15.844700345271708 0.0753291820787314 0.05466388802514535 0.05 43.35628135137339 299.0155566444407 -174.45186914324876 270.1486874434265
47.154737392831244 -25.38311833230592 0.08372674691663651 0.0007292548464914981 0.05 9.329447961641378 246.20718406233092 -196.35724193352712 -203.7481666946014
273.4345077313117 -19.854689098617058 0.08568092720775056 0.003084295701941657 0.05 32.73474001948345 -9.278286394395593 -344.411083222495 609.2913929187207
87.99012277340782 21.14590948925759 0.07436583512204176 0.032007694036632166 0.05 8.884725970735204 268.30669333904297 -316.2142375752844 78.44636042096661
157.6859274781826 -66.47468499030917 0.05136758752783299 -0.07242350408066844 0.05 7.842688507977088 547.1631901638254 -21.567338382707476 240.8609863813402
151.1275268895991 -48.790275288520355 0.01676646405128701 -0.11526470718434317 0.05 0.22248831110295997 423.47827828110076 -386.65204086661254 -93.76212569631411
151.6315552226283 -80.20909668270521 0.08200828529044157 -0.004324655081682384 0.05 9.96849813219884 423.78737737861263 -96.69144101045441 -210.38622604068303
153.55699528657237 42.95216907774941 0.0462618786264819 -0.04694483899988838 0.05 4.1778616052670055 222.35358317417297 -628.258121126453 248.2208649284007
97.50622629633332 -70.05671077069188 0.09477330962154684 0.03566359465865378 0.05 19.887865620101074 288.32701615611444 -517.3397259250293 41.999871978658234
205.75048049616086 -11.359297727583629 0.05146608351841464 0.05011259502423383 0.05 51.00669515968596 167.04265982455792 -397.57940809475866 -85.63559127662509
34.92030102253981 48.622315703585215 0.1092559688261896 -0.029248457527384 0.05 5.813826483731091 204.02575075144216 -251.3091847420513 -183.0868413612595
250.06561086571753 -41.428004982530005 0.07745019439641498 0.02254571840767106 0.05 6.278268768018301 151.6928951972498 -732.4691978293333 513.6906544233789
147.39079033399085 -18.717673940638818 0.09443524260050751 -0.0318455859115038 0.05 14.170349936060555 8.957217638084586 -373.74182851435165 85.83510023704262
87.76007832364618 12.22572523888138 0.04595079739290098 -0.0734365649069986 0.05 12.501299595201038 282.03005592793505 -156.40237275680718 47.33063288235333
312.4114804194091 64.2498068182977 0.05536036089003149 0.026817170411249723 0.05 1.7344885927879814 -12.60036128060338 -434.92667943766384 -512.4272526988774
262.86027273094095 79.69880859431684 0.08410462198545643 -0.019584095785818607 0.05 24.56978964204925 119.51421735176014 -98.5175981106189 7.277350103872138
109.62402587226309 -1.507091484311841 0.03499893357561268 0.009447246369042097 0.05 50.65077811470009 -90.96019045243821 -363.6183788929274 -337.38833818939924
163.99458453950606 -71.18159256351049 0.11091751462344068 -0.1335070291811741 0.05 13.889953083689157 -51.034409148548576 64.1373245312904 284.2335227618467
312.8033386221859 -30.575822567675406 0.07244712971998424 0.07046844152959957 0.05 19.828165929542273 115.98539153730371 -680.2392532483885 406.68045809293915
200.6551284303804 45.832066596732815 0.06885415634280512 0.01732614990582848 0.05 25.24047112139792 474.0888130938181 -423.00274674750324 -180.48927919869843
336.2217118354883 -29.97664484866557 0.0869414577221721 -0.01531908223575185 0.05 11.655674997066118 500.978834396197 -90.70035269148659 49.93175425771227
338.32622505582873 80.02730075644455 0.05800240540278612 -0.017382802992526043 0.05 25.405591892377643 -22.319168139514147 -76.50453366052034 -211.23964311244765
78.41969786523298 -4.815457687342425 0.04315517658800361 -0.059442782653048025 0.05 5.353013862981214 20.219159846286715 -350.33513522857 141.87764822766218
216.12032912450226 14.209131315489737 0.10068112803323226 -0.04181050890966195 0.05 60.63426078279805 308.9993031156397 -232.06299080881286 194.58324632810732
80.99156992280943 -30.06108191908406 0.04273590994276155 0.02015626594780264 0.05 20.469117977855475 101.89000027358392 -586.628600485858 -99.46794442047346
89.62499846352898 66.97325748730066 0.05644047803373553 -0.0009720281346840181 0.05 34.225264245673465 83.9243930026595 -568.6928456224505 -11.5705833427186
342.0384594171243 37.2078928110995 0.04152706964890229 0.09337866575996413 0.05 19.298861916056214 41.27057152672796 -122.07932227843324 -101.08255188370981
230.30119321548744 -24.158712276651546 0.06314110607692403 0.008038788884103866 0.05 10.193864933505965 167.7233076318549 -256.45848022662545 129.37479876067994
82.76036291835611 -1.6634567948061219 0.04314666704880077 0.08192107601091118 0.05 7.294345568812108 447.131209545381 -137.56937031154942 -44.12270379574355
286.49267777497863 -46.54991249799553 0.11549790359571377 0.1013554349781012 0.05 3.7167572527377497 -31.665099020859117 -490.8708613460715 158.2125799057452
352.50610521005774 -37.369589811464195 0.09834332549326996 0.04633664228106932 0.05 21.19337303534024 269.3419397833809 -207.2272925269783 -54.44416525973965
123.46970811185027 -2.627531182450449 0.09767464811071247 0.011596412576176633 0.05 12.11230562732752 6.708573773440662 -666.5452967932142 -64.06007471915119
316.2000048660708 -24.994973030953133 0.11156333810727159 -0.002258260655038879 0.05 6.520002024141691 301.4806302847026 -337.0530790079965 83.63459364963836
126.91556640561517 -53.277570647278225 0.038008019907943114 0.04693993207063707 0.05 35.01549330678133 -152.77733087252153 -327.1103869245791 73.9651664469616
119.20918926955349 -29.871091078681033 0.0970422052300155 0.07868839909419925 0.05 23.80348400752636 192.01852176729523 -148.080873315597 -63.4002506921552
216.29858194390488 21.100731367710885 0.08345259488754064 -0.05413550252998184 0.05 101.10452374178873 719.7770484745841 -456.22484994448297 146.1438808572724
103.43228212547203 -25.73365790949983 0.04960075203346115 -0.017527841325840905 0.05 16.42388805172954 388.92190475716075 -444.0527058039163 -90.76849282018549
262.0924776576131 -60.42290741950536 0.053987312456214465 0.004306516455178542 0.05 16.893749881921586 216.37339095154903 -388.75338838817026 -53.36965470714151
109.4149888316308 80.07336912077061 0.09983864292645905 -0.08412641228427584 0.05 10.550752098625509 26.846173883740562 -212.21797716623678 -116.25380380005944
178.81690614520932 -20.088985582605677 0.06693102776821824 -0.08021921826899013 0.05 17.37519484356561 403.75339156507914 -246.20127908581958 262.87538306603045
233.50895108689554 19.992170857971725 0.0972575020795381 0.04099106134684046 0.05 29.385539500515183 62.74991158010636 -282.33367019225864 -207.1624703270959
216.57350079639724 70.84268979684272 0.09660208062730113 0.0060702737860807935 0.05 22.217745396947276 461.7706373400562 -275.5212279396121 107.88838868464367
277.5891407722386 -61.145492770926175 0.08165740005836541 0.058999797757198304 0.05 9.86722156616834 54.85881550981168 -185.33701908913923 -109.62065057725172
150.01585956922355 6.665316655238804 0.08021338951962775 0.033909928287325156 0.05 9.618843004912117 129.34233570075162 -408.1961656288239 508.4249477655968
119.66304998441095 25.61765854011874 0.09943603892461561 0.023053595650225148 0.05 27.118664443623857 117.5052334669249 -232.41219673450985 -93.89394118091494
220.92140284974633 26.016804023151632 0.05518848186807723 -0.0305442219551398 0.05 6.562918231492949 41.87659878981674 -200.2390851867964 345.5456224537411
208.0053426236959 1.4485603357640315 0.03404338344547675 0.046394706567572594 0.05 18.61270893080615 -21.868935451127186 31.0274708926342 39.36506003899544
118.98012935529638 -6.782818315704645 0.1030875778321747 -0.11083529076816688 0.05 20.060814108322422 126.59294368817024 -487.2125468161049 37.87117393453964
62.50755299058207 15.450937359408284 0.049758729444211225 -0.02883564462180238 0.05 13.012744330428445 163.72309490053794 230.33934892750824 278.2072068665861
268.4827426610611 -48.31339380867975 0.04957601165154224 0.02201837667598075 0.05 7.934053171117715 39.827787735894844 -221.0293816406073 140.08860868986957
18.452837661494307 -0.9038291361395219 0.08070119590398428 -0.05207777388171768 0.05 23.9266234839659 192.96843950691544 95.37909938436673 -127.44197279167443
156.97278505823542 5.887444515542262 0.10192251247802142 -0.039036070310994 0.05 14.908334247001871 433.0114498284132 -352.8817301871674 270.8003675787319
77.15749242786801 57.523526226713095 0.045673055584630085 -0.023176912664184465 0.05 4.337561654201199 219.90311551444455 -224.20704473800356 -67.45503751859539
17.484136932672957 5.619168070796369 0.050325759480219334 -0.008244737851658912 0.05 2.325599909436924 -114.26747040682716 -138.02062427566096 101.2114129328138
276.5783585128086 -9.150626019524335 0.07546204005836499 -0.023915763789226076 0.05 6.837609181026979 269.7302822236163 -406.1573254223477 180.39802186813031
337.11092281305014 -60.36648477797836 0.07564656357472033 0.03138326821514293 0.05 22.079373750682244 526.8504004873732 -245.9550004426365 199.61338587937837
81.25901839249332 -7.562716848434468 0.07571020570079923 0.06849767643542015 0.05 12.760165376770729 460.24435807220294 136.0034856426356 -385.19005834905073
4.289911146497916 10.107873902771571 0.048808198013969406 0.06657057020787818 0.05 26.98733890647944 267.1772898511464 -731.7133993065281 169.4572872588842
223.67435472622552 -14.101909415279152 0.05797593828632652 -0.004323006413206305 0.05 9.580923386264104 205.6244439584524 -322.1798490898817 208.2789860322454
255.56184607739388 51.91914161694157 0.10306953355018589 -0.012781185553596308 0.05 15.493920149074476 338.0661778602465 -65.33185723967358 369.5866943920061
303.08395658598823 35.84760956217984 0.06180112985037778 -0.04480165706588493 0.05 5.02846144033209 45.84664413769613 -600.320173528925 14.547104316466836
1.933133039172764 -45.7043096845612 0.09812740324233804 0.022179972630303958 0.05 22.7021091293542 59.81824527289666 -220.85411347593052 286.9997423512803
266.70100582018017 10.272463867284294 0.05284526536616152 0.030226684619833945 0.05 2.372053052423151 -118.91263742138187 -415.7151250168242 67.58771482391501
88.6258250641773 -52.5784740402281 0.0726696138412446 -0.03330964292396413 0.05 39.493871304963974 62.759277632116664 -23.821845037135347 -88.63948429332709
83.6278993880672 -27.558028807379763 0.05450933909855937 0.004919041543813393 0.05 86.69439104559598 479.0795888693797 -592.3449635871384 233.58879016454398
267.09056756147413 -10.416301368345547 0.09059908445824205 -0.013254289292000062 0.05 29.847111419076047 142.05179666419053 -266.8214074127244 -27.214437597555857
359.15515562974645 -39.67489663140217 0.10339117336982007 -0.06634029114737643 0.05 16.47654992917863 -41.82162086968896 -447.2406837800088 393.7497390269823
107.46723783966782 -46.292933210953834 0.09134485679349136 -0.029464492529782945 0.05 20.77499843201853 -49.010287711172 -181.1913411832896 -105.9952568282763
161.611205186786 -53.03889213386498 0.051962459907864966 -0.01849563537883766 0.05 13.071447472464566 356.09907714741905 -147.2300221973458 110.04061462413557
129.6634763750822 -50.056153978344774 0.03980036477437965 -0.0014649846983279093 0.05 11.954939123405762 211.2672365649358 -396.7739231019303 -159.45144867312823
198.7382740337804 -63.936969000245504 0.11104246390547923 -0.0047307432770074195 0.05 13.729047100598372 165.73554646297077 -649.1212469365576 102.72580909913913
186.9856840240612 43.171669863663126 0.10480031381254618 -0.076884229283724 0.05 3.9273207763685183 82.27505290978748 -128.33599720146645 169.6578998934066
105.10024187086547 51.060325002057944 0.10279694419665608 -0.023011240345996727 0.05 20.115509151429663 343.08354679515054 -348.60102901394293 -287.9002658792262
315.63809423583376 31.20189417058134 0.04737217984531705 0.12298514748036096 0.05 2.132630772579614 -66.45897546010036 -690.1514307665489 416.7697361467894
342.7240413230444 -14.213105432993478 0.06846355861703657 -0.010069732491353511 0.05 7.86493391482374 361.17743234790134 -542.5216354640065 6.058349861800004
107.66714968469941 62.46101489456983 0.08099022332141059 -0.011403697459738727 0.05 12.399563782411041 457.3069875488946 -215.3219512473811 -54.588106628842354
142.05128522065945 -30.070325072922774 0.09803070711532746 0.03491202932950908 0.05 6.606402200749422 -199.15852471913888 -385.9070673836613 473.71679900577755
86.42376196526526 -13.322759025630639 0.07747544484233493 0.0033731667759493624 0.05 26.61830856359771 282.53512174656873 -19.77002163020296 37.26082083054895
131.11617707104193 -70.95692125821247 0.10738748085774064 -0.07166053628245092 0.05 42.519627347574904 57.56245522938943 -378.92365787395266 -90.2896087134528
317.30434833399903 -0.9922681312210454 0.08375921891526472 0.07074407433396399 0.05 50.20986582508889 361.49899335335755 -520.939059566724 -54.62341277766478
146.82499754036124 25.54218319005702 0.019976656980007945 -0.042196476349986835 0.05 12.044535693636844 105.64469944715722 -434.9406204268796 56.397132186293796
127.53797223575879 1.1262987288260953 0.05451155357463966 -0.05368374233994294 0.05 12.53322414544427 499.51859286564877 -204.1701162382513 -228.4675788706436
260.9893659938186 -56.34128194165129 0.0811208833458601 -0.01169510041446385 0.05 42.65005159875977 314.24193236375356 -190.51749388436684 -152.76496461627747
222.8553989113655 37.80740037199041 0.05871559026210926 -0.049770712200896544 0.05 18.906190856855904 508.51289053382686 -98.83561720577313 -61.59930809014489
120.5123724872277 1.2022719857938313 0.048574979848285516 0.02131499845688817 0.05 23.604770054435555 149.5580517162402 -482.2998267827752 388.16969421705846
177.35231450490716 -6.151661370984972 0.051298526976118586 0.01845294578336451 0.05 14.154134169381322 20.643510302650498 -227.2055948273773 56.426176306375154
277.5990389221221 -67.62047515551154 0.08029175401381416 -0.011170221151739549 0.05 3.775060505012285 177.10477885761117 -82.40930251470306 -155.2462073125876
46.606160148063665 23.159616428375003 0.0733311415100153 -0.029034213974519458 0.05 22.12878913315334 31.746872677992997 6.5129715882491155 159.5495312522338
198.9585951210752 -64.10988362526821 0.026039667025029134 -0.04432241504795341 0.05 2.150399612144623 178.1048443694364 -468.40649364911246 93.60191649115197
54.657385690845544 37.971672982539445 0.03181116236803039 -0.0009580195041755165 0.05 37.90155335889296 290.4886822649577 -303.27131026854886 -413.197153674215
289.10856976277887 67.7945084580947 0.026029741386520477 0.13027270298339186 0.05 15.514529777774538 223.58559635657778 -65.81780698899456 146.5114142195585
9.57500982852093 -25.38011082104464 0.029757151954343586 0.0774979130813932 0.05 39.4150775465153 367.5155976158101 -253.27728033121264 44.710754275301454
35.49093289224254 2.6474530642659926 0.10773292550712643 -0.06713687066137775 0.05 29.510437567933156 278.22426974164296 -337.1004614477737 -92.18629177696712
274.2745590211672 14.074421120456629 0.07786641830597363 0.006097042298953557 0.05 11.337915366045102 -33.16281647787554 -506.3222742686991 -242.7807290360504
74.39022453470294 -23.113149976971904 0.06584110697744827 -0.035820446025697845 0.05 13.220002242034942 114.07052871765784 -107.80882554792748 77.83331144269718
299.42418188122167 -56.67569419740924 0.08969733382971112 -0.04126245070118558 0.05 40.12659953763918 48.61594247758231 -443.22591513156954 393.317955229813
271.2019673200414 -37.58301697727072 0.08741656058799441 -0.057091520723416556 0.05 24.918552222209716 167.55782463128506 -373.90304755940105 107.24972297374845
174.85921566904707 48.8981806927143 0.09827260237521074 0.020772598641814084 0.05 12.710252575878682 56.109239296636105 -402.8520988885471 29.39460013748222
103.05831088898513 -4.188451806339182 0.0983942253693526 0.0038588777735816555 0.05 16.1200506469974 155.1246962785712 -622.7720790378269 403.8594403422616
276.4764921701248 4.802284095299478 0.07211579014061109 0.026702836582137988 0.05 0.9695142884222838 110.27119262404241 -157.31762040166245 326.4231733660935
307.57213132081387 -0.35404968336109977 0.030111918805916016 -0.0031408487084794955 0.05 45.3759678811256 196.96080811994636 -116.85980898272183 32.83777275623526
316.7642442598989 -13.541206113252843 0.008362497148795445 -0.008515821274200287 0.05 30.643599328720967 -1.7796022822557234 -66.22743673227478 -19.492316783448544
303.8877478187322 -28.886342246708658 0.07929743928692723 0.05099086248671463 0.05 13.203373653678895 566.4276349863046 -290.1077265901302 63.1755770976449
84.38894067489964 -43.487127246951864 0.027208462062437988 -0.06444521104975559 0.05 11.765083064097329 260.0193188129102 -244.69384583350052 -164.8317343085197
311.9049410332929 54.01197521848644 0.08147212452575658 -0.012654847637429266 0.05 18.311820529546342 641.2787319587605 -261.76807176646525 -173.4967339729634
313.6369359064728 51.066538270850856 0.037237712304507786 -0.06286449634851303 0.05 52.714625187795534 96.7183046488632 -50.23050432465058 24.90355926718707
178.67590943652436 11.901486174713504 0.04977254763058436 0.019688847431009165 0.05 12.77553153848229 3.1447342153985574 -277.69802519429345 46.74434341074191
14.934712076847873 24.49945035776354 0.048510382342620506 -0.031542026188452074 0.05 61.149115221152194 389.12392813190263 -397.64711138294933 48.77629795721082
123.11968468155854 -47.429609014494936 0.07092230465510463 -0.024082087973418 0.05 19.657342157441683 174.95633728802625 -175.60920048082403 122.5762529944245
290.1367844453634 33.11490972870012 0.09047979775028159 -0.09107216625125053 0.05 1.7223567651225085 124.77619343445171 -258.5161986086212 -150.88904079560845
120.50864017047697 9.107737610954025 0.07096523856198811 -0.021686866582383516 0.05 6.403002351504027 651.2822444484473 -304.7822511697414 343.47274044874615
339.874533936224 -56.91663180259361 0.057888033172462494 0.04579886869229487 0.05 10.208577742709783 248.20922924197075 -499.04422258200566 -133.3285599970754
61.16678826114624 66.46558771064458 0.059190450263088 0.02738263906477713 0.05 6.275432465576019 157.7196566242564 -488.38863310164174 -161.51864381489506
137.26406528940194 -39.21973994133475 0.03370256609093958 -0.002087102571306263 0.05 2.5801276386615206 404.7883579908872 -546.1822382720387 152.93707529726228
178.49646567276915 -48.83520537229211 0.07409450682463414 -0.02496077810643671 0.05 6.650109783980959 337.55087130288325 -357.7655142266034 147.79715739226862
138.8551510387004 -4.131574056669713 0.06634756532218988 0.03967818197557564 0.05 22.385196592425327 -105.05518765449449 -359.9600385237616 190.2381490288734
125.86019517833239 14.989922062428954 0.10713553466084447 0.015717366836244827 0.05 5.149276207111613 91.81904379515468 -312.3457139745889 -76.77437832136398
180.54297811211646 16.31904257425539 0.07431399590031851 -0.005170310367939835 0.05 6.6079050360828875 -10.537283682920986 -306.56193663425796 -41.07371739524005
282.66765618955276 28.626706520733023 0.040203860706299555 -0.009223731715140172 0.05 10.242161868552468 582.4166609274555 93.76286946479735 209.08687286459534
31.587562972726193 45.93199422252297 0.11184344385916001 -0.0789053820566967 0.05 5.24652395278593 108.49919341547202 -269.6094342333908 157.090572512081
323.15173936657146 32.63489196149172 0.03892133365734041 0.015593558169481018 0.05 40.84812834430638 383.4780025035876 -639.4142390197721 59.887643705221976
65.64351909345964 39.91976188840359 0.0857098720447611 -0.023522095338487804 0.05 15.98406769223473 319.89079082686834 -123.48141585753143 210.1791907817957
280.48303129996737 -23.685285618932326 0.09839629110412851 0.07053938311278705 0.05 1.9159233894193137 542.1371927963539 -168.30450276287857 -234.17857567656006
87.45299596773941 -2.8825868882422534 0.07201494616938153 -0.08543352902343357 0.05 5.039406790210549 307.7666919551033 -404.15346633736436 161.712758016049
95.00656165582406 47.10272330028328 0.10102536945316065 0.12095470787970704 0.05 6.183304372756678 163.9659056407021 -291.6128542935059 203.68586910520577
249.84507297528296 11.07257845757659 0.06150356768122012 0.015450486908937262 0.05 5.236841647345315 248.73468635233712 -158.92488496398477 149.7812567647915
329.570581604591 -19.350099194495478 0.08091835149157567 -0.11132530623634546 0.05 71.60074593729223 190.43042200002466 -379.17025131995626 -72.10982049069938
151.62220010042188 -4.665617531794437 0.10809805406395112 -0.006626760832210098 0.05 15.977348462913376 478.2867283889113 -239.60146527673686 103.15428840683924
108.66978919657024 51.713359239731446 0.11506290143544673 0.0339268731225401 0.05 12.802749294454475 109.48211262944778 45.922466574660916 -32.15761387293067
303.20643136824236 2.490183858959833 0.08403818363582172 -0.10889160064211664 0.05 17.255092397831156 101.21836277297984 -58.73304336252417 187.31269192594053
147.7270760666046 -38.90925396622818 0.057532620044917326 0.03418842106868797 0.05 7.13694615747762 475.28103513156407 -584.4983662098366 -53.15195065849039
267.4863319068242 34.322337342701 0.07884711617766604 0.011085025982975486 0.05 6.772675983338246 205.40289730903993 -276.85845413220335 379.16357069835186
279.81105108557205 73.46726408835049 0.09675688015155703 -0.07758474012151986 0.05 7.5741343236511955 219.4857239917858 -503.2036680790901 352.8637009649146
64.79725070693323 -30.482597582917133 0.09863115961239366 -0.015481018398917041 0.05 1.8180892776178608 385.6970761441886 -144.50405990345558 -32.59077910196825
103.24120892375498 -46.2237897528338 0.0721575562934238 0.06843440598878268 0.05 11.382678269971409 62.82346858352983 -695.9264192883882 38.24198887161053
118.85070509923 -34.88699295032006 0.024837390848120533 -0.02102635015987899 0.05 9.198492685736063 301.92529089742794 -21.143010127501213 -34.808315540262114
300.1697222192892 68.82352756652422 0.09732213433440884 0.04372930255536536 0.05 12.044535693636844 361.8791862427108 -168.4961110659982 254.40800478743157
196.78481764049988 -8.33017437979807 0.08388186831480748 0.03223103963186626 0.05 9.99845585721531 276.62680653849424 -334.7226785433034 -178.59588167095657
198.0120384802049 -33.45159105073034 0.03996771289342682 -0.06355640428949257 0.05 31.39889414595921 327.60351930378124 -291.58230895921133 310.88066640090534
277.58879405143705 -49.951674209654875 0.07616332591341934 0.03057866322945387 0.05 36.76976168275028 71.48086895433477 -145.11959471058898 -170.30874437074743
27.389962767942077 -6.57351753163718 0.08030589813220423 0.0667808436226235 0.05 36.165656608410686 212.40507628473446 -411.97951772449045 -167.00663848790717
89.28434520694124 -59.73685181308802 0.07288966494349625 -0.02155097331061281 0.05 10.249061117046974 75.2448494875512 -421.57918570608894 384.31476383901133
328.03182389606246 -28.238122865444968 0.11291447400791599 0.04958812594351355 0.05 4.03460129469647 192.15115600313572 -137.8946262611602 318.4243668660858
97.04734371984895 13.167201714800715 0.1011348552783573 -0.0015084071468320736 0.05 3.283287134941926 238.24811980292262 -101.7977120494084 -158.89455439138987
230.61141706675687 -40.2374108189238 0.07561587288840288 -0.04357413237613583 0.05 12.355114387930605 -210.6309349742366 -435.71539130807435 -316.5141438227376
74.39831616585187 11.87389790722583 0.09990467252962931 0.019892590503315682 0.05 5.701797926683368 -68.51808547392409 -303.159620015464 100.75922315775705
264.576258320862 20.30183912265859 0.07606818427553774 -0.04083460752488203 0.05 25.794412218917717 236.0734970533972 -409.72044953212446 59.023654598238736
226.5986873430365 -21.156458765195875 0.09210990708608491 -0.041624173646992 0.05 5.94868999957404 218.03567485626556 -297.365820744266 189.47260817970124
162.3640276182155 -30.64674929491658 0.09614585229859762 0.023903723828079905 0.05 23.683749472417087 220.48879496837407 -572.0886907628299 -115.98092938974091
104.51023386961779 1.062176201960922 0.05286872221225414 -0.006131931134061724 0.05 21.619245419081935 42.488122431658724 -821.6008978038021 57.00927967262017
170.07708194761668 10.578898007813295 0.10639241210723815 -0.13034276608659928 0.05 29.739074484320202 147.00232354711835 19.020600867081214 -144.94464087119064
77.74694598347094 -16.217604513070665 0.0709910099253428 -0.017774705375747282 0.05 35.777893655930555 -86.27416451732239 -171.54226744814227 -173.76479895914252
217.679071111012 -18.967850930188792 0.10195215203492469 -0.08656826138323984 0.05 1.5042952863655135 435.33800456962274 -400.22384123553235 330.1169155285655
173.53401648407961 -50.48981910015875 0.04568086414377692 -0.014603889614126911 0.05 10.407465746306414 337.88228815578145 -29.2372927985881 -276.07236039675047
319.5862262323707 -65.94452672024975 0.04174943040373735 0.0026197839481776316 0.05 11.527338487504016 312.586752318473 -319.6781842079674 -41.8992728853308
299.11305269082914 65.86582041905484 0.10698435603959422 0.014747989433333927 0.05 2.7843394641306842 350.48384696451654 -415.6795984984781 262.93509874107804
116.04841541464498 16.712686543165248 0.05511394841323569 0.006972286102730981 0.05 6.531165398193333 -14.422314332881626 -108.11776537905291 131.7414425975118
103.77611627183535 43.189550938236 0.08288325451933454 0.06952872348956331 0.05 23.34568612956107 658.0711055739158 -274.0908143516908 -10.506782789966692
27.484431587547594 -68.22116497189207 0.04247083651723882 0.038533479067193704 0.05 11.466193732512796 138.16099177606353 -75.39855282618055 -60.54151824608225
259.5405000528802 -54.770544635826305 0.060296234882619926 -0.009526230185415447 0.05 6.132277878845814 294.91469599134217 -175.70863432418417 351.7518056960408
32.22593318463058 -35.33293278864238 0.0627164918348957 -0.08877633180002305 0.05 2.0001765948674426 -393.56087020190853 -355.685730916655 -270.17540723294064
228.05825522425377 -22.08522733802522 0.10102157099193776 0.047752460674110216 0.05 7.119648286522285 207.58206224473 -541.5815394235029 432.67295919535394
128.44284950159465 -18.34806904270665 0.06052471388332159 0.08422061292139336 0.05 65.68239349815748 881.3175662661849 -369.27594207911443 118.00958933000638
118.75175213165778 41.08974122599966 0.07813864965595996 -0.002731761761610585 0.05 1.0583316480934222 274.01832510652105 -44.63738239241434 -116.45258714478038
169.18227628441474 16.05034900073439 0.07697254369155004 0.013354097906430483 0.05 1.5337505006394294 48.608223068116985 -377.8058997033552 61.48791073097771
95.62597839742867 56.095153735597854 0.027177853842324406 -0.09229338879945087 0.05 31.97926405530812 286.98024314821635 -653.6690382122728 -368.83665532502414
151.8519121385922 76.77658084018817 0.05167396628137899 -0.03104359168794576 0.05 20.612831845635014 510.030978163918 -301.12957082446906 111.61630368470549
260.491149778081 57.133218945058616 0.06621911493006971 0.025428651417534094 0.05 5.6202472231682705 402.2236456797973 -406.26033362040107 274.29123940114494
33.660674968918805 4.727630960556278 0.04670298430310105 0.0461199145820897 0.05 20.52575725744611 241.2203963141333 -527.6389160781138 -312.3412742259346
332.9198829175946 -32.18843729010467 0.03872047075141016 0.030986826962491727 0.05 29.004696674104185 -160.69744344154657 -167.95283074487185 -92.82783478005848
339.1757258998262 55.07969532767976 0.04919726560383553 -0.023743783340079525 0.05 1.3368955264747728 435.8433038371534 -605.1634367800498 -48.765086461492785
345.0140075541195 -59.52155102982882 0.1063817920729011 0.03607030360241517 0.05 10.946523369983 489.0659786044841 -266.33107199028666 276.91283336739764
159.8334345243251 -28.527021860702952 0.04346536399342482 -0.053622727838237606 0.05 10.174076777846636 179.87216642723965 -362.3758217856978 109.12603642251217
126.93207796996762 41.48563618167627 0.09845179596462428 -0.005264245425967399 0.05 2.881648793655208 68.24310089316984 -71.43848176653464 121.99383839603553
190.12981256964142 12.039184312644101 0.06345523425866162 -0.06609966557464268 0.05 2.966937155932788 221.1200420452869 -548.3498988905275 380.74628332935964
144.02545018305557 -13.962452922077713 0.04596196446554646 0.010312231665653178 0.05 9.098667314438414 382.0929039967236 -172.59745047605992 -87.5445646243569
97.03310349364062 -54.23411722391823 0.09173575753759655 -0.03650230004045943 0.05 5.795309134960852 433.30493686243744 -638.5978146612806 -72.96230154985534
7.155845094055089 3.7193928345907183 0.04522321843781851 0.05051073950085658 0.05 3.631016723473191 282.2012598837379 -26.773831238817536 -118.75883527534359
105.28899030275802 46.47161168332699 0.10468487409668348 -0.025856039364134737 0.05 46.98340374526502 303.06867795473966 -241.71700774762766 77.32940481791552
174.71361892004413 -2.422000481727992 0.05750975663650815 -0.00885493668441376 0.05 10.176453123607175 572.4215097272654 -227.46495046032416 -18.818932882691755
78.59420487777324 -27.30378329809587 0.0928616236830675 -0.057503647974783065 0.05 38.978202504980025 -251.67273756815075 -178.89162861777447 132.59708376243955
237.98096621708962 -5.706612961529089 0.10327539170320255 0.11206652017374322 0.05 27.644443074177804 788.9318708463027 -712.5732892815538 33.26472274455324
237.4947125580284 28.22296332944248 0.06483147839145165 0.011590097028419372 0.05 56.594726230664754 -95.74090989196151 -115.47246209440476 26.100885820207324
332.5656797933451 2.1045653115203846 0.06356770378085308 0.004717087393184378 0.05 79.99155394573675 -75.08851465950772 -537.0703942060661 -277.10565310542376
76.3083083555454 2.047190750509201 0.02762120888488906 -0.030122444865017625 0.05 48.28422651514978 181.2721666315714 -103.69884377756426 118.0020089686475
75.46031664211597 -63.0933236602704 0.06107037785437042 -0.07423093400828948 0.05 7.593866915193679 218.217420732854 -563.1910566096644 105.88179948649798
58.93627740960371 -27.459120016543803 0.09183611656578394 0.06291157366730493 0.05 11.217048175629582 148.59625194433573 -588.8253088530977 -209.6073574905953
39.893140026805916 38.71868870334932 0.07351439643278246 0.07300930139720113 0.05 3.3714805182447236 153.77640763059912 -58.735863525820776 49.69595442122376
78.66670174546437 8.973330152270826 0.08509376668524204 -0.027586022817956187 0.05 23.064664155326383 288.68176010098693 -105.84189963002149 -561.9978495234463
332.46031704534676 -43.14023083651897 0.08441049788780441 0.07076195481370035 0.05 12.094716925242356 5.623716812334635 -32.120658706974154 32.86717954979969
101.75365696183017 55.5059007730721 0.08036416467344254 -0.012541686187317817 0.05 25.10598193230738 228.45127029156626 -150.9789256394046 -109.30400726163535
151.32890688222156 16.562526296154303 0.0960027186586434 -0.020266163876820786 0.05 7.733039087189338 240.3129047341151 -308.56019618443753 -52.13974248397206
281.79354517037723 28.544210961628675 0.025887994055957764 -0.06308576791695154 0.05 13.28703367839902 -13.20487254239913 71.39734845463136 10.192536566511592
67.27346009367356 -57.19839220037669 0.10668237037327022 -0.03192379674484688 0.05 12.144803397371707 384.87036798767406 -213.6503700717904 -74.48309182932525
87.70315624921786 28.49855076308678 0.06697502859317872 0.036139513218908 0.05 24.311670893077235 204.12884434318474 -494.0019940181395 152.33127571230222
34.552510326773536 9.443939256322755 0.06661012867876748 -0.04969961309469642 0.05 4.043312436970337 263.77135921721253 -417.5893607053894 246.45683102087733
61.79187893013898 31.836197162957387 0.02278601727189833 0.022792875983801277 0.05 23.098654054680885 76.17380452562001 -663.4540362052446 327.2256385138571
217.8570089289207 -8.168859115578364 0.0652117538631023 -0.049870625869192914 0.05 13.297217146334438 297.08579076294944 -313.6713023217123 78.3950742500764
246.03944444738914 -14.280924960999773 0.08327835629765157 0.031321914648367574 0.05 7.5236628243885795 -164.95080530115217 -320.9210440475642 118.17666168397677
111.57248627012653 33.51167825831358 0.10257198978834747 -0.019426221820448494 0.05 2.9860296352220232 112.25563700184486 -209.0173236072937 -2.0795282528028878
277.662081357839 -62.04780416218118 0.08305102689176347 -0.010659230938462612 0.05 1.7561844436118002 274.0291258839713 -240.25365660260377 84.96798418958141
65.58409981705502 -55.351674639700576 0.045941080326401096 0.003046573852960403 0.05 4.018086770971847 595.9227232460103 -354.95684620165713 -169.2852782635331
21.24650779127392 27.0645568070359 0.07506043056721601 -0.08374013617829083 0.05 76.2568322683261 77.82038934671391 -266.06990032983214 200.3465372370848
302.45433245910897 -12.702130488878653 0.029386008733499613 -0.027257208415424575 0.05 18.443716458669 50.57760530340971 -519.0568493234309 -209.1331265391708
256.61024800033096 18.681179752621755 0.0911045013286369 -0.07115251382939924 0.05 15.273857371437115 6.6684798748025855 -103.91804125474411 143.61123990028324
4.599139227844249 -73.70302285434292 0.0777221850625891 -0.00022594980213397906 0.05 27.640059102013495 223.12947301236557 -481.7208479798926 -45.6451160609266
228.85014721023902 40.48047543302185 0.08430443028159251 0.024564447436251944 0.05 3.546348800612869 -0.5153645597158913 -484.62967858344905 -231.9431557873242
77.15242591204273 -79.70590691041238 0.02330922451740358 0.04538937715175572 0.05 8.045124340134896 305.5043956592075 -165.69740846223118 59.95225418791702
68.60252107929179 20.221539319067904 0.08927292082686522 0.04596761741957005 0.05 49.578734248787825 247.1557306677966 13.881746397382187 106.53389530031953
308.7173344704175 -5.836131984372569 0.11314629679814847 0.0013795444134615136 0.05 10.343833860770184 72.24637719925195 -203.5275899470093 -411.84284173435907
38.98140286466449 -44.38207806584155 0.1025664137463198 -0.08086050838866148 0.05 2.5923714752707987 -201.1354998854153 -618.231198093802 154.22355319361048
71.40675074275894 22.654438226022513 0.11248446937595458 -0.07369527512511545 0.05 4.6125769795050715 165.91968795732228 -186.3313092366403 196.22821227918962
84.12317539818179 -35.05350664654009 0.030850375220228266 -0.05532312701621009 0.05 54.840066941400124 241.75563130301902 -331.6563178074853 -48.045346593237
277.26969522248845 -14.334142342819616 0.04271280002860345 -0.01956189969349441 0.05 14.383552995281573 317.45124412729444 -166.3579405550933 143.0650355397143
60.74996471340327 -19.266833636153454 0.05935217355405098 0.04882475146252367 0.05 87.11004778467027 149.80919421204612 -550.8494009925439 -127.5666984870488
189.536383408541 -23.491519339784666 0.052900282030847734 -0.022909792348671056 0.05 13.906680974950323 546.3848739287984 -60.31214544958084 99.43272717076454
236.54609940106155 20.55573421211499 0.023362729521861025 -0.026483044885802495 0.05 8.173720562057738 169.97711794668263 -543.1284955416576 69.22936017633309
85.5517669752822 -56.263063224474934 0.10016448444363468 -0.009076634051376476 0.05 45.04216439119188 481.5820590214442 -10.334428111191698 157.28874164880648
194.7123563260553 14.01225653010863 0.1108738344901401 -0.03922242883742805 0.05 5.326034290447522 318.96017484824705 -215.05604285002934 -15.095566857456589
244.31835622616393 43.152768860058714 0.06778153308230861 -0.030321863830660763 0.05 11.38654356241691 324.2723459268867 -181.8457755923086 63.386518947967915
290.0364464519392 64.35787593732711 0.08161620650735024 -0.039976126394678665 0.05 23.27374538129499 128.5210075671783 -272.15651610198694 -60.46829166325605
31.855111983438643 74.25664418733547 0.07998701101631189 0.0819829919266897 0.05 70.147486999881 264.91621566821436 -338.42604898809935 359.01057255586704
245.58819029058506 12.437630948863818 0.059904487781083926 0.06038853100669875 0.05 2.6228436788165785 87.43634170181555 -578.9283779851899 -101.98358812690299
267.5494432790508 49.40160924603911 0.08621512603612502 0.0013436776159880723 0.05 52.54800881421961 114.29514585311652 -74.6792696935135 -73.82015777230623
64.59541257915902 -27.1664657645409 0.0867765447811506 0.0077904716766123965 0.05 5.6805679613188085 204.12981941675056 -162.5905721632708 -240.7945870459434
30.08173457063134 43.243534333336164 0.09790004639065097 0.011612107771399876 0.05 20.48608926994695 375.73108369519247 -112.57845760943772 480.595365951279
190.4640813156066 6.0331741471784825 0.06779925896735972 0.075069839528435 0.05 51.501021199642416 207.0503614562147 -193.50486641531054 469.45115449503953
12.756500678344095 -54.386653403502216 0.04771794016037001 -0.019994742715866355 0.05 25.5138947189514 622.3860159831288 -186.19902355533787 -35.325732063390035
135.652001250454 -9.222937587988184 0.10442397036141537 0.07596101181708458 0.05 13.738963060797003 222.686837336184 -444.7701791504825 82.66147833970126
348.9560257940307 21.783777367010053 0.09283469587303639 0.062310927694932516 0.05 15.372503054569465 385.5534640775778 -325.72664735585556 212.12202287754786
303.3628188589889 63.76249194113932 0.021652215799840224 0.14708258948299774 0.05 43.884898847491016 -175.63925991318945 -187.57131479920866 93.3427619152578
237.0631025556596 -25.58781613039022 0.09479331930508672 0.05421573319240628 0.05 10.706143017951202 193.83878717663546 -747.0966537480878 236.4653366954759
29.168474894326625 29.673010081087146 0.07057690343128731 -0.13994459362909514 0.05 2.529026238673274 156.10225288458884 -51.82013565806102 190.28441252942702
135.87807233937434 -9.576530565940931 0.027381403296387052 0.0193142642362705 0.05 18.573701801726298 177.12206318115722 -200.8060285511433 106.867639911673
258.79116543271 -14.532985189277047 0.08314063238555747 0.04114282512820456 0.05 11.187691130182898 127.48125674997335 -377.52336869110695 -189.1114254608991
189.86772062964164 -9.780389300509764 0.05101810036344934 -0.02774951957184587 0.05 6.003116611179585 109.33554321552745 -367.72330059439224 336.61168340287213
212.33234674474173 10.351702972140275 0.09407120258840695 -0.0770685842756465 0.05 22.16338911352798 301.8714268136734 -420.9329567522856 -37.03918670747885
103.17898316571315 -57.281274358967664 0.08275868237103579 -0.09541080192469739 0.05 1.7002669811712874 376.5254207140325 -16.191384797842147 122.3757895162035
313.15430128718714 47.96726541911603 0.04461425910251848 0.025039606393612194 0.05 35.90068196448686 -47.518614407425275 -274.24325633135055 16.62514833374467
85.2745822329903 -57.413898880776316 0.06109267224670534 0.02848314619969571 0.05 9.495876097596394 -54.869532277287675 -445.6183036321264 -236.21395985696785
265.4526130062801 -64.81229225710574 0.11460182219145842 0.005338345382246975 0.05 15.146948644619041 -171.87798723370724 -486.0433288459243 2.2437283611105343
342.5167983759427 -36.964860434153536 0.11288760882506632 0.06736775934808836 0.05 20.40477015161873 300.03791064590735 -359.27656413049607 -62.56218066499926
98.26612153097786 41.25427864072924 0.09095211406048231 -0.07888241447485325 0.05 11.23174134717002 122.42794760354646 -457.60628394361623 164.05996095511415
270.37283426128715 41.92673388606251 0.03486193059293119 0.06439961582915697 0.05 27.887173988571917 78.41266958931897 -223.07635461670074 -144.94542270375996
148.52076708339587 -13.83758419603151 0.09095373709199217 -0.0682102591439616 0.05 16.963611753280436 232.67295381598416 -531.5034475369757 -166.50133531256733
255.7093791295435 -53.53523873900648 0.06875840602860395 0.006704501449945947 0.05 29.61956972001538 152.42750866721633 -222.5919522866873 714.1796529459118
268.18418521323713 24.35778134947658 0.05324820977656497 -0.03448043768611666 0.05 56.64656656299067 295.3548500466341 88.41183204909078 197.09008036885302
155.93977968573523 -44.879163709538226 0.09204990249999079 -0.031258952337137255 0.05 10.985649406766996 23.70493109958437 -168.0033268464087 110.54014404593539
170.83971145539334 13.05907782556088 0.0318795110535699 -0.02490103861640272 0.05 9.915040709504037 -28.465696939487714 -267.5759966948183 75.40119854086531
268.52304893527156 22.280845299349323 0.04985271480885878 0.05528975987993025 0.05 26.375220784664634 360.3588360767461 -769.4414270925081 454.5121491519876
150.65839834845235 -54.12705874001444 0.07596075770433197 0.018523790747254073 0.05 42.956253132429914 89.65072931080276 -150.53929087322342 -112.07953756965284
106.9324973788714 62.817341153562694 0.09106669885508101 0.03915773341199058 0.05 31.52293880258224 514.3680142983505 -71.91097491908778 -420.34025430855684
284.51019595703565 26.64871225972742 0.09099777615282201 -0.010172443633562699 0.05 7.454648433381794 507.65048583387494 -229.75497629129953 -77.21894838724334
12.722404048311349 0.3772521861403489 0.1057360455917491 0.06317820921386351 0.05 31.953200748008918 -54.43426435487672 -160.0844519625274 97.88315916925905
277.9013166025242 -9.616955647851317 0.062412814173198994 0.002449631689068775 0.05 13.292602518911481 254.8084453502876 -369.49064932481633 -92.81496079994577
300.69709953494976 -69.67480839506544 0.0754857387412875 0.05813901888894918 0.05 13.527970221601565 271.24959895651796 -132.47069420203565 -51.019363560247456
199.14862301575047 -39.332207094964254 0.10717863562589547 -0.0575628855216284 0.05 8.43083665739166 527.5618612446563 -340.9083977641369 49.575759514151066
258.001419083414 -65.71049370385875 0.08193329665430515 0.033961010814643276 0.05 10.927716536365777 124.22079375770738 -35.86015539620422 -39.7079131529329
196.44824915921313 -53.49822323861946 0.09235606134413721 0.025885345509903943 0.05 9.580564102020427 -8.366857813915914 -211.48580119379085 590.4533498332457
88.35311465060695 -59.16713153177317 0.0363879902180837 -0.07782544973984665 0.05 9.467349994148258 143.4804595341518 -152.44484984167903 246.29277132932657
142.26843375128425 -25.20445590397446 0.05915677827663246 -0.033253717362282983 0.05 15.785665092741398 477.2393223145927 -310.2315607447341 97.36474435043246
260.0015703608061 66.50170983660722 0.035602285154644475 0.009340410439460264 0.05 6.717275621425444 195.0214691344554 -81.8628396881877 332.69445253346663
303.4307333520045 26.198872328327553 0.1138688469414102 -0.03418627797955434 0.05 17.06617475346162 256.6248152072102 -211.30017580034158 -187.39352023066468
277.09370731293416 74.66891289977507 0.0363895429831802 0.049405978800389175 0.05 5.592160420376165 305.2453583651406 -256.16782470858004 214.77211837437955
309.0128311613717 27.863740882548377 0.06947117780095224 0.08604993298181168 0.05 2.458865075821193 166.4171461608583 -53.26120833491555 215.8988571999982
207.16675848528976 57.27909256462543 0.05049403624112303 -0.028061820364553715 0.05 17.977346579712584 251.20380881871796 -463.2678904742645 295.0901920015874
252.0071374385038 46.585497590608995 0.02823748077411614 0.03395033178295578 0.05 13.60216351379283 -51.48177751492992 -281.05420234364635 -11.685710427891237
125.39294557591967 -40.41424369702234 0.05056692740218627 -0.024654316139702155 0.05 7.826412603873135 -3.866222211792973 -437.527378368816 92.71584021695656
264.9297110131537 27.323364291013046 0.06226269449915023 -0.05437670625046783 0.05 22.86108846829497 125.3158133125844 -69.61605793109894 -138.9496308848465
346.1818070067794 -26.697275298968705 0.06255355530888385 -0.06901112662796964 0.05 7.300713260453299 -122.90442452675438 -339.23672414186854 163.9916542156273
119.46766959096264 -28.559623888569448 0.050923245877714685 0.06191847203917445 0.05 18.10748654279202 179.48032441741893 -288.77570145752327 -10.44527476659838
225.77472405003456 -3.52836402263004 0.08644328359522957 0.06056059319530152 0.05 49.084428553831025 -14.68713808175238 -252.3063351260426 -145.77220565336648
290.0958383657765 5.516597511807395 0.09881243632522008 0.07360361756628087 0.05 26.529528543441977 178.7688119425905 -273.2702565454133 48.335699780461056
239.6017071036669 -27.771224044028266 0.023300344691868702 -0.01322379265597219 0.05 19.16649954788538 386.2912488320896 -515.6147211885075 59.37132161015245
131.67035521425743 7.853253478896482 0.08444700456711951 -0.01707089893922639 0.05 11.06691868099077 22.599124933770128 -151.37193289653007 187.94898517788326
130.40660048737377 -62.66622467216483 0.07369414291910004 0.11500006611721336 0.05 5.538439483326971 192.07032115148917 -305.78784034392436 -358.65656354272124
135.226000845189 8.564673050522046 0.03874705275504442 0.09560782728904209 0.05 24.31944412484399 336.56377900971995 -155.4828800467842 128.38162314554944
358.482273600685 32.99153249059362 0.06999285099155927 -0.06663957997220488 0.05 35.56689508286317 139.15380334915636 -560.8144429435938 303.30102738796836
291.9919222493546 -19.340668544981117 0.10216250684341555 0.09212386973411281 0.05 61.80401332468088 163.97300984739047 -247.0669237068527 440.83617729991283
257.5388354234727 -10.496022477933296 0.05902206351998762 0.0007549671747390779 0.05 4.5806370566160775 13.798924023854937 -338.6623277178095 -242.58674877697473
183.0884862032341 22.600990143110337 0.03035253246376013 -0.011721581517608165 0.05 3.659401360573523 221.45726516822626 -287.9999303662277 -95.3381456661358
356.5517294877097 11.949327809939431 0.10292950359458186 -0.014734559652502793 0.05 36.990039969742554 53.23266796230587 -254.4962595740284 -56.69784790091626
245.61977517253737 -57.422618490326535 0.09699766268556798 -0.008270410300484603 0.05 1.8076770665158177 194.46767056740921 -335.1725762329092 205.18460895896177
80.68414904699324 -15.003434208557028 0.038237577498080766 -0.03819434500534663 0.05 20.54345858521119 268.75070337364116 -205.24913093137923 56.78284021365886
119.61465415469112 -12.744194874609104 0.0738562667781959 -0.06995342851458142 0.05 14.794450985159838 62.09226157433616 -747.0776089140263 -6.57820794921615
146.7959888497557 11.621261442255564 0.041136632358315994 0.005956658374132231 0.05 6.7313275191941475 -100.0223357598075 -238.01026496552004 182.95856345196634
167.58370595378457 16.27885580443615 0.041286167079712 -0.023900395942055456 0.05 6.775648476783888 85.9077761350443 -494.17430892366804 -55.66209292731537
2.3964503045789702 36.70819980761245 0.0759600333384558 0.011499572366976891 0.05 6.841701635957275 -228.5001370684314 -524.9713596138464 -261.32747966540944
348.6403433889303 4.0688744535774015 0.03374500067034569 0.015784663938764733 0.05 0.7554226474819519 -161.14795521675063 -31.312856519328477 -331.80266300621776
113.28195107145967 67.69627978906765 0.03784085713506746 -0.048150906498858705 0.05 13.085644890468819 237.75655873117944 -622.8844526761296 -42.373734393685496
107.79247359447137 42.18952061697946 0.06490599474936287 0.02190381897174673 0.05 3.10298644071767 216.53771241037538 -337.25574357371556 377.5010946806921
8.073952137394711 6.554216698692457 0.07799067641040591 0.028393547642667057 0.05 35.893224179783395 355.0191345831249 -413.88068304087716 -80.58115276417325
315.67485575438803 30.226134943897666 0.1145745239515168 -0.11390661989716123 0.05 51.941788607829594 470.95635481244017 -246.47276597512194 39.6773166127379
227.3802359649584 -7.678595517051639 0.07217058011477206 -0.055897801900341625 0.05 3.4241978204226458 119.79786812910245 -130.33354715561535 -44.39732269845311
76.00563782229044 51.13300517025915 0.06391912292495538 -0.039682799730051524 0.05 37.61191592997478 469.41025263300446 -204.5527899281082 -231.64115712279363
47.38952044990251 -58.45388237981969 0.057121129658054715 0.01906628763266806 0.05 14.593834126048177 270.5478822485063 -214.42947553202717 -74.95177632463601
96.47844427218229 -71.28598486684689 0.10273640361761371 -0.08864148588147729 0.05 9.031144038646682 115.7316129552014 -243.20735863767646 -200.53482150941755
49.63308063466645 -16.539270117666597 0.05332136625983974 0.009790014602896772 0.05 27.369484042606008 156.19386936097874 236.09960484349688 -56.58370357163531
16.305184263478214 46.39437354456824 0.07229785845440384 -0.008123016282776983 0.05 21.719949417163907 103.9115921730498 -322.80945638775125 30.275512765404482
239.1150515888369 1.9987116580152535 0.07335691103214015 0.07376046806439276 0.05 212.74750891952596 117.05891065210729 -318.67968595242934 75.96247831648422
246.54605161823903 -49.56109053004907 0.10639159782382812 -0.027197596936957166 0.05 57.88728509908734 387.97981561045344 -645.4736925549703 367.00410578549827
75.76314974501416 48.08941227311148 0.09802931996426456 -0.00909085419157588 0.05 4.439380131014493 181.53062118158036 -116.41478626148921 52.078107105802225
33.81007682047938 -21.173676890143025 0.05619130211538681 0.03449034273592628 0.05 9.105250992591797 95.01147851316179 -772.6677878161553 40.564412760725986
21.535837364435427 -12.809965783830133 0.03493963018800894 -0.07859425273899388 0.05 21.233698409140484 -132.78713536867855 -260.14037371390054 212.24605516634418
68.63054980631884 -42.46845625846381 0.08665311044780366 -0.021616397711385123 0.05 50.20986582508889 128.81729957130761 -698.4851909840643 -274.8568878634636
258.4334165723247 54.149377323585995 0.07812367496638473 -0.0691860545077892 0.05 1.2037183296108132 336.06068969423166 -87.7216868157821 -4.55810445044942
358.27786666949834 49.75130544617118 0.0690291273345629 -0.06451724264392732 0.05 4.864498293269633 140.34977386139 -464.8733851048006 161.7136691657705
61.714575783476796 24.62009032218647 0.10483527418009553 -0.032533470592703194 0.05 31.273598094558203 344.1774704184992 -330.5188312486106 -92.7832929699035
313.6663950157464 -37.3292640017549 0.04877542980116201 0.021247607508303453 0.05 12.391442675159952 58.62821683562163 -677.7883081257761 -53.41540408610403
181.8304876349693 35.59338540986018 0.042209059483639955 -0.0725403488468605 0.05 7.254552800509816 97.52875590502563 -192.174763023479 51.276025095335875
339.92862932956007 -29.482938255117844 0.08810966385725294 0.0919153096770611 0.05 10.623021479184954 500.8367467477198 -353.70042553977925 -122.58255198399667
154.84667527334864 -40.612875992177614 0.08161652100849737 0.05987777197731245 0.05 22.32449857006841 296.3738357045789 58.98360037761046 -58.94567726860704
250.40736053176255 26.46947627541884 0.0994867084027462 0.015929599653208976 0.05 7.134900103074903 137.22157618421022 -125.71866591100789 -127.58035800332067
149.55386712222744 -8.138946260607744 0.05982845553479765 0.01934590926219291 0.05 14.006102642830284 261.95216356373436 -443.4538868461445 201.1097509036773
117.25788461062109 -20.60967890180044 0.07223960355007208 -0.029463291644978178 0.05 5.523422907210256 227.40166824497393 -299.48544185284663 119.80151340996002
191.0739763262874 -23.593555622146347 0.07164334970270003 0.023343842150707138 0.05 7.5311161547341285 228.99438085822416 -160.74767310482846 401.47556430161336
137.59130411727352 55.40138649967106 0.05012166384259564 0.02301257659078703 0.05 25.266580676354547 407.6340741539353 -352.915978751717 -315.5179307070282
25.63655658023132 -67.40939659266327 0.0734228992725865 -0.00040849121996651525 0.05 9.286112079287612 525.6108794433337 -604.4141445416119 148.02038317640364
129.64308898598603 47.013210570024256 0.058711505100761174 0.04640753110532608 0.05 10.443651088422136 132.59181901632024 -421.05514024029196 235.42439655387065
51.67461133516051 -10.491583489106675 0.06407308909474674 0.011794543425975093 0.05 34.35610902828231 358.5695077491389 -134.84362007546446 257.4297873975069
128.67299407662645 -8.37301116251725 0.0925402877362016 0.004700551420473333 0.05 14.982584875548246 249.45007635673608 -235.77358209444685 -133.5370475824849
126.90403600486921 -19.318702614263344 0.031214864321275293 0.019023248788156862 0.05 23.23966303507553 86.58932663231045 -369.50696891199993 99.43202016866948
55.18737777118305 -37.21023373241857 0.10160663014227489 0.01018734539015367 0.05 6.192278753635333 -254.39376233923383 2.273388239695862 -11.75660813947097
77.8848798559721 4.4488845772841765 0.06517870661290792 -0.010253715912424195 0.05 35.590652978319156 98.63168116702326 -630.1601349813415 354.5869234951849
336.4750909910167 -2.9912022962501714 0.10305354371863995 0.02822910864460082 0.05 40.15361016963131 341.86346753298415 -275.5295258525121 106.58388771759428
259.0452973019517 -45.35413899979927 0.09551045567399741 -0.00691513929176651 0.05 11.022571866340437 111.98035993534089 -245.56485149816177 -217.81834903342536
272.97142342866 53.294648171164354 0.0343338853224624 0.024798660017069193 0.05 42.8358943929153 62.307044440183375 -236.06999860871719 464.043713115589
234.27913812733482 -4.00402664723646 0.10727024894573 0.06093317269359834 0.05 172.41645978022228 237.66249457635325 -119.21375345013746 -58.36076796567457
170.68827498258065 20.358891523933437 0.10410132825592844 -0.1039278116485297 0.05 2.0099263396329654 74.14525481214224 -412.226742409489 -377.1237796449272
78.30321083985261 -15.357920478417142 0.05108410859802692 0.0038692916231323985 0.05 26.732976447326458 96.71351780412283 -343.397056426186 188.13251067277318
189.14952321271454 55.902838447520935 0.02869756714050431 0.031631524122668925 0.05 26.995998633866854 58.46458453574684 -217.15706316941726 241.82856322639864
357.61597609467776 -3.924323194935771 0.09995489170503213 0.010794791379839346 0.05 16.47513640638632 -233.45116383269806 -209.3639583432336 -72.28595176537405
119.06699696124649 -55.61759443943827 0.09236151191072706 0.03304585914091845 0.05 2.6868256055264252 531.9477472235071 -334.12073378393035 -174.10395795159874
285.13474684936216 52.808143383729 0.041423483655082416 0.06404402576798414 0.05 3.3216605175128273 391.1245942475317 -471.6313376981463 -189.6398577591006
352.31425304527994 24.385172186007573 0.05903105992774593 -0.020459197740043913 0.05 33.65365571017794 410.41824338892434 -251.96666780848108 159.71850188806405
146.22586732844283 -11.502289574179503 0.04869440921074131 -0.040705698857037245 0.05 31.924192913665777 398.2358062005168 -509.47574691549687 320.27217239604255
128.01414103322548 -52.439711761813356 0.022991023972397828 0.006768097839473887 0.05 7.32484201782205 178.22341872433284 -469.43445671986103 -123.8128192331389
11.152729750764122 29.62439991039989 0.1056835708064554 0.06331291010511042 0.05 1.9899684090633976 522.9578753946839 -331.55950541155516 265.0673360457155
264.5375907340369 -32.851482427217775 0.09457815106789846 0.003636566493853187 0.05 11.742926677870084 121.45845641073177 -300.9147481611106 84.77169834319113
209.95303148636984 40.00500703847232 0.0762425173087371 0.04799653725483467 0.05 5.249580850127648 316.9352901740912 -201.1384452105744 354.48007956378365
29.360368238716383 -42.630243720459305 0.1152859535742361 -0.009270600137238594 0.05 3.8762865171789374 221.8952939869571 -179.62324432083219 -38.901347908249875
344.9834489985821 15.51269645243405 0.07694326999598244 -0.006420429440575755 0.05 8.893275375336954 88.96971802158625 -6.594834285955301 33.0570123176373
60.597706391683225 56.85324944170462 0.0382214294167571 0.04236827439051821 0.05 15.712092922080124 58.1005503716876 -690.7596306161395 187.8728016573004
180.05576574945866 3.7105056244979373 0.03578542049946032 -0.040242322042732134 0.05 7.656314707008487 117.36291938498883 -181.6556903003172 107.19763808255415
56.25206287976448 1.243704126802657 0.08187777210033453 0.011584954767237594 0.05 8.763911010384724 524.8797267768739 -741.3143946770081 300.6378806952978
304.0189749178861 -41.01507695984638 0.08454351533379367 0.08826354333731784 0.05 4.75058031864561 -99.45770654455555 -685.1737219933923 -34.464897405509404
315.7361425678328 -31.10441756055721 0.04200616715933325 -0.03681650959874942 0.05 36.386940409154626 379.0948673456322 -552.0265301954846 57.36887509623901
22.620501238375034 -0.5275709799659853 0.08126077058456982 0.030518949997962858 0.05 2.8419434079601533 469.1259492915067 -433.6308622303702 281.0213972614723
235.95920731646237 26.737051604734113 0.0799154899370027 -0.05065741765934522 0.05 24.43122782370716 457.2189287492028 -9.382148370839332 -27.892632252951856
130.7723943065982 -49.282792307865336 0.04225373158609336 -0.05615563883143246 0.05 47.833274042552645 -126.70407534945309 -503.9292023611607 17.98800638779295
127.58559975982735 -46.321211650704385 0.09127708254780775 0.08117414286263515 0.05 11.457597008808262 159.05473525393455 -554.2809456512683 151.42984270325917
180.79122897034017 63.24318682701748 0.09931074782728855 0.04563075058994217 0.05 4.3257620340219 67.51241537497648 -612.7294929629638 -126.89767024654205
67.01145124445031 -34.849944548903906 0.09792031361935427 0.10456769769067761 0.05 12.487475076418812 154.23624451053303 -218.1047609291161 6.212546593484603
217.9194834758181 -9.74876429661785 0.04865222971865002 0.028229409747400534 0.05 30.370714585979904 561.9493304910211 -190.3259128721157 -154.73917461008577
349.434934251123 21.431640795914237 0.1150233714492459 0.04910359733156338 0.05 41.01706556285695 230.46551150126496 -319.2820535299082 -13.316094119960567
289.7049666477718 -9.64079986053764 0.0776688790361546 0.004683931714189884 0.05 0.9913575032290223 327.3217975957755 -322.87601075610996 77.48756886277054
344.8742783371111 -44.94146141930193 0.09608219682205776 0.00017846189365765307 0.05 31.046182824273394 248.13663792128992 -428.72498755837603 282.399423157564
215.61247866735724 -11.11361071247009 0.11413231542655322 -0.009038321901357374 0.05 5.18437300059517 161.68690750945507 -145.8688177878707 -46.97036356482572
62.367320556050956 38.42012300160952 0.09189052342699888 -0.10628073455238445 0.05 0.6963400428076184 475.86328769243886 -526.5340277141229 -4.846132189511167
284.196124340973 39.96821120180756 0.10158852249604577 0.050138737037448325 0.05 30.262743284004788 -207.23794710885403 -194.68432046492143 291.04789317716416
348.48349810442437 -4.456187731148256 0.07125748394783837 -0.021397382847315318 0.05 25.976049421766536 77.42631579981278 -316.2450094480979 347.3154333717527
100.56833277724996 28.569664415797646 0.04970319754367569 -0.017434407692663915 0.05 7.82099116578721 381.88764625905736 -736.6122926801024 61.717455164649806
173.8702406189683 58.45609849337564 0.08667169309133982 -0.05682674621737548 0.05 48.07774396880823 97.21385036392871 109.78552271695668 11.579341860991669
12.800244063094217 -35.97623213671272 0.07218182472143297 -0.030600833315279585 0.05 3.188471282001994 262.37056669550157 -209.6519128027212 86.82230345348411
230.96983161279516 -14.65109112941737 0.06798929939953702 -0.07110291898074023 0.05 78.4076768710508 47.20733155871645 -152.0033034985272 -4.540638746994951
188.99084518208744 33.65688649510021 0.055256597810493746 -0.048223191887714456 0.05 8.157081186227606 155.0178899005271 -241.64279017645387 35.234727367797
211.32221253077304 29.40705103715528 0.06853215647965816 0.013587389177625642 0.05 3.728817424527045 -7.116309249489348 -200.62978118483258 249.84232334236464
290.4844782254043 -20.07914061201417 0.05086600382405604 0.0501514779816843 0.05 20.640206299519082 -4.2088921374992765 -692.194358298394 199.06836390582458
29.406068629656165 -46.21947134660756 0.10161996618356817 -0.0005768709184205779 0.05 15.572424415634675 297.99027715680563 -92.61713505905055 235.16166747510306
351.18865760834535 -32.90883893785426 0.036085917675857226 -0.052883267885002354 0.05 20.875484474314778 -382.694368251479 -399.0372080578972 -8.244380036531851
220.51190757151969 48.9504210307092 0.11026425701743703 -0.02800163745410084 0.05 7.653912438249173 -12.178676500823485 -465.9172229756259 -61.83318769013883
49.554531211478974 -78.5661979494989 0.021465260941974096 -0.08494681715352445 0.05 8.018711786915073 108.74026174995177 -395.247457888422 241.04664283332374
90.17701938991887 -59.23618904409361 0.0552712802194153 0.015116505933926631 0.05 20.869502704933506 291.7022305967504 -65.28652136941707 408.94408169043624
160.0950175668438 11.015329553047325 0.10037881163098872 0.051302020218759604 0.05 44.78990108597733 115.25070894208314 -642.2304324025667 285.1246733020563
74.5957080218694 31.232681827967305 0.09545716935181692 -0.02533558677999871 0.05 9.548056554495735 255.61961031346556 -147.86830190408898 210.13288414200233
135.34686717254635 -10.262144789361491 0.07174020948114834 0.08969118936960907 0.05 10.718939361513977 93.67139948001473 -673.4980477555216 235.00596971280592
143.0128879334609 19.56566379524042 0.04654040229726397 0.026539529020819273 0.05 12.242496676800865 76.98913174228072 -435.0209144518034 -199.7836399924288
161.84576398563303 1.392997038480153 0.08167440366489886 0.057634189450975065 0.05 3.4595840168879266 215.591699326206 -275.09313632282476 528.3266476531685
3.9576144655685903 -10.43468932996856 0.07028658917343478 0.06053484700454523 0.05 17.629316870931657 12.95814562448075 -488.81856889524283 -49.804177768029575
21.4042818868502 26.73320125714605 0.06528087208636357 0.06209124204723236 0.05 3.9588135942652527 184.06321996223636 -367.18828311765355 -100.34207271748164
43.013413261693486 58.191994825613925 0.05148755832890761 0.06833389110831353 0.05 10.386313599313455 -62.25657677843475 -96.15049231533965 59.228327309554835
31.199205015779786 29.509518508778378 0.11155760309204643 -0.06220563659441931 0.05 4.859749678985923 44.53800777202065 -108.74758883307268 35.31288316331499
66.11445446288897 -25.941359258930436 0.05012310164798395 0.0273114640561811 0.05 26.98083451744052 195.96478580154795 -580.2204164500406 -24.156334155028006
14.767627346647382 76.7208650787821 0.07095863176024553 -0.024858433330225443 0.05 13.876288097376431 260.80096281302576 -281.3057372466544 154.38886154064585
174.11866596514102 41.81329758688923 0.10394026007976498 -0.026245962383637293 0.05 29.232261909979478 128.15040529348988 -358.27429292570866 -237.67463427543242
60.74475338629642 62.75879392861764 0.01927052305307919 -0.03603377561361797 0.05 13.306617001622966 102.13066270791708 -239.09251478249246 -206.90514401567486
256.8582239598046 66.19041541281081 0.0072587975709099695 -0.00437859717876285 0.05 3.2552389344567905 546.6016723800881 -468.1227566187782 -208.7234388376658
137.35108690709905 4.41906964581929 0.07831253695197771 -0.008260942201112233 0.05 21.874812091190392 623.6636865132666 -375.461644061431 -331.9889018349027
29.956353396622955 7.702111698917495 0.07361908596412525 0.09880054608647602 0.05 20.83888882434358 -43.76318740125075 81.64833588863024 47.292266522301034
105.00459241722942 -1.0710824993589412 0.08918106439723306 -0.04040254585117273 0.05 15.952281679868516 287.0970867696191 -32.4735365439177 178.85061773297505
315.13983293709447 -28.171211775945803 0.07888487053303694 0.07162409487728505 0.05 16.01224077636036 215.5899723336263 25.92677130509759 170.34691240946293
114.44734338836956 3.239792986384313 0.09068121105928073 -0.05203591061262842 0.05 52.2592299091579 601.990314036807 -514.1903785629825 -53.10361691755625
307.27810445332926 65.63251223893097 0.07552797443046799 -0.06539942945951083 0.05 5.164111016095727 340.1067506899201 -421.03335390237845 -289.5979291197381
286.43155044600593 69.43341539800598 0.0984279297328905 -0.16915869472442915 0.05 23.062730243558565 177.3364153581913 -10.744703073940627 -336.76963266143616
31.44105770180696 -19.71089171336935 0.10720678532722538 0.04471120588644703 0.05 8.154302414419508 42.772876619588004 -229.6734384892984 -79.57975902336386
344.84568436955317 35.62694028884798 0.06458292022462464 0.008765257091129774 0.05 16.887767952042537 330.9035420290978 -351.661101923394 72.79683034536463
250.1640272136555 -1.693423640471107 0.016329573952879484 0.10924883289854193 0.05 3.242791306653141 -69.36383700490728 -500.94753261743244 173.40826165505104
5.499810505475973 -37.99753391817455 0.0662886695150664 -0.03547680353271537 0.05 3.516731500814065 -72.87309085597377 -587.2149901332311 -32.49893991383844
273.08624601895104 78.53174786365656 0.03778387362634472 0.08619389043312768 0.05 2.4449533500006724 -25.993382852988532 -591.457346364838 -514.4850616093438
317.2025226694323 -15.114287959721127 0.03829893708679477 0.0860549458862444 0.05 14.237239400017177 11.118596503539038 -207.76502839589276 -215.71183923025438
95.34083985267863 -13.409708374535516 0.06978942820872636 0.015154752441456198 0.05 20.35676250087018 644.290614225225 -85.19160799784777 -98.04987178769588
262.2870412183653 -37.63792656908691 0.05916980879120093 -0.0004335247544672103 0.05 22.87484252579264 148.77321254440136 -562.5319572592232 -269.77881715574836
145.1465703479492 -3.039492929487497 0.021311157862147878 -0.006849887878233315 0.05 25.92530252051119 38.61981976214267 -681.2551220164255 -55.92040864056429
45.38106974669909 45.44498341810843 0.07323822928545765 0.005387705763751005 0.05 0.23583765818266927 211.57849803189174 -52.33164947473301 -178.03967711775513
100.16941679043543 -74.59159314472903 0.0710154095341311 -0.03918483667215902 0.05 50.42306487136668 150.3411242118845 -274.62583982610676 143.59977950065348
51.4542276890837 15.775652540156077 0.10434218966038467 -0.03979662826222897 0.05 40.81751883647296 -77.11847603204205 -275.27799417170166 45.39419772450917
141.03236943444594 -52.407122357868914 0.11117920748385424 -0.0793988995969628 0.05 14.472834833668838 -85.1656647740387 -124.20878623296775 -157.21922888271277
60.360167765479865 -21.501690273927316 0.05387175067517891 0.048350709956690566 0.05 3.4585297949747402 62.22420625215668 -402.7261196086467 2.9482990012335577
357.6651513956438 16.086884206794178 0.09573782052934066 0.02031506505356112 0.05 2.253906571552758 -130.56456806883386 -27.334268692299588 -317.6975086776766
214.0810049905868 49.1377443395234 0.07642182533920705 0.010338944203832084 0.05 26.8523278667167 211.97911718124732 -411.2983166908881 38.789414291622016
144.65280453822254 44.874125216325965 0.07849052080557062 -0.03373910224850017 0.05 8.757750431319623 440.2859065647746 -376.39488394728534 5.75563703316179
170.10821252345883 -12.234189777528435 0.0989078834329542 0.01284075621169694 0.05 17.37519484356561 134.23480594149444 -315.4690789951415 -266.38263110563787
108.59493661128495 2.529388754149481 0.06112626273116417 -0.0012871836256240637 0.05 22.67965895827003 476.41863939281274 -384.1644268453557 -44.28893992797137
61.876445249032734 -9.940183976735513 0.08212657791222688 -0.07352678758924623 0.05 32.96154473520812 154.77595962209435 52.113400932482534 -83.10209091026314
6.182236123566862 -41.737325133824925 0.0794722491780604 0.01336128762289509 0.05 34.754268167027924 103.81237302540015 -185.42407656959168 -92.76669896929874
173.9903458517374 -14.759572947622317 0.06078060453077905 -0.03603585641769998 0.05 11.32712954010503 289.03261374181886 -357.46152977401835 -168.63348140500523
276.03364043912035 -20.316355850734045 0.0836170817616213 -0.004813138608763649 0.05 19.42486427113961 464.64875397780145 -778.6725706567875 60.90409585666717
59.6885619031579 12.654646336267485 0.03846256487664479 0.004305904777793926 0.05 34.033739121330136 518.3828114155142 -324.96992407646684 -140.46852212247748
337.8301880115123 -11.016039201847454 0.08688918540809865 0.023601954495824556 0.05 5.3816985550534 -73.89290906251671 -397.17586604108345 247.06491142447135
119.54787055477836 -51.53665305931299 0.06182918657741676 0.08453576083131613 0.05 30.592617382264812 186.3665146333697 -741.0097098846595 -147.9274537972963
19.134016693263117 -12.959731217396541 0.05554134374938302 0.05766901487185574 0.05 24.638342749847066 125.7736507595572 -358.2460287592012 299.26116158404295
115.04110754072929 7.042397982458461 0.08798717945316836 0.07191293020843723 0.05 10.481526492867498 72.84957260335861 -212.55406352120752 61.05498798022913
119.48203470923261 -7.130214818354035 0.07932739915283005 0.0242369706695067 0.05 42.56471487374751 -159.8539390352642 -326.4047078735029 -66.95133422146469
263.477424364695 -17.348565707376153 0.09295488564048271 0.0065158732634216805 0.05 11.886472115472818 126.02142215274932 -222.47953852008288 10.523607410678345
120.37395916929457 0.7289609098613795 0.09297240171133292 -0.02974218294446777 0.05 39.763011202044055 52.522819434271895 -481.08983511482734 83.40600859578367
208.749975903973 -45.73604697063103 0.08277605812574618 0.053551913189831574 0.05 15.508657241296513 511.3415183781882 -15.093831509304948 346.02315681236473
262.2239443320053 -0.46633859645309195 0.06434999423723786 -0.037320845910121775 0.05 9.864830591481669 533.6456264667288 -456.12704795081737 -96.62609358076872
278.79052225173507 -70.32459918012006 0.09177021460200696 0.06001867095096229 0.05 3.352861384088848 390.6373446025307 -525.2579566048299 -42.354078625562025
56.75714536249849 23.189643954358512 0.08339533867226145 -0.029334168340560414 0.05 19.643259146233092 204.4315747233878 -459.6963121889735 -239.80708278005267
180.213587508435 48.31179562482907 0.04987990325749947 -0.009419940174838388 0.05 10.411800381664756 251.48727831033085 -9.139555098211531 -60.093616084712735
92.99885030689445 -62.52302103298149 0.057756755959716966 0.022278952703916194 0.05 13.415997554389232 198.6299911033367 -172.22968216292307 209.11897582367092
296.26698764327796 -51.45830785903576 0.10634308441790408 -0.050776095553991346 0.05 20.934958770663005 315.28648049101344 -231.2583089656422 -77.75701709041942
13.80810524466391 6.827533506555547 0.04439273507567254 -0.005310511429466643 0.05 31.891949565167337 453.33340904641307 -92.2963902148584 -16.419814685233106
93.23198082676953 -59.13939216308841 0.07878335029296935 0.024039846826882705 0.05 14.897292660258158 251.64636118188622 -255.42112729413947 295.3354729508243
79.74288447545752 11.379791790005514 0.06184908691471169 0.01956712368736811 0.05 12.233175389213859 309.1895029955601 -124.04169961858369 -225.8028378926631
187.69072669027213 12.135217613480018 0.04059221669310964 -0.019149378617255047 0.05 56.876598800050644 209.14237415507543 -581.4354755064446 -150.13826508520475
317.5411860897931 -33.44565408782756 0.1019470451329898 0.08337945863283029 0.05 29.102914968439496 40.62429268587718 -281.6211612974145 -248.77606198984012
93.54025918934744 58.87613710693317 0.11454948633580853 0.11736381917258244 0.05 30.6847143549709 145.29810175147315 -39.206418694374804 319.9196753327577
296.0896228790863 -66.12481338137229 0.06152214251135302 -0.03095310108060805 0.05 27.35477749926385 -157.3715377215384 -647.0407786850986 120.37221113273252
116.91413152470668 -14.5350342064076 0.09385474196838417 0.024666271084347983 0.05 21.106078499131385 197.49295464305672 -466.4031929472325 135.6472003947856
243.38495180287325 35.55693289648532 0.06308585432101843 -0.07264688847019635 0.05 10.869864927415502 275.1178482206437 -332.7525110604834 207.39645069523644
201.01750262124742 13.500583728492375 0.09399100773387903 -0.03152593606168287 0.05 7.913273688734368 -124.89646290756951 -519.4772893225352 -57.65797949125995
271.3930331673773 -38.191288214681485 0.08208530510568068 -0.0529312057186788 0.05 17.210513930123394 572.9978105061114 -308.10060034423844 -296.3680120620545
18.765278664549868 21.084674971048518 0.0837694999377081 -0.00025732363970093226 0.05 2.548441697735028 317.28609461736414 -260.8758740234852 19.038738386012604
287.3416034693642 32.11989096973279 0.08556740460430201 0.02038871764594049 0.05 2.2607319496238594 299.5744558204279 -541.3438586986955 72.51732305247623
55.92317353207681 78.52371687432594 0.06973532997025789 0.025426396300273154 0.05 22.884318170611348 455.0485042218057 -359.5910116269935 64.02539779025469
316.4675570372647 7.004083429785748 0.08811744532894417 0.0176566607973954 0.05 26.733954224974948 185.45530611708358 -273.0198093550203 -31.88905811149023
62.38166067885922 -7.591243150784701 0.10782258168372416 0.009382305918295034 0.05 21.145082843935352 -225.28708785828036 -362.65199859930055 131.8230548867488
233.05625894894428 -25.16640707870401 0.03831629602272901 -0.014954277971048348 0.05 69.73192118361295 -6.816470683710207 -299.2503226608055 94.16545220355874
106.7623290208301 46.19266087356428 0.08271007967924038 0.031887072969229574 0.05 15.399586260132473 132.03152731769254 -163.20144569386994 82.21704158937976
136.6119899436032 21.02501599840133 0.08908438728146018 -0.03428041361135675 0.05 3.2171393200828193 261.2266464653053 -285.5537432767257 12.737300885484473
54.54225381593232 54.33561506943085 0.02566984214049639 0.011208310959517367 0.05 3.6621932176214997 583.5451617797296 -847.3393365760821 -40.77930403104682
183.93992146073322 -39.861373359504675 0.09860749270937785 0.05020697540236736 0.05 13.021803794214517 257.8302087239075 -189.7659918195924 -397.98581819697796
162.83606123860233 -27.45143523585006 0.02649299406683081 -0.028337028461271157 0.05 2.874093617710024 458.3021825767013 -463.44631448353334 88.10655802403014
84.11293427723506 -82.23562124890287 0.07306667964353708 0.03495094281441737 0.05 9.329298524143251 -221.2098183137087 -598.6375054477123 -191.3646373437719
33.663145385960206 -21.69316901437893 0.08977910116331222 0.010188169158387408 0.05 18.380151081856773 534.7952833758543 -29.004689918536826 -156.346083911629
121.35457281764715 -2.8089628266444597 0.04943540476404196 0.04584302382833992 0.05 2.827678408543374 333.34663746718513 -238.603801703393 328.89420305672746
226.02947462031528 -44.81433733690985 0.0987825736222645 -0.04352521824773033 0.05 17.031697291724967 316.09135332798616 -267.0308684259276 -238.31491002480362
343.97452133628065 22.799227325533593 0.08758817549625064 0.08379421291950977 0.05 9.157669455719368 -32.97502625102672 -705.8836470682079 73.98996101888878
221.20645672297067 26.847907022051018 0.0465456753513076 -0.03871019596748811 0.05 64.38927265289297 68.09285897089896 -228.5646193872994 -329.7347625241445
60.918676511827066 50.22749118963178 0.05989385186815421 -0.02629479431828691 0.05 10.51922153939628 262.1376358344095 -213.56913586121166 72.02685200313478
92.79734341709829 -59.78252407312079 0.1022836748821716 -0.046225252925681734 0.05 43.10981840294943 40.41038518612996 -323.1384009010451 283.2751498244585
330.328174532723 46.95976658785599 0.05320547205777171 -0.024408267437747558 0.05 41.209794639852404 228.9105034280293 -239.53521266930517 381.7699975760838
72.52090739985462 -67.76871407757157 0.08985087972695682 -0.03957899015955541 0.05 5.962312087023101 433.58431610106004 -221.11440481837337 280.6510441282911
294.9502769424463 16.716651919835567 0.1060391100606557 0.016726893089109438 0.05 14.683849733952103 269.60097096162906 -558.1851747833448 248.82616318737914
296.3544129038774 57.88043902776975 0.095318105191873 -0.051219692228284784 0.05 1.9554089737271412 472.0592774575104 -338.194209115356 304.63151195547425
273.6769929283101 23.486240325849458 0.11222826528426122 0.0037008899992485244 0.05 11.992620600111056 406.37469278568574 -485.2252114808076 87.68917521037483
93.58070754491041 -45.93364865100194 0.05979922202714261 0.1207272064820707 0.05 3.2084014643884253 423.8484544465193 -59.44276430066381 117.22476015298119
166.37333471427243 43.72327107767653 0.10372724126690303 0.04841138822132291 0.05 9.066836099435832 226.8202040966943 -231.12765426938444 127.93170727455868
341.1101720564554 -0.33670497132447835 0.012317409262722956 -0.008330123053361303 0.05 34.96499236350027 232.20738542948214 -190.36597609842408 98.34405590808322
214.99924149214903 -31.34599836806144 0.0682143412084335 0.07509166812864763 0.05 6.308186768660427 0.6617494560505861 -464.5484209693618 -2.69217779945253
28.839890521677226 -18.30133846574738 0.10355839942280909 -0.029177512890295524 0.05 62.81853783855227 264.66859992232196 -169.76039034388387 23.116459072020866
77.53596376655116 30.231400500203726 0.04662342562537414 -0.012394975984430495 0.05 31.735058148514895 53.59689192767442 -510.54391005696823 -179.60492449322564
308.56845530284903 4.435769843724277 0.10931010104296046 0.0037673559363322964 0.05 15.243499353796839 414.2007078738942 -583.064019302172 149.31624973269948
109.56746223617321 45.23086081860665 0.06563475346891035 0.03245243529702948 0.05 14.792667655204632 583.0089441942916 -180.3600486443267 226.8132658811531
193.1396039079541 42.59498708838598 0.08845082795876591 -0.08440911093984224 0.05 28.287371234705788 74.19212329932485 -303.2694348854577 64.9256954140516
246.43049998209057 -20.328250899695146 0.030491185276873445 -0.015199675550237799 0.05 4.713364276042531 216.99262579212922 -74.21621114876166 7.638990560074369
252.03864556832184 -1.317561727015105 0.0589463397211365 -0.04777372081516512 0.05 2.2356156804919083 -74.34130089195537 -456.0878943006063 52.867843929995296
69.18820748503798 33.57228704705433 0.03576132299742274 0.10420434154684378 0.05 15.480197709965442 477.83019259632675 -606.3209829155069 -97.65953024465483
273.7895430508582 -70.03821049447598 0.10934228466245655 -0.12000982335978772 0.05 3.6858077684546875 128.60951020752051 -142.74472626254303 80.92435202039086
1.3333875189124125 -23.391624732606143 0.09522638422660457 0.014270431685255741 0.05 37.36565791017505 438.31522696101155 -553.6907070954353 -75.623292613301
39.403698110296396 1.2910892942165184 0.09004962058882282 0.04995372804017485 0.05 14.870999302260962 404.69734979473765 -173.97550370113737 -27.63872144387996
348.1614130222406 -2.217725880387832 0.016814487281779922 0.01510358273570288 0.05 1.5131963495462843 193.454626654304 -426.69700983118486 314.00939992294
320.6483936524439 -25.571590162204334 0.10840104482354596 0.006467343461450437 0.05 9.0944363792927 -184.13468131825192 -195.09426232437085 -248.30024039233433
334.97557511022313 54.996064020404546 0.07490587724884357 0.05302428044545373 0.05 5.3615899250164425 15.337050688982941 -511.9657712874704 8.560146768365996
26.301382775056936 74.70477083926322 0.046086479583104856 0.01579155435894891 0.05 0.6559036282769178 204.04421538628006 -336.24492999343363 -320.9503380128965
339.65734365680385 -46.80122589045439 0.07825307504812207 -0.050888542613510036 0.05 2.1284420106576603 314.5293036822535 -186.15480836128515 -139.56729775643706
44.04041012811821 -6.726208142015222 0.027249302553935095 -0.11440955069401977 0.05 7.209167547226195 -163.81117383823363 -460.01615403465246 193.22417755592895
162.17077960719942 -27.310416875107077 0.051077306282631074 0.020265290609430473 0.05 2.4289936178815315 -25.865718549315716 -484.430156825504 -282.01926569466195
198.1238779922077 58.797211436613196 0.026541772685549025 -0.07661671758833945 0.05 1.8736952466196672 184.84455057445183 -350.5297087566928 31.061754888137543
294.74220462648555 -6.557921375195192 0.09971637761139696 5.8654200629127025e-05 0.05 14.302667368630194 414.837472684152 -189.1550439808847 -183.6818800282487
35.92396915641488 81.89085784303425 0.06851059878320376 0.022576733814781563 0.05 33.916877281501186 -74.5825704911569 -345.3846001408633 180.440479832719
209.2601501220188 -36.1117408882307 0.06261847222347106 0.014375182732530873 0.05 2.006711930741858 441.36109500679163 -20.971512650536056 28.131212303985006
233.94071881233694 78.29212268027518 0.10163559154207502 -0.06889850389973753 0.05 30.795774870772647 333.7589186216745 -297.74991772600026 105.38059256242474
289.41862769794926 37.69597469678929 0.10237643773353522 -0.05715902918369578 0.05 20.586592163104264 67.77415641710428 -194.68681421115537 -126.88155596729615
55.59192371670472 4.75512695529381 0.08528366247747021 -0.056260617083974895 0.05 28.72375255305527 -92.30894964831384 18.766006923789973 -153.44822196595064
212.64452612302668 -1.3881849627193392 0.08706480563607988 -0.03357375052940312 0.05 14.4770004412112 291.8501480203786 -129.64662006270248 5.782757434688442
219.71428895464325 -11.589528974495648 0.07507961715186084 0.042294293721444796 0.05 10.236777833803165 219.1960617269856 -294.8527589474794 330.61902424663407
75.7856905931367 -60.584760458555714 0.10606857047036877 0.01942771735639688 0.05 28.207804234741634 148.76964876771478 -172.8135027577489 73.50360184787317
290.098694196471 20.739994105639248 0.08422964563631297 0.018803778455572046 0.05 52.96743778986602 27.318799399023504 -247.9043119414703 -232.29272866985275
284.23166917006495 58.598689358322076 0.10079938541145506 0.00722175323847646 0.05 10.219884127740313 409.78386708356163 -630.1540352420184 325.78362159551824
39.55600001777639 -12.296504041401935 0.026890979998158038 -0.03830265217456808 0.05 6.919437358520286 386.7808135705779 -204.9161493974727 -180.42820036169996
161.59235060728471 -45.19581987470619 0.03786281944658554 0.03313113645267749 0.05 5.37101249060431 276.39692288528045 -492.06157895149954 -37.498853346413995
21.268452877258607 -1.6229455340227559 0.09783914107627911 0.005936743868855345 0.05 7.97011377605116 124.64234489652812 -505.90596462739063 450.63016500105243
124.25819347689091 -38.54227425775183 0.01827215998070786 0.03377253335548442 0.05 8.595917810216404 127.12628944340149 -334.4373471511457 155.40052082867683
302.15749786508496 2.1690737163986866 0.10859341531645028 -0.010062706989896027 0.05 6.109517056512659 143.6518363202679 116.73478039986361 147.27442700481495
286.2585897508614 14.846419412483804 0.07856528448489208 -0.02327054324909584 0.05 14.755416509899044 304.256246123944 -557.568857028736 245.12940263695918
36.65779628294779 -30.923963791835263 0.05170677298480131 0.017936422652012642 0.05 8.036501700857206 -209.28048640214143 -326.89443341580557 -83.17324449166031
312.53732558350646 17.097923991322897 0.10102668656912961 -0.03939550027557995 0.05 8.32592104402444 143.56417888544857 22.696821140400118 39.71716373969893
237.9593502935925 54.98124260225621 0.049943393258703006 0.053531883027714965 0.05 8.200441657771597 278.7602801070017 -625.1437820613583 -3.172826557418418
146.0189865492001 -45.82180301580295 0.08859042863617361 0.026607685969103293 0.05 18.448531843959888 247.9377257626477 -541.4904805581434 -71.73743081318429
156.64492349282088 -65.74496916682021 0.08181014956197852 -0.03666348329092241 0.05 26.209469206004968 -38.231713240009356 -362.5067164844236 -12.24055886493501
324.05609553060236 1.3129495579939776 0.04073086957645433 -0.01232619049815772 0.05 5.618589996380091 -24.748452378387725 -212.3515913184549 232.55083198397236
306.7728750587308 -54.505529894749436 0.08950013136861323 -0.038296019559939914 0.05 36.435214985492145 388.2909427885662 -525.1242051429978 253.7910840272267
279.88405425770344 -35.27008275978593 0.07439651104029088 -0.021231722803226095 0.05 14.318036144837533 220.89087591627313 -168.26919165769218 289.9704118101032
296.7401865720122 47.672197374389526 0.10179250822222952 -0.058734059323790624 0.05 19.370560847349463 104.12955967770193 -344.48048939213277 -79.5659844008025
248.33973969345377 32.94555483968391 0.05192510763102409 0.02291466284201267 0.05 9.761921292828985 455.2616408620204 -289.0164281175158 101.8277100393428
16.293979284201708 17.714425166821506 0.03417015840161097 0.05233741186573354 0.05 12.742516909719551 -177.66780506046507 134.26002447979675 149.189625017879
114.19518121297001 28.11488764307687 0.06967495500445398 0.029991431242070425 0.05 11.09521611487517 344.7248422452661 -246.76468697426031 176.47263282619986
353.42195553546117 61.93861340221478 0.084371891896321 0.051032780645681085 0.05 22.33215329537358 13.874929349207946 -191.68112428104968 215.4360965534479
61.733315137434765 41.09025792164165 0.045157834688031695 0.014459008212900238 0.05 5.109638476898285 193.31228078394594 -325.222984706284 -115.37044191141322
121.04846047802602 -16.901976658326216 0.09201398388636228 -0.003308910292029604 0.05 5.607569351485951 11.09699381947874 -162.03754914103797 241.68519276788675
333.0327843964652 -44.417977804077545 0.09348651905182326 -0.036171814708806 0.05 20.937372252878628 -88.01159532126673 -307.459505960759 234.25065400140483
337.93426449506256 -36.11393853616039 0.04521998035201036 0.007732678035265111 0.05 4.143955849892793 0.025293373998493962 19.99260842996165 -244.4233486566576
15.936404684945812 -41.609374720000595 0.056983359288998336 0.058151798611577085 0.05 27.28902803909316 202.5724274420559 -380.6309038855828 262.6081122348751
189.60418651048033 4.082140079305461 0.09793814611321872 0.07278478468869479 0.05 39.05757863534561 387.0012573799497 32.89035927984128 255.55466010072104
93.86230428664847 -54.77159030598983 0.0535155653760484 -0.07074342959816168 0.05 25.07193958074581 183.1487778805871 -582.1867921567916 409.9031004061372
99.01553016516213 -8.54379479061906 0.07985580744758058 -0.002842930578320928 0.05 0.6867489017559044 368.7259305347902 -141.7247910602932 242.56079575632208
341.813077488373 -24.654284777133025 0.07994995991476683 0.09232667638877749 0.05 14.318398920339812 542.7925343742138 -467.53799287502443 -134.08902756322505
91.13469791082773 9.445368321169335 0.09593034126387101 -0.014720012523655127 0.05 28.227364006266086 339.3114587535108 -393.5960274145362 222.34811264433063
148.34099096067504 -30.52033176054589 0.0756345254550479 -0.03154022506880726 0.05 6.413028497298677 -93.33405590327891 -301.4317337687245 30.221461472603988
324.4275564634367 -5.771828996310061 0.05470825987779682 0.026217663387570582 0.05 9.66128876375294 119.59340477537293 -914.8144059514605 -30.61758153611582
352.0778033054704 16.741339470668077 0.01912600583103785 0.0553257896689602 0.05 9.17275934061321 -26.683587211297294 -496.3090526244756 174.46794470714758
250.18479049891263 49.39657735761083 0.029448925415328064 0.045810858449426305 0.05 197.89300729062316 35.45682085054389 -624.4414562822532 -313.14182788149816
10.031942182488486 -41.15444375288582 0.0595313317592987 -0.04912752717588311 0.05 25.21471021231948 -244.07593391249662 -398.77220151069434 -152.1924163855022
4.444270080698539 4.676140458081787 0.11494662285660628 0.04726462322655104 0.05 6.819925225988839 139.58488828634668 -520.0209853254141 190.5625841314474
73.76040191629502 -57.53295897671939 0.0868604500029122 0.07959086548097942 0.05 6.5096535997243885 -106.04532844266919 -420.0113852142424 -246.58106885374542
265.9779433500379 -29.7094248522261 0.03211267523915384 -0.033957644421126046 0.05 0.373346540185289 251.9552500363448 -235.18904870532637 490.14184200315754
122.06019962189886 0.04957353568923418 0.03646797216823705 -0.14532196331641817 0.05 9.329298524143251 443.0996317586406 -484.75442680351534 -97.23925864725948
241.22557090574765 -23.535268634650137 0.09632527786590184 0.023075346838071574 0.05 7.4213611913775 496.56782558095136 3.1422877531214226 427.98304751111135
178.54368044573206 22.524710232178315 0.043528835737796534 -0.07597828015180283 0.05 26.601271166127024 -13.487264568538848 -145.00479776514106 -100.37359275414067
191.17726472542768 -22.0969926199662 0.044164597418554496 -0.011912815974650099 0.05 24.006877131468368 11.222524467318607 -112.21477927451426 -32.00821360814719
258.4483387788684 -36.67280949631874 0.08490862451238246 0.0169488665772692 0.05 3.0989788237043556 95.26540900504574 -397.7784293696815 133.8154945555066
216.271869521112 -12.90646250902735 0.08151430114079727 -0.05627038006040492 0.05 25.526013598505443 342.58319788608185 -294.73170679210074 196.75418128613828
110.33406093178799 57.254481442069626 0.03416464299970268 -0.12312424668737189 0.05 13.877107752835096 70.64723046900184 -456.1789080186181 -149.6417534297096
331.54785231165243 -6.741655755476364 0.04902713165600869 -0.03446757805032586 0.05 28.387223780970253 136.76811931707658 -369.28244017662917 194.64835351604006
150.38982730193382 38.72335559661175 0.029096597847273253 0.01147187992469427 0.05 33.59694309773641 443.7157895622656 -274.53330088126745 -43.745642195230275
57.6181283773005 24.58165587450399 0.09510131552892886 -0.020157698535329605 0.05 1.6033764068816343 307.87065167488004 -182.65422176822742 -21.342871528580943
205.97194332982028 44.80575975402229 0.09069963989448482 -0.0434742143390666 0.05 51.00400364526491 531.9214202402297 -346.5866679861366 -5.670262541150272
339.19822708096854 -12.988998005005671 0.048849310639973664 0.09387548463345993 0.05 34.5133790394031 393.71821822540346 -218.9580476546734 5.802449265676373
96.48564833319115 35.4636139201303 0.05671726027103707 0.013730521034811939 0.05 14.746593896811802 -19.372903650675113 -378.6973153766561 87.53688241230412
352.9963379558882 -35.451536730298216 0.08752758144704331 0.07583468924941712 0.05 31.74082879742368 526.3315950025301 -166.89923251569087 257.60420746892936
146.8854373794093 -7.586145789555214 0.06714377716886433 0.06905711631301936 0.05 28.864306615807106 89.59361339880341 -373.45198098821606 28.093218391312558
133.1755962340709 10.5513699025045 0.01881741909765533 -0.02121911473812734 0.05 34.784644389192486 -74.9766736430841 -363.55911114750364 203.34663200530954
270.1654996881699 -42.97071395717381 0.050879496674975044 -0.009070393401093424 0.05 1.787172080301755 10.076654165392995 -325.8374682651134 -50.07187141890641
200.77454183366024 42.390374645403334 0.08057592107898914 -0.07641061779538376 0.05 3.686969781258226 343.88427004083167 -586.4076075014533 241.57396589151924
185.46781506154514 -7.991492975488128 0.10422146834151125 -0.07781980817304726 0.05 0.6866685234769677 59.34739353552723 -258.26330675646244 -219.2517887181025
268.7385149291111 -16.50026180607328 0.08529507875144948 0.060366601325935756 0.05 26.50266034406661 290.4479740075396 -139.5398232183493 55.763205878707254
337.8512386341073 -28.839680958135496 0.10656948400682253 -0.010131498103908263 0.05 10.817863350833337 161.25739814742735 224.47139538346676 123.3890049204795
258.79582853561396 8.13781213210691 0.033076235104695595 -0.00864034171078637 0.05 20.680507328521962 470.68062738914176 -568.3625346834788 22.863320284701143
155.91374671129574 -65.68116642220158 0.09393624713104831 0.051099630882226306 0.05 43.47701830887757 63.05940324183308 -351.6366812615956 133.72920294959718
12.50234633457124 28.887060151872628 0.04667012437334228 0.02721163267103746 0.05 10.159055953417703 641.6017365303003 -541.6572851260155 144.5869634789587
349.0170972539118 74.7425125298087 0.11527835113311502 -0.10761170572271997 0.05 22.97493994936063 340.21067007316464 -153.79870997995454 -20.099041099616613
119.9097933009964 -44.05006531429559 0.07794218095044436 -0.09743950921067673 0.05 42.19456297198753 349.5102558983217 -826.3448172633832 279.7673038157868
185.14225578689687 -16.007967102058064 0.06077067202401021 0.04513169558182235 0.05 9.31323255774328 74.67785283513774 -456.38530881317786 182.64701582058473
46.426632156587154 15.921133321318921 0.061225178315199136 0.02189661080619625 0.05 10.101746372790927 73.64438550285853 -400.7704910792072 59.7756852129802
10.667723800054693 -12.564262057243166 0.10078366698251706 -0.05312364397212549 0.05 6.99162513276987 390.219660182967 -743.7810250661305 410.08560219194226
25.643627983947216 -16.54240682409778 0.04297784289139561 -0.007879502118869003 0.05 48.56892340210703 75.71291151423681 -304.8847821832598 -138.0554003304105
9.56088308564548 1.2289846986924138 0.057866194871526444 0.0174626514553466 0.05 26.027937047882418 96.90030895783354 -80.27947591813111 79.7226451090854
6.118917280694015 1.1687539733640115 0.10629884605824502 0.004479498082299744 0.05 49.17129830042525 187.5382145766221 -321.8147547124057 124.05940679144447
264.8092421313056 -69.67153333559418 0.09519332101782663 0.010204125887107505 0.05 1.5085517860660067 380.17002841630335 -548.6871921848726 247.64780953129016
81.46476066622192 -3.16166792791612 0.10399355948224165 0.0484284735446472 0.05 44.77888408765824 -24.854455943962733 -301.10853776509 179.75194639667257
43.345144157836266 9.264279503346836 0.0899760212594709 0.015149254459622053 0.05 29.584393542287916 188.9962201880299 -360.4658753837475 -142.63401680730897
237.53236250299528 72.23905342937215 0.06488664292178714 -0.06573739194265216 0.05 6.369987778889036 -38.52721859322634 -289.96255766714506 106.2349739182482
327.87746045331295 -8.172883135872226 0.06351483052237827 -0.012177692353232395 0.05 29.391765722921637 223.38605662480487 15.79177784431829 272.976444355752
337.92862495801626 -3.67184031098372 0.06752184136596417 0.07412881300980928 0.05 12.60305951559258 201.37992444896048 -390.27053396739495 142.89612277784835
322.29700260802275 9.976450526144966 0.09090184250275479 -0.03636251748546111 0.05 14.80449363121025 373.63976192403885 -359.54722842375605 -181.6803754402016
207.9814075402813 -14.573595839944574 0.08234085816448777 0.05964725968322067 0.05 10.806611513301023 359.0938243301538 -154.30777024322228 212.91351932130004
229.8177936949666 -33.55487423034607 0.03765382868550837 0.03286986877527368 0.05 19.34502320174405 71.01436964879036 -521.3810360326611 65.66274612635198
32.194298610510295 -52.77702708070011 0.09151657853488104 0.02157905453564633 0.05 6.666629308719535 170.33299163705797 -379.0728192123805 -31.2559594077119
346.7685273034195 59.472902315109614 0.09530682908396804 0.0669755105763038 0.05 90.00653017909046 12.832301421449813 -339.61236488992546 444.7651980179101
89.11049453515339 38.96441175693772 0.1011220271815727 0.008551101830638386 0.05 1.6859231104677792 330.28624900395926 -432.7860321538259 -54.15128299224976
286.32056575542987 39.67480934338585 0.10100482353301321 0.008076163701307993 0.05 13.527970221601565 -275.74428256124514 -598.4914738037535 -89.29990841633364
250.59631571120957 -9.433328678491206 0.05037001061774804 -0.04553772219848018 0.05 12.291466678525188 323.7231259973897 -268.0622277070508 393.88662884785487
203.1802133026905 52.479604037015505 0.11023550074102495 -0.0014924574603664238 0.05 3.5410853731169514 431.1956881715276 -559.7622970781676 401.2810421799116
254.8301353552342 -55.74243627822041 0.10403542999497373 0.0019050583296019198 0.05 6.278935100639401 460.71754209510425 -356.5316997896154 129.36254771475518
345.78328272352223 43.74836554084631 0.10167640625702257 0.04676263031301325 0.05 4.754473134222595 337.8555910464918 -159.27954846273326 58.425056091903045
104.93241652927327 -22.482760230595524 0.08051466434075794 -0.025343049205432573 0.05 17.98190468652418 276.0811786728336 -188.85628494997266 254.46994056574547
27.959634584122277 5.032114629142572 0.05938413880462501 0.03314174725266878 0.05 9.158720000710177 24.598003889323707 189.85517917948533 -147.4091463522972
181.158657936417 26.84579462101422 0.114588575231523 -0.021543000056266554 0.05 2.548441697735028 -102.82824869701881 -377.3982740745997 549.6095031833297
258.85615014261606 -20.50541550552399 0.03920822145034952 0.024869315630979195 0.05 11.55084968048884 231.6754447771617 -124.66393496592113 43.1211824594363
151.232851941619 46.836634383592006 0.06254091718365395 -0.04316378688451541 0.05 6.237698472803026 -121.80182648237559 -500.6409730569362 399.8836394213938
234.1522427897693 -64.04940344329022 0.044600420605814595 -0.04951417397839206 0.05 33.80225510978075 140.28468434290554 -183.95848630946432 -15.038819547876827
58.9374272079175 54.15249660717058 0.06833609475307645 -0.009750721371111847 0.05 13.646584034796543 136.28576092599303 -159.6236852454636 -76.74508521243652
305.18179540100687 41.84632173499828 0.08347065561296874 -0.009829827609152669 0.05 0.966275909814118 72.59713424567262 -399.5033767596723 -403.93901498055726
44.01984757001151 48.51995871627594 0.10497642625232873 0.09512877907459981 0.05 13.826685100763909 493.14819125585484 -650.9077824138163 243.61573855877347
177.36832378395468 5.594530433445626 0.023457633665117106 -0.033006233044852416 0.05 22.5787740682148 88.40590536496518 -348.8967987749634 284.32077105271753
312.9079909951045 -0.08322176577216263 0.10051518354300293 -0.02687845113102306 0.05 2.485238699472482 656.9760445343688 -239.692560350309 433.7364186402333
258.9278941393064 27.87470213736445 0.03955804777388061 0.051059174902827735 0.05 34.29920734012013 445.7052509718736 -363.8668491669221 -11.988594739562565
159.6556870226791 75.53841664531653 0.04020804743430939 0.002369690759983184 0.05 67.70058623446725 322.1650516855134 -156.95552928135209 -20.613918798920423
159.3284863902543 -37.35370538528464 0.11420308102868959 0.030171569856596518 0.05 12.561367770936746 -45.02268495428936 -466.7771276691419 47.264004728501426
216.5121061891581 -17.45828199156628 0.07862301923114035 0.02675892904960734 0.05 15.713217151898906 405.7394086522528 -143.70584788042052 215.98592408498735
159.2218241415504 17.429436543375175 0.07669886108722102 -0.07867009909480543 0.05 42.56471487374751 255.50248635502913 -174.5159910968935 14.03582992379966
169.1245296473539 -49.93587670286701 0.03778737907331764 -0.09025636864654617 0.05 10.739540472663489 578.9996027128348 -381.3602469757159 -148.71892865273583
251.43353512725272 10.430483126523665 0.04196253558610885 -0.03966828752955583 0.05 26.529528543441977 308.15860097454595 -531.1841024011877 330.72958172267096
66.85863033722025 -78.92505177736884 0.016397689265437387 -0.004715676387500506 0.05 3.985841323858778 -29.50037904647712 -462.36074121655906 139.73485714790064
1.593160887215588 75.95101937328491 0.052881075681436185 -0.040389630052482535 0.05 3.828328808285415 67.78775041000529 -210.50393079363437 -13.222849155236815
31.45990123658614 17.19145282822987 0.07777593593361676 0.052877350922557 0.05 31.799997118953993 -13.356424366725946 -408.865560732132 396.7260123466938
311.94912814074127 -15.36610948700991 0.030829973686569145 0.005392179556886815 0.05 12.689436503798568 393.77388256200487 38.42216050267126 -352.1175042565372
31.928709452096232 -20.60503664955585 0.09109848707578494 0.0029376428113636636 0.05 3.2352250269876777 630.2420929742073 -174.8402925357442 -15.343962373603759
314.16046194780495 5.928453625495922 0.09313101128411039 -0.03202580457453708 0.05 17.26837233872077 193.0895762093618 -350.2889331929286 17.19109504164448
63.185520168832205 24.53837635805736 0.09303896441772763 0.031971119578428984 0.05 24.22949863243187 355.4778275506386 -146.77249868078786 156.71437338262933
81.80627501380638 -48.000117974859236 0.047450152989443106 -0.009999184685353804 0.05 42.887991014915606 109.84158815607726 -191.00546281129897 -257.8124910497159
51.42920892079407 -1.1999675328425685 0.033419168697592205 0.021305622731280838 0.05 10.322096665216725 191.24462264334457 -425.9230550378998 -26.579203462873423
66.44644712209251 29.509604244431593 0.04550466670966902 0.028132344142542773 0.05 85.3557984672384 299.9368357129151 -409.2216245441279 158.70499054586224
18.361299070604773 -48.529714585031336 0.04798434833861154 -0.06181863108574434 0.05 6.477512409302409 467.3097325613635 -337.62696907855076 -346.0045172756605
204.15121693449493 32.87536773424883 0.07107420945910192 -0.020233929547514268 0.05 36.264098133095544 108.78045821726808 -238.8280661814083 211.35407227752884
265.21188787894664 -9.681537617485464 0.07939451989731805 -0.03972044603199986 0.05 11.022571866340437 89.51971364403124 -581.8878489802621 303.70177218285687
296.73503225630157 50.26427396695472 0.031842468903281684 0.0507065569657128 0.05 25.718003803425187 354.7460807317367 -247.82648580716503 149.80562063709965
285.75604498763454 4.1593577399164054 0.05913777956139077 -0.013476832129748477 0.05 19.544564527952534 498.0313102136381 -467.63095038338133 23.65042608951457
253.06510367096092 43.943289724253326 0.023799038661142857 -0.02275945970154062 0.05 7.3715187694466096 247.23337982430988 3.75755918368219 -171.54181665127334
358.72994944245846 -56.403459697117256 0.06801211944565755 -0.027699179815356818 0.05 2.177689484545182 -123.23005455207209 -538.7418792206585 279.6073499894503
307.5522303311929 14.247271513596628 0.06288203104279866 -0.007860425178975549 0.05 3.045574734836926 -207.4759574315937 -89.45938807286788 111.04581967195016
262.36955592624327 31.24799520624785 0.027313014189305207 -0.03166205332149919 0.05 37.41747040519902 -61.80986439327205 -38.94014879346179 -174.30028720995966
277.9076268347588 50.48938191372317 0.10157986463204827 0.029129263598301557 0.05 11.627635505279489 256.6575978708805 -84.39345115168683 73.47069792965837
270.53993024471845 72.7749697760651 0.053542196078967486 -0.021441605201885337 0.05 33.244441166343485 98.31635308872599 -189.9537546124539 -45.913711872282576
217.00786556565708 -36.660889205984525 0.04863584776425012 0.013463476592153311 0.05 23.8008403972038 286.22786568903825 -199.83367316149642 61.41393546200657
64.79239027710263 63.69304337158565 0.04989493014153723 -0.05641450103156691 0.05 5.185516569820065 710.8016179247797 108.54700104621713 17.17287031354128
222.110443397894 -10.401733280609966 0.08731805989539243 0.021267893173832927 0.05 54.64823595728254 -260.12624883388236 -337.8639909886745 175.9665842434362
301.2074884237715 -50.92227887214791 0.03420705009650993 -0.08052306940941827 0.05 15.628397749616944 173.79384807619294 -238.85832421114173 252.66745304698532
86.61403467855327 -59.088241080593576 0.046628980392960484 -0.020139245384587674 0.05 18.12430769046521 -123.79911035181948 -26.711231243915563 21.307140889397445
144.97206958890038 51.91622787609605 0.1006449764951447 -0.011216165463324724 0.05 16.70726555865893 -186.4944360359139 -249.20769939527216 215.78163804371715
342.25500988496196 -81.0001669934438 0.08100456979100024 0.08468164648386742 0.05 12.5872075589848 221.3948218309592 -127.56269377441697 -181.01998577394008
281.2096258587888 -25.041507496153113 0.0803693545652231 0.03808787792367918 0.05 34.37558329686356 87.84594649458161 -257.6392032726642 60.84769512539281
60.09163800071501 3.4147065800741188 0.04229203138711779 -0.035360376608507355 0.05 39.95574732894522 197.1951449627211 -270.50480475303897 190.7061524940245
304.8257926612494 -22.339295832629787 0.06739544259717833 -0.005762668167637441 0.05 30.033339066430756 194.35121615243082 -277.6037638424203 -64.71687224882297
168.32198679471747 51.35447516068059 0.0960383227616175 -0.05369101502377629 0.05 18.373307534570618 143.62905485189535 -136.20857940808463 92.46281467629679
16.51516800957493 27.5986246518061 0.07139244054291893 -0.03350326819213522 0.05 15.203783271023664 280.09289875886856 -302.6106326600131 1.290190118671184
40.9436422948586 61.37684000926465 0.09108105311277814 0.023498362885516766 0.05 16.588749923599252 207.74694528356517 -453.08006972927285 -194.4749224702506
356.87433898096634 47.43712795721398 0.10256395425518483 0.06333811029552776 0.05 12.600280638408938 6.330846731051565 -203.71794860629694 249.5340051069273
103.67168937468485 42.399686563613955 0.05777301156899095 0.017235755684427763 0.05 17.01338982412961 382.5818691614606 -516.7787202959611 113.67904862340819
203.4792784627322 62.51337690663747 0.02908734605313179 0.029935394832103758 0.05 4.333438245744773 145.9277242408427 64.17746326951021 -291.44529852880214
28.511997653344782 -66.8472956165894 0.07462665189076434 0.0074936702890004234 0.05 7.01331526282928 414.5644975763209 -314.0293688536619 218.26550149933038
178.3374123419139 -4.819436835547123 0.07421603079260874 0.03780598911275059 0.05 19.251360435357192 393.01290497097796 -398.4326132847398 222.7443644179371
219.97866829618812 67.25999254689644 0.09301738724222508 0.13558511620768712 0.05 2.11708561195428 120.1463824965338 -832.305218117364 -135.70269385016337
217.45683737480383 -38.64269145418198 0.0743006401630475 0.001364486634481831 0.05 27.05621885865615 228.54306436940814 -461.6458664923731 343.4176182791883
254.71859772317805 59.67619514128624 0.03871803866867718 0.06584928319844738 0.05 45.359725992984615 -194.42390673638943 -110.39443299980073 107.65931633746258
226.8792768362999 32.321302933832015 0.07531676330425019 -0.0487547315867051 0.05 1.2330188141597822 -44.681688877254714 -178.7775788739373 -170.4738925593541
257.1070503024071 11.416949804084041 0.03838625665529971 0.030894484821570083 0.05 19.611544992433974 185.91830241273576 -500.75957704007703 334.27491604083644
166.40423214871416 -78.45471751115569 0.05518624017450646 -0.06751276547883497 0.05 49.492592463904586 461.10857418120247 -340.9261290272212 -49.190036218512915
64.86447975310605 8.440250960164887 0.020324621345409133 -0.05594367992336326 0.05 7.694522757673523 9.07688990149623 -257.24700240136025 102.94957840032257
93.88668811362737 26.335401417768264 0.07040253216258208 0.006997543746165464 0.05 15.063846682818033 95.70093773405102 -341.8995352035378 246.17307832486006
16.7058074470381 3.4726102174207902 0.06946038079014216 -0.027658270597065264 0.05 21.415822165597948 -16.64212503388191 -477.4244827974511 251.64059783606038
321.1754900484 44.730062668745205 0.06199071294610481 -0.020541661952993957 0.05 5.824612734194215 -5.224106305383373 -405.69458659851745 30.993008497373907
328.1710232330165 -28.571823656525407 0.06749716702198838 -0.1091862011963974 0.05 9.280592566505984 353.6526377968904 -485.16922603763544 -140.64564062940454
306.0654812180592 -54.83434018145013 0.08908025717888224 0.02582841779956002 0.05 8.917182607508622 108.95586468004656 -192.3627925216464 -151.4426058915807
31.636287394591495 -18.477500620963255 0.10356937755308082 -0.08378071035305491 0.05 3.635975886736833 56.054091838496845 -483.96023832963465 -51.824073588086605
313.9983547833312 18.604377475996408 0.10096973007420385 0.004002004121870004 0.05 22.586541505042504 133.1281607740587 -181.14416388288694 140.05720731990567
210.66852165564032 -46.624004047959325 0.06587965066920343 0.053668228350897934 0.05 4.083745015764745 196.01134854107218 394.7698813252239 113.55110155240781
88.93510301476982 -43.10835306376933 0.053502579591320654 0.008694834475227689 0.05 38.59965408674896 96.43665264565624 -242.29291748824784 88.22860846611903
279.7559270212945 -16.624588974737694 0.0615406463898438 0.036701587813137225 0.05 33.925480784088734 441.41997766948066 -309.1868433618606 67.28720829585801
48.31240348394882 -43.54547984429572 0.11335894104668309 0.03825528502755254 0.05 1.8229384137039655 345.9759809246656 -115.81287363608902 -115.07213583973328
347.55478454801556 35.024010563220884 0.0422102624030285 -0.10346892265327302 0.05 2.492592362858184 341.21453076887246 -613.1169819945885 43.181043394698214
182.51570266814912 9.571629081861024 0.09861405080175434 -0.00609778452521701 0.05 9.416527512434135 338.97588128396285 -69.76426458056491 -234.11105559690463
286.64079931754947 1.2354543971294096 0.1166170225333607 0.006563188552263979 0.05 19.299577626126798 321.627483823636 -828.7244031845931 210.37395508399908
115.51970483165948 -50.50011037132529 0.022222668742213125 -0.041444046966187385 0.05 13.853849403027372 269.7627255374249 -463.25559264195124 -115.11206685071835
144.1155320979724 -57.10645036584094 0.10785483386913075 0.009385257680692217 0.05 247.96235089421825 119.59276824444576 -461.45215407404453 -96.81005612212607
72.68454717130491 -15.97314079088664 0.07648262632293457 -0.05261810233793806 0.05 5.617498194111358 492.60218374104807 -397.221995634973 141.48041380059408
27.6248594476343 24.041091566924287 0.10347039716651585 -0.008615366515605467 0.05 10.031130956172431 25.508197113434534 -524.0970184038117 141.60114820067892
341.6943829810265 -55.10273774221747 0.06804247379898953 0.07597932917125702 0.05 5.8967520462001985 295.26870796789 -306.8721108141343 -76.23463187615975
219.46499096992386 61.85712350966922 0.08719196385504802 0.09250049442916716 0.05 5.053960470856787 171.8192546345253 -555.805330591186 351.6806222913639
278.83335510206365 -23.379886727622328 0.07854231684059321 0.00903872035354228 0.05 1.566313273284236 193.51163446382077 -385.4064638436873 269.7045456262868
32.27153634853485 -2.5549293344074324 0.088975205103629 0.033345727779673255 0.05 28.65053118807054 241.5186220830003 -293.9588364387857 58.56358028725431
140.25509485690105 40.66030834197579 0.1128302346739063 0.02982138331022762 0.05 18.77619733430371 578.8808976835129 -439.06531546302983 260.13142582647174
279.92787272963733 10.705686278026182 0.08026811767231812 0.009600078165271466 0.05 5.207442042169394 93.62249006068546 -290.14458698441996 -13.685416258287354
180.99991494461227 -38.016068335041034 0.06027006286247527 -0.004880563927211722 0.05 19.02087486776869 440.8435640393235 -356.8573731473792 -459.34207690143995
253.73545672957073 15.973080560324506 0.04750816650946077 0.07596723541155619 0.05 9.043599888755764 234.11304257811435 -262.77372461604097 -48.75749656452054
96.36277893185002 -55.39283047060777 0.09967011012575178 -0.09269674953261339 0.05 12.339124105974676 391.6431945736507 -232.19780941413387 -52.52769987996537
121.0402822826504 11.125874784277977 0.04222086170881534 0.04911114128013677 0.05 27.506388447250533 199.74702766892338 -117.87488517467258 363.78692862593846
354.7018448398755 24.425527144918902 0.05585892337747622 -0.03761601013269636 0.05 9.100573420970575 235.15666973025697 -561.7504569404036 136.94672357410036
93.2960195121018 54.461698119841145 0.04080324952252834 0.05921288725411278 0.05 25.774343040047583 183.0867831581015 129.52823917046976 211.65169955107004
95.46691667372392 -12.051778529168732 0.03073653136443677 0.036197150540850716 0.05 46.423116105753216 114.17303511774205 -257.8075369995177 -103.93959648784434
161.08304154697507 -38.291027157731044 0.09542924336622316 0.0055769162536466925 0.05 5.1191336235479294 142.6179124168874 -351.2586355834843 -55.002725367479414
70.67099917056736 17.6186759446034 0.05758879290267771 0.009036617673888282 0.05 0.31290052416325814 184.50344643110333 -227.44413534136945 368.66362738414136
253.36464526846478 15.91165829800936 0.04572201516783281 0.016029146123725302 0.05 27.05621885865615 17.00774664704747 212.26906330567294 3.0362377756939267
249.87909239699542 -18.4236119470642 0.0804557828386474 0.06461879711862865 0.05 37.76576554803361 156.94458511908732 -254.0898325466188 38.66797247466485
24.90195285533562 16.424515714252546 0.06779101846282187 -0.010216705630567535 0.05 27.136825277097902 605.8568557442926 -26.858782516451527 407.5213290942658
40.52200849931549 38.63806588023628 0.10391705961217146 0.018905351610054345 0.05 13.85139794533407 124.36284511364575 -246.83185784916475 91.21159843802438
104.35751726445332 -15.193084098746162 0.09081140116573372 -0.046255352921332725 0.05 17.890565056642718 188.53004786446243 -192.79350223544554 68.66036565556121
167.70960072184909 -46.78046980440006 0.0586923432267028 0.011741102080453994 0.05 71.88751913652692 -70.69830290585185 -412.0415019122363 -234.5663147626055
40.96373932466442 -15.491605111556266 0.10298845059270278 0.030534731481038822 0.05 39.0747459374852 302.1299242161042 -686.1683211605009 32.53338478440607
156.70506964495436 -74.65737831409338 0.047551679999199736 -0.003196971935421875 0.05 19.87109405028265 102.75255857906619 -310.6192633042409 -217.51844150064727
74.05176811869481 31.160673655684448 0.030961654479337852 -0.07084333602978998 0.05 21.1735574896486 127.30499735761882 -87.73105557048603 -26.101481371561263
279.79651896250346 -4.334512307489118 0.09854744580027908 -0.05420923873580143 0.05 18.250734056672254 294.058643824636 -201.26594212285383 28.359068573260355
342.1811424870189 -71.05634627354846 0.05073088981363938 0.06690375442970567 0.05 41.050322873398486 240.32076177810842 -110.55394020083503 260.14516103526245
336.78520655895255 -16.346922045456044 0.04574509939083815 0.05970320027364397 0.05 9.483889496611905 154.78758088832586 -219.17153683660467 99.69063829531984
248.84117966908346 -60.82617160187225 0.10787447759054536 -0.054272542850179496 0.05 15.75565135771289 197.20492371725638 164.4842024355312 -97.29512513075912
171.5673774582965 -36.672535883911706 0.019815593318806668 0.09117054826302808 0.05 37.99651477147554 -128.95414165993395 -238.32031712741633 25.681162225617697
117.92856924227141 46.30052611654305 0.08756268027408076 0.031440250139751935 0.05 39.88487548009956 70.14332080408141 -213.7498739362444 445.1299408636308
39.756892651437795 0.4560589353502858 0.08910368689086656 0.06720612954211491 0.05 17.8322312705409 522.9752669254042 -186.27594144488063 -302.1751998778873
84.59634640169735 -8.673781581380652 0.04665413168928878 -0.05759867028176842 0.05 7.434925720807813 -161.1077748360172 -536.0273072058142 -59.06110466870746
61.726443150602634 38.082980834222354 0.044012499189096 -0.0010987194083981876 0.05 57.670809093619425 16.826339627164828 -329.74095872601936 234.86592424674646
40.677740484443895 -31.61799201453165 0.02937275140241402 -0.053564512245009084 0.05 21.642776851650247 233.69352470871235 -197.36004690700958 64.90279918599477
155.4018866020247 67.95581589761396 0.09146433424951539 -0.06698869546474584 0.05 7.211779426237688 245.11737213154962 -48.79441322237864 -177.29343411822174
80.72756466584403 -36.13324469595652 0.055140355850621825 -0.027074213278556535 0.05 18.216720800217942 372.0247163727908 -137.3585794726919 -32.373106586551444
101.87496767121216 48.33164502521531 0.0964446964171346 -0.011497967426271677 0.05 10.658329595634296 318.265003526871 -305.75327009020447 25.766140033029235
242.5691490680122 37.358440333100745 0.0891457952988961 -0.02530373055981797 0.05 29.01142410435437 316.0891241712941 -635.6042998225585 -217.94075999875514
270.88154732485333 42.37817212089329 0.08905854572655114 -0.027713496832721167 0.05 4.065443224965938 345.8772799632715 -261.4414592088058 24.719132580362363
307.8318072230243 12.951592517390091 0.08994576563169332 -0.00425160366936164 0.05 14.86907681776947 427.6711376522933 -423.8686797475648 -199.58331548856387
359.8844526778576 -1.1603574942140356 0.03901563919457662 0.11429324996913143 0.05 11.43766463261573 276.58910055848435 -417.2112091250606 -302.2008037782754
323.71343418440233 -37.94364139353118 0.08836014851788554 -0.0005423419495620241 0.05 11.832927302806864 225.670237767417 -105.18597613852415 248.86812340397546
15.532766170201215 -46.446191893058945 0.08986781359766205 0.06606155725870534 0.05 17.001940375749825 133.25436800764913 -299.5407376759558 -94.87756966147464
262.44549900045297 26.64993075545722 0.07668577672772225 0.04488500417682119 0.05 2.289232099180036 45.730286061446634 -262.50722472913816 200.4076036862298
224.10048481593554 -8.565136355995348 0.08303195845438927 -0.07199763815745226 0.05 22.80015609298905 396.86681867544974 -597.8381520560117 102.22582185726068
74.54929156457777 19.283756290506147 0.10799845339522407 0.015545386169533739 0.05 14.915715445594591 277.2242645018083 -563.6859835011132 -161.96047227094073
92.67538806389646 18.70694167961395 0.07992818722792627 0.008634251187196577 0.05 3.818497811281651 308.4238128786676 143.50050438224685 -65.81183640940394
46.75206720091326 -3.605141605508846 0.05071752640356597 -0.032611284893640693 0.05 13.641097488765114 91.05531788739185 -565.7421585895916 359.93014225749886
253.74072607761516 -68.87360482577924 0.10232746923532221 -0.02344842461953726 0.05 24.856142448935127 270.8941147820464 -214.99090296025992 495.6913050385107
282.2498660535699 -13.554734975390282 0.05494534906489679 -0.004146334746336101 0.05 31.80059679720699 -155.6030703239794 -211.7156300264366 -10.99401245166316
308.99288758763663 56.973838007013235 0.0960144179086162 0.017979629556624615 0.05 28.52218377061167 74.94714031109876 -375.61170712542395 -17.669311870524353
70.7830231147882 -5.796927561887029 0.09993855560590759 -0.025451594870838312 0.05 23.417437496106857 431.5388437052675 -284.8121615353588 -22.845685153675248
103.74799633228602 2.1586869591405318 0.03841936235445287 -0.011229250465364245 0.05 13.728097487910125 195.58443326340083 -73.41720569193777 -252.98639615278245
359.1290663764851 27.35588891962668 0.005402442781768713 0.05819217102164965 0.05 4.822787990281777 91.31580960989794 -262.206241312264 187.27377974546073
226.71243949254387 -5.662255716683143 0.11579996333262543 -0.007757692423387838 0.05 7.709456904654497 177.60992516174423 -574.6137261145049 43.139044115040264
232.73306443540636 49.02918071067557 0.07007424608135682 -0.029031388666264812 0.05 17.15801640361352 322.65054780054106 -251.2074898331653 68.93160133466071
335.0404096887835 26.281105519420933 0.019437851473975698 0.007742210322600199 0.05 12.716066011528827 242.65607413005304 104.00706056718133 -158.6615532517643
47.878278709498886 9.406815335144902 0.06062846738185246 -0.04435642132130287 0.05 13.192628572324795 362.83477397449997 -506.40508152252295 68.32793426154214
243.83565353403722 30.44008795872056 0.06912288690043833 0.03519199384877114 0.05 4.898157531146668 346.00805363568185 -471.2423841540875 2.7755237626659834
216.2802232831209 21.179038099884085 0.10810281178789527 -0.05974597842665572 0.05 20.54345858521119 -128.9567158583019 -235.31742631476743 -149.4890140229317
80.63661151520625 38.483415622028375 0.06297383530778777 0.049110433273249314 0.05 61.20360227403753 634.5569434005015 -508.1566787571951 -30.545406605859156
356.49606100958374 21.901075185399616 0.05489069093909826 0.015522999970652214 0.05 12.471775280124238 -180.73749181961233 114.64617322914626 160.70117852237837
113.52110022239378 -29.89187041698289 0.046515419210062525 -0.011890696903025062 0.05 6.16586764160364 484.48975989668867 -150.85875403548098 11.954564513490133
53.89080805290816 -3.9473556944230177 0.11016515897073731 -0.019152819873042563 0.05 7.037791952112209 98.84417375054755 -442.6377824896091 282.2949627908642
312.26044060190145 -18.16154818886077 0.10816310546677332 0.044422997002833635 0.05 51.33958412473785 -253.9987370816001 -502.79848046006225 281.6984346455679
339.3559562626821 -25.036677450511036 0.11057675572442438 0.13635463688267277 0.05 35.213975254307925 268.5189480693058 -232.93536775883575 51.274525211783384
16.411478039347656 10.095838724585088 0.10733782100545164 0.001846777758969452 0.05 8.340495621276174 144.63365907337092 -458.1369619935807 573.0955534165777
39.779302225571634 -14.345306737391608 0.07915047289038313 0.035442685318026385 0.05 49.49933172414475 277.82479177522106 -709.7835434732649 -150.73100106797233
126.45639284406943 -37.7205832881228 0.10637149718936989 0.04515368628638955 0.05 7.965277776410454 156.66687131953034 -272.4640484687515 -224.18483549691632
257.8152373986297 -31.531789849707074 0.10438902578051135 0.06130170059155617 0.05 4.703041800654096 339.4932685672444 -527.4190847212166 285.3804026697794
329.5780236157174 -4.494130078070961 0.09335406776128408 0.08561599891103526 0.05 35.780869091448366 -37.93089462491483 24.887575163950203 -158.22711965981946
348.4567346839312 11.007515969653788 0.030015183062738426 0.05106978758011799 0.05 37.166604471199996 31.082758174094835 -268.9657388672183 118.06270884080631
150.13236947051223 -49.145219745564056 0.07092209327457799 -0.02323482254036343 0.05 5.602436734887515 243.4878419279601 221.03986857993357 199.89093292732608
315.29502658208236 -46.291993932794234 0.09308458674427023 -0.03833878327323348 0.05 25.51979128503672 -101.43462031497592 6.290894553301598 -153.3323935051265
24.467108857531578 -51.39148981513933 0.0758708003188886 -0.040067763005971396 0.05 19.12981053078471 145.41034266320997 -275.22630869924564 -11.521348040699621
38.88302764929205 77.4304909027136 0.05024228569970579 0.021725728415270658 0.05 1.9397365401346836 61.50027564055304 -279.0232203199219 142.13206705297407
187.15134272272346 86.0181019358625 0.04242316692208914 0.035719304636375314 0.05 28.41245071063333 239.7175307383032 -346.34752926962915 -3.428700751716626
256.10830675840435 -49.04901772473937 0.046368477889409565 0.0105356618885396 0.05 11.61172213648845 302.6059371974368 -98.47650426954777 -46.016088471524725
340.99924658104715 48.143530527295894 0.08518138348376181 0.023035420640415215 0.05 25.632151070939468 340.9040259799961 -400.7731736640044 127.91199409245384
112.42280655142201 -52.33558001726158 0.10951982579608655 -0.029247846473513608 0.05 12.221044287432688 65.06883208720362 -374.52402364833597 -73.92126470630251
173.80776767051333 24.763387183525378 0.06956002649381321 0.004867293152853101 0.05 69.73719458733352 196.76288423305803 -262.8766578082485 -92.56635612933252
23.469480617536256 14.585957616875643 0.04927062419747297 0.10050185009376184 0.05 30.96064377307819 298.61638004548115 -79.76740877365529 158.2561324758753
338.1493990640541 -12.803944525389921 0.08771818452932933 -0.006426881712524615 0.05 6.094989511957192 582.6332188412549 -299.71143718024905 48.56641973073464
153.55796306544443 65.28566924607334 0.09851643505615182 -0.06939452473054708 0.05 39.237133277913436 189.24276238705215 -109.66211770990157 108.09432478108252
271.7554366962524 20.871338971418968 0.06284017449285795 0.14930829276727556 0.05 9.47636116068342 301.36793188636136 -611.6669750480401 93.36936747342972
235.02475757619467 41.4603117419799 0.02766164557133033 0.08002369265728831 0.05 8.096637326087551 271.00785389816286 -863.0409264100791 123.5449205920888
136.0929888592367 4.210514796709065 0.06861779588740324 -0.0775141966581594 0.05 28.00182915094421 340.7230244291425 -270.86611020876524 124.16910292030897
265.676828987397 23.9724717065805 0.0421209891471257 0.1327334925054685 0.05 75.08041283692577 29.786833770778344 -301.45438072115275 324.6785194381946
338.9106227118308 -68.44544256909784 0.08359543124273139 0.03440965323209794 0.05 21.402161230519518 469.9600317305602 -227.44379239006864 -180.60345321672742
234.58313318385206 34.33174653632646 0.03941357864348882 0.03312535525944123 0.05 56.68790363811391 174.11490614684695 -145.13580331953725 86.88934410196293
332.3956800736692 -43.58334005290866 0.08982153810798699 -0.03846216781650719 0.05 14.515017746827658 64.90621133042671 -412.77650091306526 -23.623805864008887
217.7172299103075 -48.07814360975509 0.0831481763313584 0.05566915701353599 0.05 10.785734770545508 497.97007984739287 -873.3404695522684 -2.826419781116009
160.88502331148266 10.468959184984486 0.0994182968771744 0.00023173372670302807 0.05 26.095426402565472 482.38100450518095 -106.64249535882314 63.923682802976614
221.43847839672043 -34.34110396239346 0.0796499287902439 0.0333523172908997 0.05 9.456074651857591 -1.8360343005801383 -68.4892279017416 -85.49256023602953
2.063973637096722 57.99492602787818 0.06744683747927183 0.09677064864517794 0.05 10.524624018843033 539.0243008269961 -389.8566108918493 -64.37790818476911
131.17999595534022 2.56733763838662 0.030706478299340034 -0.00792660916876059 0.05 29.548758423179063 947.3987068862315 -189.73113908891017 54.86527474078746
46.62109686281071 -78.39462370684761 0.0910712799762965 -0.0300342430889278 0.05 25.59464268692644 415.1904378007704 -590.302769141258 -100.47742665604778
291.89253930704217 -26.737159560515725 0.08325294557593477 -0.047869378115677895 0.05 8.293724835507671 516.2426124354463 175.24469014474937 508.0881618769447
304.733533513434 -24.758818768761202 0.07886298697980676 0.03482513034281906 0.05 12.494078016247494 -95.33291529357666 -468.24693595647017 -246.12937246591838
66.46820536290929 -39.80053686597114 0.0505388071015751 -0.006975787805595977 0.05 14.001094102104346 130.82926066500315 -102.13070503946906 75.6505674979795
121.67091657023147 -37.348408044747295 0.0964858320268811 -0.01842907829092705 0.05 17.13003687295603 -103.33721981094033 -337.4218848791781 -5.44514605330582
237.17624978273884 8.291713220979574 0.027364261454946304 -0.0053878173293526056 0.05 30.064954547056427 239.04258342983798 -339.44713183497646 -62.207592464750405
150.69540710316568 40.3586381581938 0.038690935174279906 0.019209115961522062 0.05 8.532094221657301 169.55495613293309 -428.75913817466756 -310.3448444926554
38.29944287421113 77.00751596861448 0.046863945762527726 0.03221529480137757 0.05 38.68263624758081 311.1610231692477 -348.4259916346576 139.2358003574883
53.748771401450355 57.10573689822355 0.07466816670699994 0.05126250655549765 0.05 44.952991189325665 211.9403304192716 -168.47543462172573 -141.83405437799428
42.28615546249638 9.353476827203217 0.03664147666615469 -0.09059547890067612 0.05 7.154480496389525 -32.09368671203498 -482.9985022578949 297.3143801452234
331.30889256908216 4.176807887998933 0.080503634190211 0.018912713019104178 0.05 8.050100512363484 77.74383845108024 -183.90728441973533 -221.09967978463033
273.58159011434446 -51.28424749406313 0.04952503293272059 -0.07853303645238688 0.05 12.828884600686802 227.98975195161 -585.988847339346 -179.82098258246486
88.43426961183562 56.23296230779773 0.07858526275184818 0.04339696222664374 0.05 16.95013395490967 464.9983270651295 -546.4259121036166 11.965638351731691
288.2166046831924 27.610648815649053 0.08160017418236554 -0.05886815705885251 0.05 18.448531843959888 472.4950718428026 -472.2536877680203 141.5816779465331
65.41434940317433 -59.09833618817674 0.05860602595331099 -0.0490936033723284 0.05 7.16787661029521 -166.42606604297492 -682.5957259531928 -131.68705452678884
250.8514529591904 -54.614144558582616 0.10028166649541381 -0.043705702277656584 0.05 3.4575154038575424 182.0872787069875 -132.58796409060665 64.86804425588107
338.03046237235077 62.59282597946296 0.05945377856963319 0.01882404882512862 0.05 2.2655925816207296 187.71723988028145 -179.1218977606738 186.22469585418733
259.14220739672413 62.79085913976809 0.06015290148346342 0.010236664840863744 0.05 23.36941929054367 322.18106941639945 -452.6506900166499 99.66290555857603
9.260874335452502 15.784450772021165 0.051054465521175096 -0.035351544627889 0.05 69.10907480582026 130.10758395693927 -141.7065445937172 -19.650971620679798
10.342134109251342 54.835261594956364 0.09741013001003962 0.026110596850422305 0.05 45.64416961341918 294.3350764836923 -359.2247008974456 -111.86130416424325
225.33009576610394 3.5109589704292583 0.03877363011755364 0.08324889628929497 0.05 24.639195607315838 294.7551962818575 -403.16962690555124 195.83092377990795
354.7779221661571 46.71212352112401 0.06624724574883523 -0.035470291476672106 0.05 27.355274386901435 20.700496301591585 89.07328810728552 313.16607446915543
266.6002218025074 4.670306510091766 0.10109830890068783 0.05880426171365312 0.05 15.222092976479278 100.06189932581134 -179.8013056924379 305.94847354212334
172.64211387839364 72.32566352076915 0.04435467496580259 0.044303334442647606 0.05 16.424053629062314 22.959448915416488 -106.853242475878 167.60420663981847
306.34463025088735 -6.267068627992661 0.07591135133422444 0.040877270158840115 0.05 0.515636191645803 145.32879046379276 -92.90009325883815 54.931074391011514
240.8535655457219 19.637606712815312 0.0803673699981653 -0.005356149085564914 0.05 1.6871981726415115 490.663125061097 -314.4005295736425 98.32289409661082
108.44800592881765 7.420651894154756 0.08366636134471683 0.006616050221845412 0.05 22.500823111748716 110.37651497041045 -127.01277355864306 263.31041045563603
210.44402751544902 30.078821496837417 0.04657131711357332 0.0008220318917975811 0.05 4.573105288371285 -102.55761343729796 -69.3517462833043 532.7308716368068
157.56578261816497 1.8091232269209185 0.05360942903127186 0.0718465587812672 0.05 6.420695785700344 -170.2667986003994 -603.2362276910281 -166.29105244280504
240.2079571673486 44.74393234450362 0.05293433962981231 -0.052642933504493554 0.05 1.9384780721314123 246.92694379699853 -282.6894380377357 -262.29341052606185
95.00073384585845 48.278343085035594 0.11239285588115178 0.008593943313788828 0.05 25.891482565153186 -81.25880516046465 130.6456722886067 47.25504241187447
224.9095552279127 11.505041582590497 0.06645386684021326 -0.0017475022285101047 0.05 42.916421491269624 -37.12694074872104 -373.26828629097054 322.93185687674793
253.07012558250614 -34.10049621865134 0.056592113407489375 0.02537630762817606 0.05 25.671715788384912 384.50345959787353 -353.1755543541404 624.6991151612293
25.785639339003875 -31.899304856147165 0.0829789808218988 -0.010281937136709603 0.05 18.699772395000238 178.11406287972744 -132.29271863572473 346.6685698828529
335.05171677023486 37.57116021407215 0.07279548281506387 0.07438576285857706 0.05 12.82979895508593 499.50296290249 -553.6895055844914 79.09913571070801
312.22842033286673 -2.7104848310818315 0.10960729201292763 -0.005353086460809312 0.05 4.966396201773032 104.3850115538977 -278.0518276775121 11.882514177144955
162.88396363233298 54.549936370350515 0.08799967939382469 -0.049314833034112306 0.05 14.499960857318047 221.64836625458366 -519.2924143526197 -203.75428185660184
329.62144455384185 -6.76017669503543 0.101879469262254 -0.03989409401861057 0.05 21.374249170677043 485.4332632409002 -538.0033688486228 52.801900400570865
303.8379167483612 8.208239853981194 0.08427928220302694 -0.0009907056998513086 0.05 21.036060570229363 138.7324422539126 86.48576324502761 146.53123494530564
238.96334758455964 27.759774420609578 0.04763568555515163 0.028608875531766574 0.05 35.775916302382534 382.4592758326305 -570.8239328748605 139.59755030870548
41.04569601776708 1.5729911277703086 0.03992523436837403 0.006493279267184006 0.05 33.67883049130329 420.63899868298904 -47.734585395152976 170.04027049187025
121.73854135409644 -24.834768991837738 0.06753576798199412 -0.037130091804929787 0.05 14.147213492870122 204.88188886023113 -333.83405621205645 294.6389228949176
178.6791283030164 -7.3532516443003635 0.08247124169307929 -0.018478871836654868 0.05 8.310682097121616 470.6926773692056 -832.4599444811543 486.8530703221361
89.75347031979646 -18.21711623862092 0.10674536400547296 0.01848169778458682 0.05 7.32631974258335 348.378404268454 -371.6084163617649 169.06674441814116
238.22379087281695 -38.68079564157777 0.09672066595459072 -0.016578532453621682 0.05 9.954638645776098 458.4601762486877 -596.0149520630755 127.1915302904771
99.81823800844035 53.3889842426029 0.09793026237445068 0.0835943761620362 0.05 7.175781624713432 15.069249580050865 -427.4897874812262 273.8560571608246
12.132700005166058 -39.79311500253497 0.0689937201411932 0.005771102825143759 0.05 16.840944958438833 535.8151305900924 -182.16339054368768 -115.36625569305428
336.8460757294133 -80.45697720570085 0.0514594079220303 -0.01382994234545096 0.05 23.787359488505114 42.963097225100455 -217.8619431999625 257.24509236468157
348.90148337590995 -43.132764829562724 0.09682659796813953 0.007610701381902771 0.05 26.102632565641276 433.58429097749695 -294.5911044255582 -153.47118579635443
40.707030580200914 -71.20749448882879 0.0939833716109304 0.03496489200355604 0.05 13.43238781715452 -143.13256948326602 -437.60868282593816 -0.6977975754817862
187.49958792007956 -72.11539254108236 0.10716401596528935 -0.01430822612850674 0.05 31.481550704890854 80.7916679838926 -164.79333614451406 -144.3085852955887
18.61109929836025 -27.405981751560578 0.07183764286857075 -0.11686410923824377 0.05 16.695149292476568 -162.7412112898994 -343.69245066150336 94.81894265625475
104.3967304802964 -1.6241017949795562 0.10911816588557666 -0.018294905006573478 0.05 6.547435204021342 298.15333088113556 -349.22104687222543 -9.769425326611483
112.63163104093168 63.62703977178748 0.0888723657554269 -0.007280985809094105 0.05 3.4263485911518274 -214.21757444703877 -196.32475360259002 273.72213135655267
100.67776934910121 55.29667972193054 0.10044502586024229 -0.030218665124973173 0.05 26.028864959962423 221.65189644097748 -145.56133060368296 238.2277124568885
40.693130504966796 -5.115958705310797 0.02139206519030168 0.0009088309443157343 0.05 30.30388532675539 345.60000896883594 -379.24321240422137 -28.075116002495392
317.2086574435357 -47.28771194577925 0.06822540263993027 -0.019687128746681642 0.05 20.959321341839548 -71.99879253720599 -411.3757178282087 62.09824151976292
301.87236536370693 71.6524498069078 0.08697110828297361 0.022223692817519475 0.05 96.64654594782802 -296.11299187885044 -369.0912798140182 75.49678655976484
286.4435668139232 10.589041087241073 0.03089697852112816 0.03319214427162587 0.05 7.4655358087373545 298.7271951348405 -634.8735519583856 266.8798374291851
231.11541831859896 -43.39300052458306 0.056192725663026355 0.04153504600895398 0.05 12.065722690313919 94.6307480251909 -504.3882939575345 126.77235167960393
257.6886170015417 -31.073179498695243 0.061548913592901267 0.051528898104201665 0.05 11.463325951013367 152.83224481418358 -601.1612245324586 -73.27689022484334
37.39162122857723 4.028033221382923 0.034250144102929925 -0.001662452123207133 0.05 22.02936886752848 205.26393971287027 -444.925070800702 339.6623883187157
64.45940199127858 84.32283657281228 0.04270405718347203 -0.019222976394175483 0.05 20.218994637941673 -65.25546247394465 -227.0819023646192 128.26700668778307
346.96535328913825 39.430801709384916 0.07321084529392308 -0.10056419276361112 0.05 4.592081186897546 368.4497963827695 -534.1006080223377 -191.2462087283531
112.57113616586406 48.75665918545103 0.10566967969532315 0.011754592334724125 0.05 2.906105456818845 167.61399796368298 -29.78773035421375 1.4429900729101703
186.05341537628098 -22.113650150805675 0.033962987318012505 -0.18147533417107845 0.05 30.691190402461526 416.2010435412318 -264.6524174522565 90.0072645958602
155.79398690546685 -56.508860008309846 0.11136561786922305 0.02547953907724797 0.05 61.19905694845606 473.52063168847235 -351.27880433295957 180.7891982004957
97.22401676988514 18.578813787899417 0.03379516310792541 -0.07778550949294116 0.05 10.346277328247828 361.08532399790795 -305.9293400178004 -197.30005588493916
217.36106614240472 -8.061275386732708 0.10249536240309487 0.024616755518516793 0.05 1.0187692967561706 300.4088396852228 -2.1618902340235877 -132.02587064349018
64.70589026666995 19.063282147927346 0.08647270721040634 -0.049734851859904776 0.05 22.176506194879195 259.2713452787213 -476.29092270094293 -187.88238316195427
29.869699347360633 47.81948925364811 0.05372218729126077 0.014189261623858154 0.05 23.534324814329672 507.5176093384161 -433.84741109097774 -60.37349629690212
215.1415754311392 74.99590619062192 0.06878341076621153 -0.07286966513895593 0.05 20.74766964185953 287.7503965649338 -134.67220505971926 246.57008060046522
121.3501590086137 -51.18739545297374 0.10708886172246168 -0.03647253397922318 0.05 1.0390330179725202 266.42007317125064 74.89058221549607 42.782221214711726
295.1513357169234 49.361269976983436 0.020406455517967492 -0.004671496401325994 0.05 29.138894069925637 -5.480204175403401 -601.4479599452936 -67.14741566208156
39.00706723557575 -35.6774199619987 0.06159851810097128 0.08030160669781655 0.05 22.60614662204675 402.03514026479945 -248.25610824334558 -14.89952374888071
172.3869826451877 -52.34233003964373 0.07309051571898673 0.066190842178816 0.05 35.50566965022427 68.26196775402909 -488.34821055079146 17.712358147860996
305.6057832019121 32.510261406472814 0.03999108266228024 0.04433002507353201 0.05 32.94933554112605 119.58598339753622 -686.5210340836813 -4.649106750796129
265.8054982462578 53.57272317797618 0.0773940194418099 -0.03673662396367065 0.05 14.916818061523227 309.49834485167787 -112.85861061512762 275.4154924226061
283.1673471872788 1.0883880073409042 0.08710241067587554 -0.028387143373076004 0.05 49.975058171965934 190.42839809319895 -31.34204452408096 138.38206218613993
357.72430787156554 25.71252783277418 0.04953664425881721 0.004418662653507989 0.05 14.138267554904546 81.36574309728937 -246.94282029563823 30.85257577199713
208.81188061619318 23.143432551446978 0.0565543151891712 -0.009009015813181516 0.05 11.92543544858175 -134.24599024798454 -733.0430966869889 209.92832270155486
3.6978316732785763 -53.274353997475956 0.019054862415890828 0.04270408074802282 0.05 32.633130312346864 29.766589650822112 -663.8529311811619 -53.66042269413241
72.03975248596522 12.91594350746831 0.018701210933079748 0.003946156680620979 0.05 21.402161230519518 70.88737565970033 -245.90869900736774 14.340923739652794
313.3085057671654 10.564016277320393 0.04582694756239558 0.01651914944539868 0.05 45.22513946207114 384.4268821067311 -145.9605812810973 -84.93392971205094
326.50494700693673 4.667719158135096 0.08375891932141766 0.03931971576417774 0.05 3.1266602720974213 628.5009081398914 -234.67969527983252 62.86025568922885
118.48501109001764 -68.78837657338805 0.05384180262747451 -0.03622847148852288 0.05 48.56892340210703 227.15857283014105 -487.5745476967719 -282.083199382733
257.4173655572116 -30.285142871229606 0.11345589567910497 -0.06378144356201154 0.05 8.9922081567549 59.33093289969747 -423.502153357978 -78.28673409026382
313.6276984481066 -32.771740480954655 0.05673128419853435 -0.0011186904681098715 0.05 73.91441593596828 297.547654578897 -226.07244981998815 237.22338812314032
229.017980038132 29.40808478459115 0.10412431091060825 0.016017866459507413 0.05 11.79202819969927 358.27747814333435 -473.5636181458947 7.625620713345356
49.42388464626754 -39.75889493853263 0.09559329671550176 0.042301869086155894 0.05 2.085739263132541 370.96516611101634 -518.6026341837858 512.8659727336052
200.06254196760935 -2.4272858542848494 0.051548103128161715 0.027753611968256334 0.05 22.217745396947276 173.4611729698134 -359.12935248025644 48.45600608206228
266.6093448807894 -30.854942481406074 0.032778333271604954 -0.02942393846705802 0.05 3.3016161671346205 127.2660801856378 -501.818916582661 203.92833136057698
130.21654625580925 -33.71609234414521 0.07541310032949688 -0.064603518319903 0.05 49.77146260239539 65.02132379237702 -163.32979604695547 100.88082029311298
94.26138380128127 15.3491959282859 0.03680451613902003 0.031547897017854015 0.05 0.9791125434245441 148.18171760496597 -622.4336926371802 482.15253989855364
5.900321819212415 31.56000113314783 0.07390759768714616 0.01714349185551942 0.05 31.582157060089866 -11.343234029644691 -303.9588125567158 181.08547872088278
284.6971614370229 -43.850867829698295 0.06368876089932374 -0.006432246085893668 0.05 9.712670557451643 87.63508163878677 -310.27852419199075 180.37040524184508
214.8737108284317 -26.237277100105555 0.03962053514051522 -0.0292681301630458 0.05 2.2020206932226065 170.41709161179932 -472.62154495855583 304.23532054706095
165.4154624425089 3.491718350208238 0.0436575193646489 0.01337928569033859 0.05 38.34632933188559 528.585900595753 -179.5013880364237 209.01440556969217
41.934267899199895 -83.70466547631142 0.0821718689382267 0.03628264172416175 0.05 16.0576178784282 -412.39143647733954 -135.89151749624938 13.772757113472558
48.66454415657399 -0.38467055306854675 0.09333279869685396 0.012747848601000828 0.05 4.1193650814573886 234.20650469621447 -555.5633829844944 -216.28802785245296
96.04620389637957 -21.605959903195714 0.09420286663939148 0.02110677420921773 0.05 27.980380121893113 439.6200338043785 -169.7863655672837 6.048941178143849
226.5305867257648 28.620256912879448 0.08647186210791968 0.07701297003311092 0.05 8.878197480048948 243.1242939179432 -611.7930438874619 176.98703827525173
233.0648282342619 -12.895817748451243 0.08552849934191586 0.028081068038491572 0.05 5.8651037226521066 338.1246488126214 -762.8889611448681 165.01514348617974
76.13640307007496 25.463722635078764 0.022288478173832837 0.021241478388365473 0.05 11.999597345727185 215.95550933443147 -391.12700741158125 222.92377764082863
358.87056489987043 -64.27868369090642 0.0828501473194494 0.027063165706146766 0.05 10.655225864635078 282.7980327693678 -142.6503340280067 -131.27660139938777
142.72000933124986 36.26764926441314 0.07147063253101371 0.01981142431895897 0.05 6.617310894945586 33.46052871245416 -244.87434129448692 141.21799933810235
208.32247622543994 87.26020715078727 0.07925744571121851 0.01450582981869314 0.05 8.167519171776162 177.27175575090405 -545.4287751879795 66.00750822537589
20.73082039285412 -4.043095199443043 0.07060244031107876 0.0654659777696048 0.05 5.491958551121331 184.206207597425 -255.30098593807762 283.94158736180367
350.52073487767393 7.931203643921847 0.057682131849853935 -0.04672412475789947 0.05 0.8643645035760813 462.22311009171506 -476.3737982739973 -137.33904324736395
204.5499213466778 -17.774506411444587 0.07139736634283222 0.0071011817782435475 0.05 7.094131076124697 405.6411502668997 -217.76846315675618 -242.7144352394538
10.819828167661232 79.28780954978109 0.08470441739823542 0.007157918266235358 0.05 16.90548303730818 169.05405771263943 -265.3232171764131 -239.34331650832343
152.08306307105204 10.833325836378197 0.08821269362744055 -0.016398615906156367 0.05 39.61522989665977 59.06235079257357 -691.2224108623177 22.077970285844156
355.4544461456637 -13.407282589140994 0.09416023696292264 -0.06874318719285938 0.05 21.119747229153834 14.975348037407286 -336.51094916149 17.04217870857586
298.79678849934305 29.459304405411682 0.0661225531118661 0.06873947990371758 0.05 27.039492692900655 278.00812943519156 -447.09632753659923 155.8723516002928
352.89648545599886 12.397856926055214 0.06686448975370896 0.05162161639769645 0.05 33.11567745875917 -141.2433557478817 -66.7857019047079 9.989211616650365
55.78938264479201 17.427780457930258 0.08733096960780529 -0.03722474384668883 0.05 17.517604751296307 27.452333673582274 -220.29648388499638 -181.00882980393135
338.56966870561024 54.366028923901425 0.10524955422552162 0.07025902455317758 0.05 54.841774363810195 300.8115500448219 -286.87525841465015 168.43547190858405
246.36015311570733 29.778595640953277 0.06243642920928605 0.025865788362360965 0.05 20.5663285565534 499.18219970350697 72.4858186167811 -28.20969130115361
290.265629101426 57.00921906416745 0.02647300612710879 0.03004886177391854 0.05 11.547391728097995 196.91148582810104 -503.67213066519946 -190.08484719411354
239.11053949714136 -4.681846195644325 0.10209008200254277 -0.07503545687716687 0.05 62.81395499625716 226.4001981734807 -115.36841118391038 50.08834925301813
306.85647869410906 -57.01420759408489 0.07682427198358432 -0.07496840893146067 0.05 15.277091651777482 420.30452829202386 -295.6073463698953 -77.38316531931602
239.10984775497334 -37.05382541741725 0.10749967909069125 0.01725819804419355 0.05 30.531488343800167 213.39151156729326 -527.5003173621858 75.10522668973127
321.7758195586182 43.14012426613914 0.10127436200117867 -0.04369875241645208 0.05 43.29892519173286 182.35475900269887 -167.1111289490269 -33.95764046402785
60.7451890510371 -79.82513501857254 0.08326606642151368 0.08535822385241319 0.05 1.0530783348009092 288.0792384881531 -216.45164809546424 285.24088417423206
80.39261339350834 -53.064157924810466 0.11033860163493658 -0.094860731165658 0.05 8.188283126165498 223.21963290246939 -264.8685309137398 -203.59459508721898
44.924115607830366 66.86905513287371 0.08681430061059969 -0.024339296676986876 0.05 2.80051437591542 53.955660560141865 -147.5981110186926 90.0580059191017
131.98923984875293 28.280421192010614 0.06445731304612323 -0.049796021954640994 0.05 12.247277877004068 761.442565745491 -150.8520444074129 107.99265201084282
170.4845425670302 21.190555016851192 0.05147067803102767 -0.011274705433823291 0.05 7.363086645036855 296.8912917877069 -309.4353525180322 42.02532203823269
332.8858961426168 -55.98439056202658 0.05893285139619131 -0.017654128596167447 0.05 23.836212200970696 204.66461849133435 -599.0613836247579 32.49103487949776
44.585542026236304 -13.658216755621034 0.07827215366479567 0.0830453506533901 0.05 8.38364518370625 651.6464781889131 -200.9068923495148 -183.74705235582854
186.75382592311774 20.926326796824632 0.04023223207173077 -0.046529116334012056 0.05 5.487333380546245 150.72383134321382 -552.4416375802244 97.18595088325112
182.56112565994704 -35.59722110702329 0.09074761383087382 -0.020163740508882262 0.05 12.546197407276873 221.66699480749762 -19.649370889616762 -79.4536381611779
184.23796891336815 29.037633217644274 0.016126468346397305 0.028789004425951333 0.05 15.949406828594585 530.5118290597873 -282.5141978146542 269.43954706366054
271.30073109018605 -6.05625424295358 0.10554647856748556 0.0535589247267365 0.05 2.9890043622701863 322.6666407243267 -788.180988955329 133.14125011272205
184.25188096266635 21.92794864042365 0.08021626736821386 -0.018254911205921102 0.05 14.124937274970344 253.6213138556089 -764.5119006472303 -222.71100469564578
202.26927847073063 -22.314239063587063 0.0866484945789916 0.04978842534534194 0.05 65.65853377638282 238.20716986872554 -369.8661647621967 -189.42385453137683
184.83803413003585 73.07693344438043 0.04946789957361175 -0.08411023781503757 0.05 12.337451354768454 389.8115414096538 -188.7559003704293 280.0914952215642
118.21687143018546 71.78541619501833 0.040717699017923215 -0.025801676683708533 0.05 53.54925863892581 475.4640762367794 -533.2137661428735 191.75402932992637
102.31309124835707 -47.88732632256087 0.04651987547308467 -0.03150872126043619 0.05 12.360464462629531 419.73799527444004 -351.10800262424004 3.5528309737800683
180.8053115423819 11.990365477044895 0.07507883029431994 0.12504333780877774 0.05 10.639312796322013 -131.83119390494204 -563.5649544373981 -38.428683304400764
177.1466080131223 38.52136164670007 0.07206318197461159 -0.04308503025418339 0.05 20.26083334912416 424.099830834627 -428.6593929002214 26.424611760847156
161.19301548948818 -3.4918175539218406 0.03671281392245196 0.004775848538059511 0.05 27.160851098078535 127.34429360691816 -515.3031792458628 -24.59000798116277
136.3596835764131 61.8913442893718 0.10203934072513077 0.010275854019493278 0.05 27.902114604672747 216.92318895088692 -313.27995875788395 -185.15238338299272
51.798188219076565 -68.15204322324061 0.08510498843254455 0.022782241758815776 0.05 7.699591598400206 265.2108401961403 -226.3180760420854 11.765014808920512
255.34760751838022 35.0608132414924 0.08015609850018879 -0.04414503584637631 0.05 25.514783874037455 598.5577277952359 -260.76130058571033 -169.1408874367065
96.73882090182929 13.97576729129868 0.07773832729129615 0.002321488946164331 0.05 1.728402624989869 427.7612214056664 -187.74210329802963 -289.9578164537218
248.8765958331761 -65.01899160095519 0.06337243207730325 -0.05220299768917984 0.05 8.994482867147845 453.92065618845515 -181.63232060503861 -56.26430675897471
63.467846178572195 12.688531491998301 0.10388818576784509 0.05370984382683477 0.05 2.6478743609035944 461.99741022754625 -425.5001770101076 100.57787996576485
79.42075190685343 0.3315578859678041 0.024190014429572804 -0.027813300406970325 0.05 31.49192453684764 105.91530025496837 -302.88036875318426 -96.36832909882469
111.76484063390298 -16.20719829545732 0.08045748762550264 0.03877503758122581 0.05 2.2281685225727865 351.5624329731447 -290.8378836013574 153.3052298071037
321.91462902804994 46.085870968723505 0.07526194585132706 0.009257993318740079 0.05 0.8240694275214179 259.185750729939 -228.0161988517272 9.445443606759461
198.022803224585 -27.300763617443796 0.06294054746486077 -0.004014902988914361 0.05 13.340782087462854 555.566874545216 -113.97006481773462 278.1818868681562
12.922785395034253 35.51859062458779 0.03652225366383388 0.10953133031226295 0.05 29.78313831184505 320.3562508863589 -86.56845861537704 -17.295026690742006
152.03452542487247 38.43554724386852 0.04509694776198314 0.016938568272720434 0.05 1.5890506313542612 -11.086442977749527 -362.334761485126 413.5056708891304
30.896902943404356 -21.85161683985213 0.033595673482863075 -0.03413428268518051 0.05 42.20321625828266 475.46252597843994 -480.68130007716866 -30.86664698563945
243.78291188941085 23.246595711312867 0.03776268897568391 0.0061677273813054235 0.05 12.584842067584521 529.5669324549128 -132.39381465185446 -145.48687507022674
163.2848888638621 -44.3141638910895 0.028509795282856354 0.008151619832469696 0.05 27.755947300561466 225.7903663390689 -104.33402959196263 167.32163850800214
354.44286173338566 -34.24634818353205 0.06555064672035238 0.012089624911882063 0.05 10.028645810955576 -27.72226296485485 -360.13847874768055 155.5554871383897
126.83973008109257 8.741476502047327 0.06206408374834638 0.03735897008811251 0.05 7.116075244430909 -46.1218226641177 -365.28382161793013 -68.73004638324002
74.16951701330302 69.51517099547608 0.046205436919424914 -0.042741514454179785 0.05 20.934958770663005 127.5396069393628 -55.48484928202407 -269.6355578484641
174.68221597205022 61.014208857565414 0.10560872988342163 0.08124632491293667 0.05 3.5451009622501735 245.37168455527816 -84.63743992564713 -248.32409792458748
239.5707414263615 -76.96632831014014 0.07499660802163244 -0.12216687507994657 0.05 18.545790903356686 54.54930546883895 -415.8805239783504 -94.18974582609954
146.24016035950143 -46.25623214627605 0.09751148760072081 -0.019501357391757713 0.05 2.1846640479960127 -157.42589547249315 -274.35647921650286 77.33317363376217
54.23337610588946 -20.271098344413733 0.11449535740261751 -0.01416209515522267 0.05 48.83748644261417 -37.00034005886792 -151.11645140299103 -22.77665867816664
199.28234891269605 50.214933654033494 0.0804452303709251 0.12457830984207688 0.05 15.139304571400624 -67.21205045065545 -401.97656672233353 219.5516661768143
236.12524825980518 69.32444223862993 0.0981855725138896 0.01915872856742842 0.05 40.51751101869235 -45.7064972379392 -407.97484886526024 -62.09133571585721
18.65926027970622 -41.95409761674683 0.10727746941274496 -0.04263623125525239 0.05 6.731157336900885 373.0290322894649 -157.25494029443928 284.3571619912519
133.03803610851097 -20.675644657863586 0.1037753415548992 0.04354207840514039 0.05 15.216057493680864 84.14094487956567 -164.4554743980961 156.81004163221792
249.7553853816035 -20.882810962702905 0.040908758615603835 0.0035575886968232957 0.05 24.18891374987696 235.95149541762578 24.273761229520005 -142.96280299254994
205.6853763234127 33.918871613562146 0.0720626208585673 0.059986691919876815 0.05 32.68934445844529 344.7922390673185 -298.7687403450871 -38.938582730208054
188.53356913859892 8.078076645662968 0.03508170216435169 -0.11921996561462518 0.05 9.408857147036594 371.77177151832836 -432.6650494475724 69.6793288119579
91.50217713023204 14.053525140640915 0.047600146419805034 -0.06342675559083447 0.05 22.553771617189852 12.543369387679803 -287.61501167191415 -12.896094141004951
181.14776292628804 -4.213054695030709 0.10298209450524087 -0.08211963518840959 0.05 16.158290295309428 68.89153185010835 -297.68586843922964 68.29651255338347
84.23783434427894 28.11017468491371 0.08611937875166498 0.04073294352430667 0.05 29.51383030289745 184.88311375782052 -589.2557337071537 -43.942902560241436
119.37479798967595 1.1070229025364313 0.06768458919998577 -0.013956872104454189 0.05 22.896960369033426 84.45179391030328 -83.84112138432971 -224.83471961135416
163.4139615635008 -45.248497602600544 0.09539160719764106 0.02262440670907915 0.05 24.563589325652703 165.5598483284336 -315.1713806126246 -435.28748258359906
6.070093179726022 -32.07776357252824 0.06320075992661267 -0.005490458081716896 0.05 7.514082525176996 -256.8429194692361 -346.59824754916497 87.71441535134244
245.0182721524179 11.603306845880098 0.04375048434687323 0.017290466279170382 0.05 46.965715091574246 -25.287247335700016 -164.66374534383846 -229.98202453018126
152.05703251192506 -36.84604349058901 0.07537414954811261 0.071481526348086 0.05 50.19519913828246 28.959479163009917 -443.72477466761507 4.328822842453846
84.36212920617842 83.63064466986306 0.07064951792056728 -0.017473226605562834 0.05 10.855236440208849 -41.65936019236466 -120.99767037764579 96.4555648869384
349.9111832605717 0.49701373711003094 0.05411977239377941 -0.01997216429486397 0.05 11.620114385795338 -212.67371410725656 -502.6338318814707 166.62696252196702
256.893917942037 5.103715840168108 0.09544755984024733 0.034656426529144815 0.05 16.00079279172901 261.02675216790453 -84.10746200704682 370.2776991406628
39.69732386734064 36.979872524063005 0.11230893930628794 0.013426967429167668 0.05 71.09104458841547 263.4293636358105 -520.0209800388263 -312.3406699123778
112.16891627625319 -49.576520787478785 0.015296691006701835 -0.04539659443546423 0.05 6.459735010953796 393.4728707652875 -268.8575072343543 -75.09254936020993
240.2682255504978 -27.537675546340743 0.08344131272781241 -0.06084494013653701 0.05 36.78960142225444 338.32485619939416 -423.8564810196275 -100.79146139106635
289.9759269287644 -63.37363133976009 0.06421486633239626 -0.06348324671899606 0.05 19.17229480591013 341.68201563440914 -263.190925275566 68.24538108104798
238.27562555227635 -11.299531586713613 0.09161268096736186 -0.0307792429129125 0.05 2.821594921548387 -41.83869635623188 -192.65613915961694 271.0214154023714
304.0534240381439 1.906099749270484 0.09243298420018342 -0.016193493820787237 0.05 22.061834866089555 394.80234207106184 -869.9011689576537 -85.37925673522983
278.0508991307691 -27.318583221030668 0.056731597033487624 0.061017438220280405 0.05 23.391370056923314 23.621054079584013 -359.82231624317564 -110.10733239562444
356.0445810166906 -58.93520805318244 0.03005471012315497 0.05559208377768966 0.05 8.915560590956373 50.43552368265665 -240.61538021250712 -1.3523690839198608
281.6020754728168 15.403291067529889 0.047652877428354 -0.0188450793886792 0.05 3.717094431036017 102.61894878317356 -455.1403413822143 154.93934352371735
358.89756497292194 -34.54758484078059 0.06237967361906094 -0.008951338571061717 0.05 57.94642978964042 -67.41455958395488 7.273444163288673 -130.7883460162461
12.741667964545007 55.19686373712228 0.05955158064887911 -0.042117089223325466 0.05 0.9487353151982033 204.55677146937504 -20.462565344997813 144.6363459432116
196.55854535277373 -3.8846679545876643 0.06187295622732858 0.05686389231357818 0.05 2.8842727942956206 82.1103263531207 -424.63757182962075 212.3738051966553
340.95495562665644 82.67944798187986 0.04836149053081473 -0.02236206706840421 0.05 47.04557149275937 316.2393903556239 -551.2013126014413 224.16699888009177
221.41664968361098 74.65823635947118 0.07231846179202917 -0.025289566387880113 0.05 26.608626220850198 -106.91923411447601 -153.2695615966656 16.921930369571527
230.41236043148132 17.942597019720147 0.0649676476840284 -0.03851310841648418 0.05 7.346893836610386 84.54350422770082 -582.5247172603981 -36.13243347041511
286.4519384618327 7.460177258550437 0.0891853787477006 0.07124798261053117 0.05 9.372370756854703 120.13585561701609 -148.36925606365327 84.38422698693029
205.24089336933338 -56.583702703966544 0.06913261597709353 0.03914749175661387 0.05 13.259590533061079 50.90451386964426 -263.3042033183044 1.7886834443914381
245.7342570121628 14.217792167573538 0.015751061892745888 0.04017207014433528 0.05 18.93286527635185 441.9600073841137 -302.58835031021806 -173.57491543138218
69.78899886366018 -79.18810710492511 0.08608471532254747 0.04174683299495717 0.05 13.140662447036366 434.2226536690108 -73.0973765009494 2.0236195129460626
104.54980584069052 4.920340313773266 0.033028170362888964 0.05187440109424346 0.05 1.2746105991790728 50.54013937350092 -328.37373117986243 61.795295341509345
20.882944885747786 40.69667027098217 0.03791616658007069 0.020278506934047043 0.05 14.006911173155055 161.16454225256118 -266.1063528328098 67.26941682621792
255.86185680136893 -17.149839529818717 0.04907978617869446 0.030029217297609004 0.05 3.4313895570251267 -196.3594418633694 -239.08774987234713 2.0319783114381664
308.1441467172158 43.24986492950778 0.09896405453837054 0.03139400533225953 0.05 21.741276699996398 248.2760493942749 -384.86326482941996 84.87920317051827
276.4386151026927 2.924217621104652 0.04630481066862524 0.1267324257805714 0.05 5.397834699210563 204.79513085834077 47.6860552805004 284.67242267773173
358.78367158212075 -1.0579837114586756 0.03089300489979996 -0.024776234837979853 0.05 7.946690828105361 170.72948329456347 -285.1677214702795 320.55667771491125
293.47932455362843 -59.38053307829278 0.04978193988428781 0.08021869569387806 0.05 56.15944893288618 182.63751364431496 -531.2947009101481 151.97816402334936
183.7116368644828 -2.6196309982792525 0.06647453255363178 -0.05785714028421701 0.05 22.67965895827003 318.0323414761333 -431.10618201150646 168.55246059749518
266.7712873700555 17.058330764468895 0.07615665611081845 -0.1229006465241149 0.05 23.688164545584808 297.2734561770096 -203.73022003374933 219.3673856378037
118.79427698133776 -72.23253001231815 0.08699290845773078 -0.021288010889273287 0.05 17.487179487258057 255.71951304072337 269.81703825528257 42.67266442490144
196.9505597640939 5.938919725441645 0.07697916720884024 -0.028080346811120684 0.05 4.361024734954343 229.82590037034328 -154.86999370888825 -123.13478048611736
117.84157267065241 48.717826246980614 0.05206246913044654 -0.030227075648595683 0.05 16.547124098335924 376.228508928559 -444.93273763961474 -282.6514715368261
194.8823358573513 49.11734927594686 0.10044031630954775 -0.04745119508935917 0.05 8.819503359877594 297.00849795376223 -314.35508601001163 130.9781657400281
299.3813817039172 39.96596209010075 0.11136895921576917 0.07511057015974064 0.05 4.4560688818149625 -17.074983793540298 -297.1592113779563 -83.02364658264995
102.84130276060509 37.86867226193737 0.054282066180197486 0.019445082144666635 0.05 8.575267948122741 208.10215656436452 -189.92094415253956 77.0820005144929
68.1542218120243 9.894443754736955 0.012147212065908963 -0.1197267466826707 0.05 34.988997304626835 -47.615853460363496 -241.80819356710805 -162.4701025397144
141.73876874561043 -77.08701118588921 0.06405350882970318 -0.02524564819708829 0.05 67.50364672125762 -167.34708440506745 -474.68266521560497 170.89303054076453
356.06628776373805 55.987465151842926 0.10362348305675972 0.048991712812609035 0.05 5.118122463004609 -148.98941724220333 -461.4971934549444 199.74338533236426
326.0009394854028 10.734719272716891 0.10348202683631791 0.07561747153204805 0.05 4.797209329395327 339.23302451881585 -103.95868734106631 221.1025664934243
279.2435664733045 36.08967984190358 0.02569043731153564 0.030266180683084037 0.05 4.8082515064712945 245.56009251683975 -215.62856779275535 246.02168432717912
14.02529287085135 -56.4614674397733 0.07045497522209865 -0.01620125542101726 0.05 16.44313534270269 336.08125958052244 -127.69050416576695 121.0150763336305
94.55549934458342 37.67964546818439 0.05696129200584665 -0.06848828846507514 0.05 5.266398176487714 -25.314379173160347 -334.46654839219184 -176.04692845305965
195.26143240001718 -28.597836760601506 0.0586404222398893 0.008085204618694487 0.05 2.4550713096221193 285.89105516855545 -550.9290356684598 279.67541793664884
324.0748989972131 18.380579616139453 0.06784173161619189 0.061363307856612224 0.05 2.7888896036290993 -157.61633756955075 -283.45088830061843 164.22934768959504
73.48275616594493 -56.66484411042707 0.022789186117233795 0.04750402674555065 0.05 25.890373891480728 -81.57934282032824 -201.05699023788355 -71.35705270692321
310.40515200179817 35.7139664220736 0.11326322243155595 0.07817300685669572 0.05 30.89774571671314 211.20556910858525 -225.62435094059936 -45.42707928546491
201.9792844012514 66.6861112925178 0.04808738685986924 0.07382442956828912 0.05 2.40338448629366 -17.29369840237652 -467.27860913759105 330.1043594294588
153.63249108528257 -43.23550539122642 0.039825626057530705 -0.021982369037884177 0.05 10.343833860770184 125.43167196568243 -330.5577461877739 -26.71928885314901
67.79280082497107 15.322769524215099 0.023607828661863728 -0.04303776206386946 0.05 5.279819487134677 218.21353439475473 -344.57798486267257 -35.1246620011446
266.1722853271287 16.75118421822496 0.07115286166141521 0.11299118834021953 0.05 45.981729772658944 70.56832466198287 -211.26696426086923 30.909854979401537
203.97531673794168 76.92201813255478 0.09482484711600514 0.06232036210127383 0.05 15.733735361735311 137.84132856981103 -432.4902681485569 82.78867847048471
321.6199703216185 82.57914939910118 0.06609317889728628 -0.02646377755642572 0.05 3.1197552784054636 25.472000932414602 -561.2715064715287 -109.8181081822944
85.80830723852445 67.12671639860059 0.10474582370603103 -0.03388899987453995 0.05 5.648938608516342 89.28340806996893 -398.3254153454687 254.36655376271085
209.95622211692958 -36.31996427059032 0.11534563763902672 0.07432067454705275 0.05 8.928938128546923 -206.20519454634075 -366.74283590822387 -48.7111462143709
189.50857417056037 -25.371217535294953 0.06781904280593509 0.03593097281575933 0.05 14.051622630228128 107.26975447207 -823.6181535823068 67.16699246886257
118.6654405282289 -36.86248175081406 0.04143000627731053 -0.04758545423715829 0.05 2.9855310768324865 568.1144224721218 -260.74386029144415 -69.92364960643602
255.57181306538624 -43.84649575568541 0.09477272019650496 -0.07828727650102575 0.05 1.9384780721314123 277.4299195522388 -136.5323665201123 170.7084867187133
96.63068785837815 -60.098958364603284 0.031747659973288433 -0.07219722410461252 0.05 24.904715814367268 187.32523543599342 -748.7076715047383 549.732540648876
353.934028563696 57.819630281232705 0.07229970427249444 -0.04656248829186718 0.05 56.25672742627771 125.72567578358826 -560.1885032749942 361.69858008775344
293.0691827888211 43.30154651152912 0.015619821847128401 -0.022645761910439696 0.05 22.527070943843235 217.8742548788709 -369.15220746508373 -226.9280503296486
90.16660629799493 -0.1667672271758388 0.05108575928300696 0.06826670739924898 0.05 11.007069091940268 258.64165336240933 -692.0848178215635 89.3994372330888
158.70039337479383 39.21746707948109 0.09392793511847941 0.08761095607879807 0.05 15.006006076394707 83.72844693274382 -497.04390878477625 -109.27883998044845
285.8493111854146 12.329313026340804 0.06287640768057767 0.0032386402348962774 0.05 86.32153931030628 182.50145611448738 -124.21940155347215 320.8113788885963
263.92850010952543 -54.078952130425264 0.057827159591052446 0.03825126425933145 0.05 5.908030283357538 76.53907409291017 -424.6468770539216 3.537559183909316
325.4858902661324 39.2837831083866 0.07559129810314813 -0.04469754974305206 0.05 37.15444647625856 213.56206242759873 -336.14138427186094 -281.1873604006741
295.17885140309374 -11.895132338634774 0.09982305661734836 -0.020365963989339625 0.05 61.53412663134023 278.9659209307067 77.94156436280838 -224.71548505324535
183.1916810200647 -3.2728505129691796 0.04477226971425252 0.010844265781481979 0.05 8.263091137514998 157.11274164839247 -278.32981862016965 147.54299044497068
116.64600880224447 74.69326019682241 0.02198206189914509 0.0991923413976545 0.05 7.392395182241132 -84.22052407486501 -95.97411718114546 61.27676751347644
334.2333756168455 -18.38449809541895 0.09681579207316893 0.08160669254324117 0.05 7.308102379615524 148.9118643006226 -440.38834032421005 130.68297955422966
189.73911790422173 14.929611175851525 0.11124349021824465 0.0387891019747417 0.05 6.942826917578486 156.06357070720503 -815.6758607767746 127.01745990965708
268.21685259109375 0.8693602121186766 0.09508011877543132 -0.10961107989544894 0.05 4.753175890233242 183.27120741060997 59.82629271237903 66.08134164449426
190.88569132546382 -10.024542973764222 0.07818152431760805 0.02883850240428888 0.05 4.752126749359793 -9.361872276400476 -327.5377945851221 -40.47680288010767
307.2677577137882 52.77289353061009 0.1101549341543806 0.012130376141180154 0.05 24.636899900199598 476.94496937641435 -634.9659122827306 -81.3434762256633
309.8968808767443 -34.972135620137486 0.09684274798710302 0.016755291771874434 0.05 22.285318659111667 -10.65902977234731 -399.00548575153897 -7.202556289854542
70.70832844389389 43.09474432885268 0.11128250433938858 0.008163806267258674 0.05 16.122246193622654 43.78522385198244 -239.32809251998503 -137.5685934792265
83.87577369836941 -48.04150258853184 0.09384980930076714 0.05817478632347231 0.05 29.642238609725073 -209.76404794977208 -179.04177401187093 198.48653692708334
179.5970472004094 16.573345682639914 0.016028886078700566 -0.0029120328517940487 0.05 26.18587601372451 186.2143977698912 -518.0429571894699 -34.8296784533067
152.8698459524316 -19.419422770944472 0.03821006231079083 -0.03636181404667601 0.05 5.6221715204842715 297.3181209918065 -400.02971110874887 10.587488420281908
332.29917953945665 -16.73080561099263 0.04089148623421335 0.04387624810651018 0.05 34.523350671237594 -96.3949087859794 -376.2179030675682 81.07628559258887
316.5001845280425 42.31271665944043 0.09872183906945398 -0.05195383133682202 0.05 10.434822348620587 -294.5078357563569 -189.56294722142704 100.83950392268171
346.8907176047474 -16.39919385730462 0.05995551575949132 0.06146593467354838 0.05 27.118979004202032 65.5295851967353 -388.18366433738083 -106.76224911227183
102.37552027811195 -36.85110201136568 0.04993357641864815 -0.027123970318979698 0.05 16.131673338156457 -126.13472476778952 27.213786035538703 45.98456584439596
119.62902320448524 -21.451887092444572 0.03221362432317454 -0.06526491692175528 0.05 8.518439085405358 772.578094605098 99.8447595326952 -173.35944701973344
102.59148368656217 4.446652517460306 0.05728232810761358 0.0014490363251431072 0.05 29.98860549861431 177.68886243956328 -41.02326696702755 -17.46291225503262
210.13504747206173 12.55081369697374 0.06187779940655935 -0.006112003521801688 0.05 5.03644948931472 -86.61949907950458 -115.31551271605721 84.9870261730255
336.95621642258897 43.03093033150253 0.08022460814784016 -0.024735220972460385 0.05 21.14239432268294 -144.0703683142649 -382.3708422602799 -145.11239243095076
255.52841461509826 28.174074249961 0.06318937136163605 0.024438266673354754 0.05 2.8369226835656183 25.046256526882757 -409.38802803655364 430.32285807776816
271.4756758079809 -22.048706867856556 0.055848386499252056 -0.03627592411138435 0.05 9.600632261285723 230.25791060117427 -345.7058918808056 50.54444481082402
282.94986208691336 -35.2890495160544 0.1093358019180446 -0.010778519047699107 0.05 10.309576814558097 105.80792564388761 -72.16571326878832 -152.78843820443026
291.60685164908483 -16.240121348238404 0.08902623945425359 -0.029634231951676093 0.05 0.684422055979388 2.6597027219119695 -68.0942082923909 115.47203278515353
38.643547695561175 -25.911955188128733 0.025449192538473442 0.02182961202739731 0.05 28.316441870208195 10.747688990065228 -526.9584752423032 219.4336220361806
43.821140597167044 31.464803051794004 0.08999079593114523 0.008454180199175614 0.05 7.469426366142124 488.5073877491543 -342.110123254288 197.3654096113109
100.2883421203535 -20.936376924915564 0.03948986808261523 -0.008054201293196821 0.05 2.7608834750540696 361.48400474790355 -775.0435099700576 -255.6517251824211
10.784121045141307 -76.1078726185777 0.05425301081720413 -0.10952201345512173 0.05 4.68286993486507 234.34810089216217 -511.26424033662295 -81.05082046015812
211.9847813689296 61.54379071037581 0.04980874942206892 -0.030322291714976076 0.05 27.84709699593882 10.143666822395375 -284.74181005725893 413.670244222858
271.9807061464109 12.58553998104178 0.07519345629040197 -0.12446548733735925 0.05 12.040262316485341 440.94261374948866 -239.81660054562565 -374.36658089068305
29.927267749497794 29.414213524087977 0.0519425603222774 -0.05992596028868719 0.05 18.676169250625215 232.35572471528042 -396.11532450639595 32.68070296403468
220.73704760332865 -49.787697037868796 0.054156110788950995 0.017058908354424255 0.05 27.190089679509537 509.11352591385486 -139.78389460491795 -232.36619098418487
122.41313221133281 2.4852602492802323 0.09242807631076944 0.04591717523022197 0.05 10.208577742709783 318.9273503297869 -349.5181328626029 190.14136846514697
234.07374628000414 21.069626979931343 0.04507608298465504 0.01398900951736905 0.05 4.286269293680468 475.22570102213786 -43.35749334866745 85.6500442936026
234.75156444836796 19.02395085869908 0.10709101273206234 -0.09239029061494532 0.05 5.4639883771092395 278.2001192112535 -497.2684408980533 -173.24045594652193
173.04246485593637 -16.280585417911894 0.0939313846146248 -0.05161839045924044 0.05 20.566604904759313 454.45658784088835 -93.47792974867656 115.47234711651902
259.7437009608335 -68.8255468153236 0.06530603019895675 -0.014911253150096834 0.05 8.030552788880216 162.06829337535714 -224.071710759297 -33.7716293565265
17.67223139469114 -35.40951699905252 0.0898267117417122 -0.031024940533073312 0.05 19.60290263101406 20.882774285399364 -209.64468827739483 -78.0865138299987
17.86859452402077 -36.51207272105629 0.08796777593811744 0.0739627390191368 0.05 8.232915052056043 -74.93689693130597 -363.0944634714994 -109.36809695955398
239.8755200436065 40.32081366422491 0.044635790744020465 0.12623209859059673 0.05 69.3335313673014 -125.62738151762215 -157.16370734139997 289.1212280290976
261.5027984355965 -7.905929279241659 0.04075434847866788 0.055126390201022724 0.05 3.73712765399042 206.19366748771498 -325.8735676480866 181.49974584644247
24.53504600556933 19.26197100258689 0.09359084807104145 -0.004384948887529605 0.05 7.178195768288828 590.9122202141734 -372.2417322006122 -35.266263463534
30.018706129975797 -68.39599987845281 0.06762167698183985 0.015651044334403397 0.05 12.638507651346062 -111.81787591940468 -506.98028270516045 -2.6171659787097568
8.122272116470818 34.44318202190274 0.055949432752681494 0.04270974562312635 0.05 2.9704250203551767 292.0496281247109 -23.484746963509053 66.18780897421361
327.12253075730973 -8.991796552728577 0.09274648889614978 0.07227759878440156 0.05 9.580564102020427 342.8423059333216 -58.095180655174346 57.5829993483234
90.86750687746702 47.06177571126858 0.05308190152785852 -0.053103828541201416 0.05 20.56025651917212 293.6145214354782 -523.337053346537 196.18694075475824
331.18895991990524 18.574854064031147 0.10766609458198517 -0.02988763052314404 0.05 18.8376982532358 168.35493213243765 -240.57112537791878 156.1936424954152
20.081844641547825 -2.127060346501524 0.046798919176883835 -0.02149202161021119 0.05 99.32573566948786 569.2960987889592 -250.6699414316643 -152.7076489090118
82.72594257859896 -72.49951047666286 0.0747396507433975 0.023856071902364648 0.05 15.016389750497796 313.1998517035819 -225.8614675691847 412.4627119051685
121.24590195076622 -54.369127802818575 0.05682988966462954 -0.11574882796094055 0.05 13.133121022842843 211.81164964305296 -552.7608888740942 136.18502683277637
177.0064798334869 34.30032475964997 0.07377443639909664 0.01123468598085775 0.05 19.31995081729763 -62.406883951496184 -167.32067701444782 143.2963779865305
244.58418638580937 -27.087213070087227 0.08104326938127504 0.047207321614059404 0.05 22.505312019617957 73.05629487860344 -68.56210135031975 -261.21650706833657
14.931634021193036 -41.04213832198306 0.05661342552488846 0.03163539727129606 0.05 18.320644253382245 392.67003111498536 -243.18659798518746 75.3821482055143
96.32373951773758 -11.938727178194487 0.06600307423865615 0.06165888109374699 0.05 19.62428651638384 511.7112783488231 -229.28726293731404 -242.44280119566633
309.04621336623444 44.41524700643808 0.021896027280412067 -0.003970780079304941 0.05 69.7813346302557 446.7987947692816 -151.92820246949051 196.1785169461987
137.41210641334075 12.330407262741007 0.10580778686390668 -0.01790568045632973 0.05 52.09595270577518 228.112663788186 -205.68076008304817 -113.16040247298193
313.45329080860245 -8.74896596814218 0.07501357786684504 -0.008692217395213718 0.05 18.399099796404318 173.04756808812567 12.166686774038169 44.463424015183904
321.2699679566588 -38.78705020888578 0.06091832138940578 -0.0590551768374623 0.05 6.462127008198766 -93.4119202608702 -740.3579347831889 256.52963431748344
344.7113096790288 -31.268693514519402 0.09033264575168287 0.01120638458491947 0.05 36.702839190524195 180.6935366801881 -148.75921462232188 208.97285213500686
66.10490290344639 7.257642921694339 0.02154066691628964 -0.07803487121945632 0.05 22.440545335830894 186.642884158571 -584.8194018680313 31.825074673442963
192.15046523601407 -53.962893115553804 0.02927774979595532 -0.0519173729620938 0.05 2.37130841367636 247.74191377508106 -553.2620049991394 70.7261996339926
28.891672646122057 -9.35899164536971 0.06481305514070246 0.0710917332802228 0.05 8.136599911798406 339.9723714767456 -91.84036896794098 46.751234352801966
120.52177221563491 36.22209791391064 0.07408927148372269 0.0562733738446674 0.05 31.4189526282441 158.71130950469063 -327.45979098685706 38.56903382209437
172.90632956154715 28.94761629767351 0.04505609059165083 0.018335233017832814 0.05 5.682271945890265 -20.43087181306751 -133.91967902902235 382.41916391969306
291.0521480918899 25.121844169664943 0.09453431738778262 -0.018488866054858555 0.05 8.56871040914699 136.9443891999033 -312.5039073282207 167.50364765812247
347.8684724474828 44.76010691039091 0.10043435647907173 0.040058875585810116 0.05 20.92997577158119 207.00191239583106 -318.3015833963243 -60.229149760474485
287.10886196696873 -54.21496072632813 0.07415119847867202 -0.017496805401526115 0.05 10.123274485768121 112.69594240165888 -521.8077455307093 352.33923737878905
104.18022924370682 -38.01028057732782 0.0657872161140054 -0.039173309120187155 0.05 11.051735846155006 487.98354873670064 -546.9799086425361 30.400209199714624
261.04535636656743 -50.71883687088436 0.056081798274928873 -0.025720474134889867 0.05 9.569457167406714 11.479391009566683 -342.76370612376127 -250.76532051237928
28.07559478791099 20.918930681121452 0.007682396673910574 0.046108956404734135 0.05 32.756261760013324 64.11922257900807 -311.9138742455989 136.97538950443226
44.7371401799535 20.83348888668546 0.060051814635873724 -0.05219064764144273 0.05 16.25283989542972 190.79274530940393 -251.28130597481683 170.32099748385764
255.70310144370964 18.001713261420893 0.07400419669121772 -0.010381576216451482 0.05 23.509776866123364 446.39577630903875 -687.0242605682515 375.05975284118
113.34796291583544 25.798713264506457 0.08934713127623106 0.04214936320677935 0.05 5.279995323525699 456.31351999598695 -634.1969409448297 11.591544254366028
150.79783622251827 22.174844161068776 0.06581520341298797 0.08257592144338002 0.05 15.819563224008359 199.50370688065703 -182.79167898601827 156.04962688049562
19.62789594387948 22.928636947377584 0.09044638836968422 0.03528980686239834 0.05 44.644509308013504 463.61308989301983 -141.1975605973677 291.47091293112794
212.89914648567054 -53.91565290687269 0.06246436167459812 -0.10366301849423282 0.05 2.0150144722578007 -174.01854349283673 -2.4783758604650643 234.63082003604342
353.18503902402557 7.95865010794472 0.07483793308867703 -0.041162697619927455 0.05 25.12238131281002 -52.940317441304444 -180.29420951762643 289.8133766603579
200.53868257918862 -51.740881732032534 0.04148067310201364 -0.03828876689459877 0.05 25.727194865653335 583.363759799737 -641.9644756743241 452.0000686279174
22.50963717106032 34.454634363756774 0.07780600682430716 0.001890458693790923 0.05 2.291133557525127 -272.62069266455296 -663.1757698802722 414.1280021349379
127.17904169558881 4.7319757579311155 0.047491330507091645 0.07156542672890819 0.05 18.707051652465417 0.2172897388355466 -584.8321024147178 -254.43948475221003
348.98729573295583 36.84498944355845 0.1153980117736686 -0.02077955621648049 0.05 5.908030283357538 732.3801451732766 -271.10809561640616 106.91783332121409
70.2670264362737 -13.11193926996654 0.06863353470112865 0.012865873543734814 0.05 23.13619562174218 -170.96322818447408 -336.78503986215367 -345.04941439321175
19.274326845965028 6.13181131297719 0.028880613360380947 0.05750771825319009 0.05 13.204246478784617 176.4001756770795 -223.8873973461241 268.48124848824085
3.3496893576700293 29.716858668038025 0.10429747597098982 0.06245043303971591 0.05 20.478130332782005 182.24629662040968 -336.4199232200034 -289.88623485411244
271.04923289961613 63.65902927986814 0.08050654698979764 0.04607394939483737 0.05 41.1006283609364 65.89983255785361 -611.2156557603275 28.078506779739254
71.80679580022695 59.35071236917614 0.06549256338672849 -0.09832219887802103 0.05 7.489431713336843 233.08034580348072 -524.323039221118 -74.03430204032206
118.76182969826756 20.239254503512473 0.04016245406210639 0.023746898481423955 0.05 9.371990563666847 440.9653203149719 -372.79136788780795 41.20163859979058
230.99811804999857 -18.63132640776093 0.05393036149744468 -0.06331831594680155 0.05 42.60033224524535 640.8709977799294 -452.09244201899986 446.031586639027
43.169593255393906 -23.917904437122303 0.03753508743062883 0.08201667808746672 0.05 8.384286246721548 242.28270608524576 -226.58542394618863 161.75889952956754
142.24268549043066 61.582858543412236 0.07009042492976869 -0.03882979514800737 0.05 5.5675598392393395 389.9954570718477 -299.57402556257244 57.69399895153835
122.12774512284292 -23.522669723454307 0.04831959647126105 -0.04788356491667204 0.05 1.0523242907219172 -8.316312674567598 -122.67899454473459 308.25034604347394
181.36210689153205 7.661739143043951 0.06573558337229035 0.09276846504856097 0.05 11.633932900618348 236.2490925550536 -284.30971844026 -5.31456236352188
256.8569161653048 46.70010716986139 0.10070938397507323 0.0031503234936030643 0.05 2.9322407669383925 445.7532962572852 -130.5674448577213 -227.71065547326322
36.48508277191797 -6.725529154132329 0.06447731636592402 -0.05586531038580233 0.05 5.54125663408667 215.39082607895713 -407.5251686918615 130.4359912300933
90.23769195574647 -4.284681781520153 0.07813241923817049 -0.08835691259298684 0.05 2.0358841431102963 514.895092546065 -254.92730889772747 355.44592857853877
252.13931579186414 -28.791763975807054 0.09051718682435084 -0.043908668082805025 0.05 108.90480611811259 482.2001744953586 -280.0591771192893 128.91789103885884
62.9691732853978 -4.099252799309454 0.10241145452051037 -0.00984677202821848 0.05 18.486005270196426 579.1566639487789 -124.8411877433216 -50.210254969319195
306.27891166086846 46.38674206382612 0.06627618378055877 0.005326899953593139 0.05 11.623700597362394 495.10582124551144 -731.6225660676081 -137.17290817149373
202.64921226814107 -20.340153939594856 0.07355495317864813 -0.0022443669668415246 0.05 0.6512368648812694 281.57290469192554 -619.0107168615538 371.7529918767398
185.29384428152036 -46.24945522552239 0.09666906557927368 0.04425175343972148 0.05 8.135001144022535 593.7664404982743 -366.562670562594 371.04473560365847
103.2396232467676 26.403767636756942 0.06797286275659209 0.009844070211833322 0.05 0.9439702249731252 -73.80090742261604 -133.50742715367124 -28.01777830525387
74.82782131104969 -50.634133611884415 0.05713635507673298 -0.07662860198973975 0.05 5.915031297365833 79.85218790348416 -127.28051920542131 35.31617473807631
17.52924647210954 43.07346498861604 0.05637876149024201 0.03201090048657322 0.05 13.270879828286454 -168.69991048716236 -175.3509905900178 367.7900585661762
135.7954433567788 2.592969255729572 0.09142901097324962 0.02132018563830633 0.05 7.3311459426055485 453.4537217378611 -337.19191436439604 117.67386718993718
133.10290541388216 68.21103856958868 0.07433344699085032 -0.08430083365404795 0.05 24.400408338114087 8.701249350884126 -80.53641110604772 137.38424851327375
19.65243361086071 45.958511733133854 0.08985362669117669 -0.07010288743985087 0.05 13.681282806859727 266.86442965971935 -498.09746435307983 -88.86322947149824
34.21596616834803 4.188875622462991 0.1059381487484432 0.03689152083536768 0.05 11.232654076597964 -110.10338735839957 -324.16255560224414 261.1671717154635
205.50618328188014 53.78628164441936 0.05632930333930575 -0.051259621997625945 0.05 20.451148126538452 228.04019533908817 -105.25178671756177 11.40199654544795
107.07147010776242 -30.25647680545588 0.038742424260347796 -0.04882020251903703 0.05 12.45402563748826 280.0379997946332 -35.852091509347986 511.368794540017
50.15826185964157 60.41052187640559 0.08993324596737717 -0.027348695546937737 0.05 29.81570741863665 466.1862649011313 -510.24708431407214 187.1669026620721
39.93432126312622 13.608009843086707 0.11235315681752156 0.02668730830085927 0.05 11.302871901976268 246.86224503173614 -309.37602043297204 203.56554166984023
167.06807210124646 55.33479265190007 0.09497774899590739 0.02550274448727942 0.05 5.443627416322597 345.46536899194246 -342.1380456429923 69.21754357031914
2.0202552421434827 -17.66057877511473 0.07803068618797981 -0.010328846715776623 0.05 11.040040312079318 -157.6091438986155 -13.932115476007368 -244.81377997737883
270.20097033113984 -10.768717270391605 0.03134840511629844 0.10560370064925914 0.05 1.5879865790301684 442.17096822276164 -217.15475284806143 24.898959605722688
215.06246604062116 -46.266844466529825 0.08773030477680166 -0.07627401071491852 0.05 2.286522635193083 241.13164388282078 -348.34065469843904 492.50560432671466
283.71027483426036 29.984624487182636 0.05331866150174691 -0.013892784009751746 0.05 36.26997010274772 297.1731147319545 -312.1015293954948 -256.75630973696707
184.63234751869956 53.2233317796763 0.026151801713384604 0.038387247468041494 0.05 35.879533149410186 346.8284546095082 -350.45656208558967 -12.682171288083786
242.37807671477057 15.414361939412862 0.07057425851547827 -0.009071048642769674 0.05 7.369442532205621 412.7213964062863 -125.94721560168074 -338.56014750154884
208.4236488460991 7.9669077042379195 0.08198697501801111 0.009311387196000429 0.05 14.749857309410528 224.2606187850189 -498.19358011770044 23.803836399816923
155.6346907935548 -69.16602127643654 0.030037819108997388 0.07403643310605337 0.05 38.6670478051082 168.4315632808248 -268.32994407349895 -66.15266087837534
239.34639506391636 84.4844613902497 0.05494110925114737 0.05806624012324027 0.05 10.132154582417012 228.90838380464393 -445.65005902835003 -236.33522739696667
280.28296260313476 -18.365911196314027 0.02587654779430082 -0.002276417506761552 0.05 2.5263712169634442 410.9970814549218 -469.09396115879247 -56.55495168734352
329.4078020626078 67.95063417022558 0.0697453827879615 0.06475800570277908 0.05 20.660061152906092 399.01495711293165 -129.0904183731412 -165.59947214339772
71.03495059521408 -35.33099962420366 0.05939402659042203 -0.004835975037767434 0.05 26.34530711259738 83.7053068915719 -645.6295277088465 66.37283996974303
221.60407128521382 -7.205445818602133 0.008564065543136712 -0.04562921863707276 0.05 28.769672406028107 321.6324178342352 -199.61735756941215 206.14765719896164
45.72952849734063 -76.92342088881189 0.049890152725610815 -0.1118754651535911 0.05 5.459739923153482 138.12883326166303 -192.57559377574725 -463.33806750464146
221.9758528402669 33.24594132649606 0.048285458727815644 -0.0909586782487262 0.05 8.346227561113608 -32.30121139514824 -75.4948459055716 111.69900775062925
95.29681919961754 -23.725732943535192 0.039524285740231146 0.02134520169920186 0.05 8.305321479804396 160.03948257253313 -211.21991708735922 96.06019945463424
81.66494976964375 -78.14972795596252 0.07366657025969614 -0.02412456153420466 0.05 10.133666194621728 310.42041610248975 -419.6758599866435 124.44746426635551
317.10045810312914 -9.106434419828897 0.10606202318991143 -0.02379915630128509 0.05 7.930159718577255 18.241871899829647 -142.4059326248384 325.3288799637046
193.6266573191567 56.952956263875016 0.0577380232379181 -0.053089025148858854 0.05 26.995998633866854 118.41943759615836 -533.058001726642 -70.31966850823564
260.14495906593305 51.705056361639336 0.11299768521971632 -0.043742227191218286 0.05 12.69434783872154 -35.002696255709566 -512.1269947597675 -62.63847287370521
311.8414984248656 69.08322300694326 0.05071570408011117 -0.0009375806917120083 0.05 2.0498599387330487 66.48798646835951 -180.87095343043143 -286.37569050006994
323.5236287593466 15.86106956816396 0.11639176557798225 0.04927924659537909 0.05 21.74977328258159 105.52885098681273 -409.60726964928773 301.90556546296136
210.71952722005173 53.787280924666184 0.04357992197113325 -0.04825016804369354 0.05 10.975165750786234 282.65355547638063 -549.9947710685294 -197.43435946926806
131.8682783117089 -51.47391342726954 0.08889043043974043 -0.09132227970866838 0.05 44.596757670435935 290.6455584070375 -390.2197852669203 303.94542178962706
346.52378707591635 37.645837180807526 0.1093016590542526 -0.035007156044221874 0.05 26.027287356637 235.13466483664962 -78.40988924704476 96.15580215849133
59.87683355532569 -11.80534795839068 0.03763349483193412 0.06731344903137176 0.05 15.054793244662505 299.060958795914 257.0707581206718 -36.2745482539774
112.12040005525904 42.02882778803584 0.0374614171773584 0.014041471794873576 0.05 1.053507387729008 181.08501979563158 15.437724499707087 -96.0145893996058
27.463345511783807 32.8870954670962 0.09269959191709831 -0.010780295117332493 0.05 56.5218548616913 354.7331731400179 4.087613884484028 239.12495573962374
67.96844214261964 79.24355444646059 0.07923289206619644 0.02445354771547422 0.05 2.80116645520108 -316.74952801097504 -277.7065519231016 135.11883581743845
162.14690437964242 -4.711641626244913 0.07027462618898861 -0.014179228189686522 0.05 10.386916498179882 339.4013038204113 -432.76487567580267 -3.413379329537314
110.24993267859142 -14.901613579303598 0.08283074254618383 -0.009695870819662717 0.05 13.361352370515394 153.55470805909664 -372.22471974389896 144.87426451688918
34.129370043137556 8.308920054304885 0.08208062007240846 -0.08503923596755322 0.05 2.0875139163316048 108.7681196754927 -162.75297352551777 -264.1041632350747
291.2829537199271 -60.00454569010817 0.022856538252751468 0.09672081957112189 0.05 11.449083335099528 -110.78643565988023 -245.10398969613624 17.24437904109459
88.21578375867313 57.89244805945546 0.041552644896133195 -0.06834225969771267 0.05 4.5806370566160775 -103.84970316767476 -365.17332936412885 194.70170894280753
153.63154037429138 -73.3173628280766 0.08905298839708342 -0.014820020193111886 0.05 6.710858193909264 -45.16127777515729 -284.5755822280393 -125.30066711964946
25.41290909134166 33.478782965071645 0.11390679287473637 0.02504559473464904 0.05 3.283345211195801 140.844603525678 -301.21135283317847 -51.33923693830663
113.43030125832641 -75.47097172173477 0.10642484003506203 0.04658511883542076 0.05 27.391203624003353 541.9077525895746 -345.249615475617 -261.39039541631155
246.23751576158705 -60.331619676454864 0.09544659583791493 0.09349093124340262 0.05 5.82490826542377 411.44780964395164 -257.5241608907715 -200.7265720583656
108.4373218534097 -56.58769313900737 0.048864783619608776 -0.07464769854037864 0.05 16.858433317519797 457.08635881839837 -164.66298310059108 -311.11145866090754
156.23788201209118 43.79142683938099 0.062066863152456575 -0.01588380271347702 0.05 9.962244594787105 452.71928779578207 -334.08770109333784 -80.35856600644641
213.22777995448868 22.267199855848716 0.05086868170428982 -0.05179517865104153 0.05 0.6751285942159622 37.22155609485719 61.6260780611031 -76.68555589931853
181.95210560629465 -73.11736137453357 0.04910984319039624 -0.05630627125043882 0.05 3.664302902405527 552.7207973564124 -465.70736241547274 484.29764433495137
281.88432567404004 -2.9582220360397216 0.08204897879142359 0.10903796254703035 0.05 27.345190431403406 430.6425529087132 -208.46351704017007 280.7475360973504
26.33253270361396 27.25354311910386 0.055180174520203185 -0.030689282268293747 0.05 16.234071944661984 106.96330956603313 -399.7623508710366 194.90546438782494
25.05095233337896 31.067634837316636 0.01606173125886179 -0.017042735673903506 0.05 7.362342748142412 -108.54459299830376 -101.45128553791079 25.609048297140696
212.37598847313967 67.55861451139356 0.03156458777182758 0.08301081804816252 0.05 6.131017600269654 -58.577762037311174 -462.6185750173689 -71.75087494043791
243.6633230082017 64.31470555279336 0.04493879808871459 0.06093392494217429 0.05 10.57348736856146 -69.62738352025104 -476.3595014138681 -9.579441936406774
85.553765345069 -25.63887484068723 0.03242459900445871 -0.08070754904678021 0.05 11.343279391096635 83.37815630071954 -395.9539575478496 106.6730810500577
297.3611785826724 27.012658015040277 0.11602243442174509 0.027503132351543436 0.05 30.007230314119727 -1.9965194734703857 -323.66522946865024 337.61914895303124
65.01788246331024 45.6509199325725 0.07769469830824982 -0.09457058212426792 0.05 55.09523403021765 -82.11006164974185 -325.23112864081276 338.1068462249458
71.42811183253848 -4.56001005483651 0.08015617554542609 0.05234460861262868 0.05 11.395744504280062 286.9538780971883 -108.01029314989736 32.14292681942379
199.27107600034523 -5.095484214661208 0.11091179174286192 -0.019004355281046357 0.05 38.82883658171634 156.94613888446528 -360.08493363669487 -172.49745532446371
335.2251590439855 -2.5135131923090603 0.041283878707436106 -0.0422025697401905 0.05 17.518823225953533 26.939276468907337 -64.4986325001621 157.22918052044446
44.93983776392675 -34.37718675525776 0.0997554456745926 0.04916395960690649 0.05 33.87263139350759 228.21075365368262 -510.8492909554493 284.9433224244517
281.23757804285196 -4.652004169588016 0.04790886557021645 0.0005028483653197529 0.05 10.249118643023888 520.1395460465105 -71.66411738779567 279.60514664352365
355.8030221319871 -13.914478703357073 0.06405243717700349 0.03963898872546864 0.05 22.847647132246628 53.92399617892707 -211.36523660627722 -63.01429706792891
138.08799035595004 -50.23981359663169 0.08392157451450144 -0.06991879174894151 0.05 30.221025041489636 194.14224333822165 -329.9547027705229 -246.5043404088355
249.7629410050219 -24.915622548299353 0.06667673141238262 0.05437047963421644 0.05 25.189074010070605 143.09385411626567 -489.44761112588475 268.9102898574047
342.83838206442516 43.615196735051505 0.09378869223170683 0.04372559264995528 0.05 5.993327628235871 577.9961505926815 -187.46176348089017 -25.143788789374838
351.93573344913966 -12.230648120567428 0.034157393097556055 0.0028153347725798153 0.05 3.354422405320811 458.7132880753315 -516.9653116000925 166.78956023897757
121.60644086274522 -27.27152505053315 0.036549725181872716 -0.028247989043307553 0.05 16.603858104358853 213.54544792323557 -193.66044603354464 0.581221448034988
342.21955490862985 -19.135113075175447 0.10939926800859312 -0.07923424617258512 0.05 4.209234211268978 267.79836221016154 -234.54226892372213 342.56248401316316
91.59190712379737 -11.925437631556923 0.10457094953155077 0.10319435230086328 0.05 46.219661265895624 -56.41894677196757 -192.37869666460398 32.60209779477444
195.58059538454515 -18.026554291320092 0.07021537360065944 0.054458812953423856 0.05 2.5193915416090746 243.6320603438609 -615.7335666984773 -90.77574300165566
118.15762419222155 -35.52426597760867 0.0932560603937791 0.01789488419244878 0.05 12.186575398559741 -50.974421685358976 0.8473963416193442 -186.15822607086704
209.823174867196 7.499402105871216 0.038834766731342896 0.09451206895268027 0.05 10.916773050109523 270.0073919055969 -173.1555318738607 23.338451535700916
344.5812116474057 -50.741189447830244 0.033041110254566464 -0.06828514974114033 0.05 11.013497644622543 171.56240232717607 -276.797037923644 470.99688232257967
56.834615587081494 -2.0152662592374884 0.09994752209586943 0.05632987772669078 0.05 27.740601171632512 317.8031723448556 -371.2574304493629 -41.06857831833712
115.86098056327339 -7.6554069442751445 0.10239522821021896 -0.13938155030959387 0.05 13.99648278667553 290.57914507338575 -323.1424747357572 162.3409429449639
239.17981858129298 40.66405110835616 0.058552459692425174 -0.015888114886135403 0.05 12.35452570076719 171.40594083276176 17.63543846008895 117.03683320317606
203.21104015946554 31.709006607061486 0.03827834311561995 0.05991778046696836 0.05 27.916584588102346 267.02719642343425 -446.2893895414463 394.08580703496614
184.5021775199951 -9.741382434513834 0.06428356710104444 -0.07563968169736746 0.05 3.820053698250683 276.2525445120873 -258.47545972451536 -206.29167995123044
36.65750875216738 6.270344847696306 0.1065093181599912 0.011597338202525386 0.05 36.74880854063596 134.92341998045833 -163.1053974294985 -99.60617420402642
300.62942147434336 19.331420971807063 0.04286811561011805 -0.062107746063371265 0.05 29.617757509565067 34.160284517336294 -103.1727552591729 -11.976664016911144
39.071797466962266 7.525772269975624 0.10733619543084982 0.018885125127497293 0.05 25.727313080623606 352.84984002343265 -309.726781480868 47.59199214967121
92.99734174310379 -22.55990633137438 0.0793452355592581 -0.10186148555095557 0.05 2.4007947012697906 172.420604026451 -515.6463804407838 289.9755493045517
4.100981447338868 13.956863857519886 0.07682528507903874 -0.062091047528419645 0.05 43.6923882760526 47.85755319640276 -302.68765148685577 -173.20909944331905
278.26788694632546 -1.192786177653959 0.06605800716656707 -0.02135921422751675 0.05 1.6125429641839513 248.74095829851836 -382.0915656276934 317.43770285858324
74.13520129326233 -32.62271260882404 0.04327140245183503 0.05737436979344578 0.05 2.1697664250150757 548.5216356565797 -769.1614235819786 -89.6945606322378
177.91384576644322 -21.87340652673654 0.0958890924706095 -0.04208155638170003 0.05 65.65853377638282 388.5261530486565 -185.77037842504723 108.5458889644288
225.558023507016 65.38249776202309 0.08766111867849768 0.05272683093934072 0.05 12.018396767480077 435.4538784838294 -578.706749690272 86.17285161981586
106.24397742613667 -54.71829094350287 0.07068753874923983 -0.034992083672352604 0.05 14.975992473242075 -66.26243073861451 -132.1446426321161 221.0580567900718
313.07622462222116 -20.667586324189916 0.0745590368335034 -0.0022887919129529763 0.05 15.322034391948893 233.4448879218644 -127.55967499684868 118.33411939225138
4.506468290841833 60.280349098913696 0.0861509596103256 0.07967540379482524 0.05 7.114393675808152 383.34701013633406 -104.96757739823994 -43.9813806546253
278.71173517979526 -43.26862149416631 0.0583469424009202 0.021837968823526836 0.05 7.8821157351864155 53.31844479241698 -142.623924973679 11.157718932444702
159.87736769350832 0.8802623629790063 0.10604575098896207 0.05151667474451131 0.05 2.745027615105443 483.2051511894876 -333.32393035633686 -288.07058512369093
40.411748257460374 -42.3756846032955 0.10509205325214777 -0.03126674012534962 0.05 14.534144193484059 578.7453420718917 -363.19718482905523 109.19599735709609
321.05098018823884 53.29817537547431 0.08714855123359344 -0.0008491018129275756 0.05 15.286153092426023 242.87518177531527 -218.49402075612718 -111.74529519686573
149.84535808995537 3.7329618184065914 0.10156343023107728 -0.10167125066135116 0.05 4.581703688740896 643.2132068564206 -222.2744664321864 9.300631991201087
211.91403156724803 -49.40618269820557 0.03605682670592958 -0.035810998929649916 0.05 17.639215407659474 347.14088443798204 -360.71791206219666 38.314290811389654
309.75220468973424 22.802781662538692 0.06805011281363305 -0.015249124503539714 0.05 51.81401295931576 547.6576459984309 -328.868269714139 282.30740580620215
89.5049720879268 -65.71859670618817 0.042193845386290674 -0.029999776934156223 0.05 5.209921514808998 282.60852291165827 -502.33484819753915 131.6417988395094
71.17048231134211 -29.49879205329836 0.06154319658719576 -0.03163934069981328 0.05 7.307411049541215 342.1118046194958 -94.52498188716581 490.62414840223835
171.1381749580878 -34.147084287382214 0.04380097863269894 0.005059762021298216 0.05 10.145127813221439 -22.121505654893156 -260.1408602887112 43.70560182199694
187.17279631189157 -55.49702977194553 0.06800045601304894 -0.007630882671085398 0.05 10.658094916709567 136.89534041238014 -401.5623738769855 176.5167442206156
218.837804035749 -12.156186637023984 0.11128197320046529 -0.00045451219779662675 0.05 13.931341212660632 351.42113294415867 -568.0000989400612 -33.50587612623063
236.6639489380976 75.69844950118832 0.08284749694510363 -0.050077661733365586 0.05 38.68265739926293 171.0502709627114 -105.39209630810339 93.42973039269069
299.4712046137267 2.4801054044481683 0.053822575212375545 0.018023335610043115 0.05 9.53193843704605 243.10858481669982 -344.9351880913212 120.15441906214825
235.71775963419103 -22.933566434935273 0.09476122256607966 0.004858929433835809 0.05 2.59325851017393 407.57038888832085 -210.2051730493808 -20.112225044461624
172.03528874457928 -52.3673114643405 0.0633602744735644 0.0185016270057684 0.05 4.694201019412339 14.248678209815267 -320.50055331104534 69.19498695606734
331.72585169217786 -20.501014846199737 0.06849959386375781 0.00855923710692994 0.05 1.2633902303633284 345.06647868144546 -388.33359188310135 123.54080782336486
96.42180836677927 11.37472350027098 0.065850375910943 -0.002458309362339534 0.05 14.838940968064849 61.47551189486663 -409.89635234107504 41.87303354881224
55.84731401076676 63.59888640348808 0.0769602873989983 0.004793922184626305 0.05 14.625897729794548 444.36855225880765 -328.3244693346046 197.08930232072603
103.75068614357887 -37.31521425491939 0.03974646112118463 -0.026622318341223406 0.05 63.139065503929395 69.64043573209511 -321.44327083561154 108.70970599902509
151.3104817265982 -13.319085837055122 0.10924821012534713 0.000178324086729173 0.05 20.33812386867939 350.142914844659 -526.5080853393545 -137.867799469578
200.51595923175213 33.03475722381971 0.06963758845402235 0.04013170531702106 0.05 12.054481872195327 107.18168056576633 -432.4768664804229 210.444381286228
36.36207571852814 -43.35952162321792 0.0692112665114133 -0.08469946938877836 0.05 2.289232099180036 455.8570563927211 -4.143358105267623 -114.75103167071825
6.502269555713682 26.19449946139037 0.08317267446348664 -0.04190321479693712 0.05 4.732302376604996 154.88736803418357 -408.6127117640983 184.65427614298414
321.53714246921743 -23.72038076361773 0.06908352065474355 -0.035285857435524266 0.05 18.234722617486092 139.9449168376507 -300.2319451100928 142.74712814611573
184.69847500266246 -33.55265747034392 0.033696479846816674 -0.012723641445444134 0.05 1.920173041876574 298.6300388800152 -27.50439373058981 -71.01767697168293
134.09037806726397 -30.039118803602854 0.03451232326471376 0.013255849895272877 0.05 9.392888424439615 109.34365393273548 -101.10508205192451 80.09710110667531
163.3206774528521 -6.906235397276204 0.06849403490801698 -0.07367220010254676 0.05 8.156784711065033 235.29251443604755 -381.8032826003581 37.09971020943298
71.79621337529484 52.61500567107647 0.07577947963723641 -0.08148399426864421 0.05 46.60388021406168 -130.2842834149086 -535.8600158613442 28.009899397465446
338.8216984165873 22.505917367268978 0.08682472635599336 0.03770445189560573 0.05 5.550006569322758 190.92939874185012 -130.38183559372067 -23.505971447548433
200.91186036537638 2.063114181050787 0.09479085921537389 -0.027623533173287522 0.05 7.023483676880905 340.720732230403 -329.0979594254679 25.538565895432658
266.2893141305703 44.91509621856575 0.09050793263048562 -0.023352672508927017 0.05 12.655811021098685 596.2638750672734 -482.20768161274503 -124.13089420854712
48.65479766989427 82.00736779325871 0.10547273932151358 -0.029837899912186053 0.05 24.664104337785854 156.84075723832302 -668.1674004576985 -356.05919176401375
8.275697345984574 -6.11387435832481 0.09982191680260555 -0.008192756527156118 0.05 3.236820006818572 429.18383719002077 -195.66153659881988 26.057227071745764
125.49269061877362 4.115362573070083 0.039060471391126894 -0.07328075571722348 0.05 14.471786385849331 262.27854083680893 122.8092514019666 -257.1564486356907
26.968700809478474 -8.308692030457854 0.06986155760583901 0.02460750054899665 0.05 27.544523506662255 318.817791990235 -184.89467059324022 -125.75191744035598
196.23148999638363 -17.8011656769481 0.060360914357526774 -0.006355172188256368 0.05 29.081632626921177 385.43965783935494 -766.115709392607 116.51467519683519
160.3129162630399 -52.88867929974154 0.0787056556833281 0.00018186460753476068 0.05 17.150954227396497 457.9947823455285 -294.42128585813566 0.8457604647738322
16.387113358622084 39.79473024896501 0.1042822024856025 -0.05998511593255912 0.05 8.355437718478 249.97481903743378 -39.521719936046566 -56.27965899740397
329.02447375414613 40.45679367492813 0.08066121573260876 -0.03127719473419767 0.05 3.3434886986165893 343.27825795314664 -214.33304015955258 166.24662722588715
285.3471344884417 -10.352824059975061 0.049912761206022616 0.030504374837170518 0.05 13.14327840519533 243.77588395561793 -265.9000197128789 -194.9720693435705
25.585899313245232 33.08923005821145 0.06179756882874354 0.010271591642951869 0.05 5.120428793916681 -18.55587464024478 -376.6255781522309 98.6935817344636
190.61004170804094 -17.816273076267947 0.0958060734160775 -0.05939251370593844 0.05 2.397961494667978 706.9287756118908 -468.12538623175885 -274.50138462021494
68.62666606547688 64.38479167659546 0.0562166788150682 0.003156325494494907 0.05 3.6905050157029873 83.86139491507898 -131.4465926581742 -73.71626973363408
312.1538191327317 -76.895493419051 0.07712731088032765 0.0016843458454398905 0.05 28.239399191946184 315.55902642968294 -460.3748159327247 113.97794946152965
118.91923310222367 -35.09309023224735 0.11278737673999029 0.06889912911101134 0.05 2.4973624385104145 87.83926421782313 -295.9080227040328 107.65706941751023
270.4145202829073 8.238088462233847 0.09225484478382073 0.10119999200602864 0.05 55.73392982735906 270.67464360321014 -343.50205335356145 362.67156966047384
166.00174139673766 -45.815114010263805 0.06826928815033373 0.05494591065124289 0.05 11.478967137464245 419.4538467025489 -247.79265362479816 -129.09039839917574
254.4068736406292 59.498162504716916 0.07916426299936363 0.06749102734209202 0.05 18.705148814334276 169.23688982824171 -526.1937587482713 -177.4647855869694
129.80062790546185 -65.93688741238803 0.09910973977704884 0.03898920061738654 0.05 1.1237368006712976 474.193873835046 -334.6464843863034 247.13059705804588
171.30774399260588 55.52554243284187 0.07770632182224979 -0.007557176983409798 0.05 24.119317201150896 8.922127299527972 -366.122555301606 -85.33817220691907
276.2017976168874 10.123760012371662 0.10956902979118577 -0.01600462706894434 0.05 33.3107492332543 54.128042678854996 214.61448882056038 -307.98833379761754
137.80641281529543 21.289914516209038 0.038662763567866465 -0.043973630943907806 0.05 34.94721834940425 282.26551619840046 -386.71548009693925 -9.004074706417754
325.74277842970446 -3.311124510530335 0.05943889913747835 -0.04601728216706103 0.05 22.125331654558327 35.69045501831491 -85.68725021655189 141.40949132945588
93.37878957925874 -72.75760425231162 0.10426011227906451 -0.005625642607060658 0.05 32.835800848409896 -35.028812912490196 -300.48544541250595 215.71303488636357
247.67407867209434 12.054315207812465 0.0739949028644753 -0.003586239069015276 0.05 39.94421266165951 261.7264884700476 -203.60223638017493 -32.655607313863996
236.5447398827709 -29.254901097356637 0.04305189401127496 0.0002952995419905494 0.05 13.96224068130929 435.45584244498383 -407.17167013700623 -228.45095501645977
85.87895474440508 20.31506691283284 0.0148135716905069 0.06724758684209434 0.05 41.012067047941365 208.86633788671745 -449.89449031053084 223.16106854577876
244.98156990173018 46.395072212681455 0.09470957718869166 0.08121780271637932 0.05 7.825134755219523 284.0829725322501 -95.78723838749175 -95.31591085915676
83.92447070209951 38.33085619091726 0.09399854351988846 -0.007072800921294808 0.05 8.453833746860612 271.15106479168276 -379.385013448814 211.6530867585469
143.27906917924722 -62.02179723621834 0.06673121817397898 0.08887259693989659 0.05 25.267725575856073 333.31769462163334 -127.05695872238451 185.389998917153
266.0710274397905 12.644651122207781 0.09203671755827436 0.02198389022143999 0.05 5.049652838867825 92.02158641091525 -446.8208143285854 -42.220707515555475
324.9523584456298 -22.88210280724705 0.04493837351249419 0.001293709715884241 0.05 18.006960824808267 137.42229604098432 -192.76164323998347 354.3414547166097
313.64600686766676 57.92922267288958 0.033716604151726504 0.036991321964338575 0.05 10.585106803395472 -65.23547061186008 -420.1053735857678 -163.7835576304416
22.884715968230985 16.87541916182337 0.032029428828128426 -0.011103171416107336 0.05 42.178994289453875 244.53958714293577 -587.89364580951 133.2997938367708
225.86901511555448 12.694313971893772 0.08233955271974902 -0.013784602229400467 0.05 37.33717963157253 45.720485467318326 -549.2553558308248 -67.76649065597049
345.34788696030995 -53.02520978398409 0.10528530406136083 0.03399534202368641 0.05 2.3907587876990015 553.0238248082121 -340.9263368862275 -36.774620744106684
215.61830798319653 13.396232118832211 0.0924993688324558 0.013660589604070844 0.05 50.02312143145485 153.259054186035 -395.280466946152 32.74686804618179
340.75805242773475 -20.006568553045874 0.0700675703416842 -0.028237712772054367 0.05 18.269477874078945 86.63686193159612 -476.4295340872727 -120.42417774127486
158.38382088560937 2.8724436185911317 0.02317308773235105 -0.04683292845907021 0.05 6.201868515324545 426.8651291921555 -510.161020364097 539.483117667072
33.16316621262482 4.55554687851534 0.05653028922307768 -0.06787413151739859 0.05 2.707707896529972 275.43069663607463 -197.9745152436284 104.17613243385352
154.3156040018345 -14.961649445061704 0.11201637325664171 0.08980961011285282 0.05 5.370979869725184 339.18357690452876 -74.02612221977125 -203.3022486530234
253.2235489993191 74.14793460443403 0.10125062607376378 0.06600317551665429 0.05 12.882428346919935 229.5582713584088 -309.3362642213366 40.387678025823
99.7613515776495 48.72952772982664 0.10966414674505098 0.009473671489565834 0.05 14.487837178191814 -311.398495031912 -271.67223082461635 -229.5138591392203
39.77277562087621 -33.62179439250311 0.10375591557737995 0.054549610080437176 0.05 17.281910185631823 375.4135714276763 -353.3594781844422 133.61819406710924
119.42592929186017 -27.51751751988597 0.02837027049758034 -0.11544052945445421 0.05 17.62369464107887 637.8936713883483 -74.31719426420199 -48.32927342428542
263.7794266653278 -7.761100983429162 0.05948411624001104 -0.08161908297112355 0.05 28.40581334464778 265.6226367496813 -230.02060915314365 -52.677530438666096
313.0958878054688 5.363966315839579 0.060766088348951586 0.007912470388422733 0.05 50.800937236140804 -64.91416487979978 -192.6299755802723 297.17936978532066
322.8142087276602 -32.68362535895548 0.08652325041530795 -0.00045787492627918144 0.05 19.007445792957768 59.089242528039875 -51.76410321398507 -17.88359039073761
288.8477301828061 -44.83535670055968 0.07540813289665627 0.025761246694090544 0.05 32.189797203673194 -134.80411656040144 -305.84558374047174 235.44025921283492
10.026311844407088 -74.51663433941214 0.08357926063260046 0.04522161648416238 0.05 20.138231898522214 501.39348173419376 -452.40364673511954 375.1619552376617
28.627387729070943 -70.96686970670387 0.09545475518883761 0.04968352160785822 0.05 22.751029678627678 213.7832416105257 -77.12041578657812 33.430428255505966
220.18459383084758 -53.986291935900105 0.09822608711221892 -0.05001352855522846 0.05 3.6897043094612556 485.76362326721915 -344.3197314851448 -213.89413908416077
1.2686874481421715 12.475671253425086 0.08751653296661344 3.3683013893005245e-05 0.05 7.472776322800882 -27.51813238885154 -214.2089511494629 47.90191133828727
240.05310620871816 72.1176725189866 0.08166258378876923 0.1059269835473126 0.05 10.82417189788466 -46.319538028184326 -47.22886355472835 -483.89232803988637
298.2744271076702 43.57803429990421 0.06845251120875284 -0.03430732089969955 0.05 18.50040253865368 -27.70236390696286 -226.21426413833905 58.53391208984725
299.8321788319841 -35.61942256922609 0.09013068535765512 0.047876058927544846 0.05 7.317843474047539 294.5375368374396 -1159.5566934380759 -105.10870151165702
318.49473327728344 10.41284876490309 0.08469566024147768 0.02868358014092757 0.05 16.20064646062915 104.13300944956244 -382.1882510333332 63.20770963114208
181.90779211348206 -20.66196367093817 0.031770434645691514 -0.05275382992154195 0.05 19.625717558697005 301.44231004928497 -480.47652213969866 93.82279039717163
115.2926843164898 11.028688105103855 0.09740213043408086 0.0011781810751409823 0.05 22.586541505042504 -23.16593686299902 -339.0957393626876 38.04763452472783
184.92519696507577 -64.83848752891097 0.0665609073343898 -0.04520321025297698 0.05 33.95662502221537 532.2965895633954 -209.9305168871569 271.2669618387396
81.0917818408252 52.59112897219866 0.06318433333685891 0.007092987664748393 0.05 26.950224623945495 -10.07855779717849 -412.71561868894514 -88.41546969972882
320.28737095133516 -38.74778837455339 0.09671549085247388 0.006005199620537688 0.05 130.95639999160758 65.57210376796166 59.27892626347494 -260.07521732299324
169.57800619382238 51.26007982704266 0.05958303341664606 -0.017571509866746347 0.05 25.226310489230233 -26.678381122261186 -608.083780528875 -125.64425920003575
272.5851717932103 6.000801559137376 0.0562969028365623 0.0470940751339634 0.05 3.238883024278408 354.08434212601736 -341.11877809008087 179.92521874044309
307.1120237893599 -4.332963187132086 0.03068462417539175 0.03768802457872923 0.05 11.537640966955417 216.67079568495524 -120.70331642810882 80.50623914220951
187.00195730188207 -6.1684745716573595 0.09865345762979572 -0.015235831538262834 0.05 3.3298570097119096 529.5051049725553 -117.53175440725664 -220.76039370259622
307.0810057571581 -24.04051118149727 0.07779130222575681 0.030456194225048527 0.05 10.036214939542013 315.03574127611006 -64.99830305431007 270.7731253785249
263.6093200810637 25.626038438292348 0.01971860142743065 -0.022961604463230315 0.05 62.760880515965795 116.97440570542173 -377.6851255562396 -69.13783699848615
338.6775005568754 1.8151612801688533 0.0846688858403446 -0.017273491927006578 0.05 25.968180110753455 12.337430038487895 -383.20792404005067 -358.0006927535719
112.81734001864825 3.132034416606697 0.0508441042525174 -0.010808997791071669 0.05 82.38039025801068 -17.549689876398133 -159.84612248714964 149.95132592564522
45.59845390925963 -23.85294244067136 0.07272774712717034 0.043022149499640755 0.05 17.98190468652418 391.4835327379579 -29.938483734240663 -185.48759579465462
193.02943098504275 12.247327320866859 0.06018884540000968 0.02382800347311045 0.05 7.649086746675053 83.07428109828929 -97.98432190579626 -118.81143582985962
112.87515515230221 9.86715409748656 0.10964954765677515 0.04776760730847395 0.05 56.963512689275035 278.8136274332342 -233.13910081456402 102.2184317324937
207.31926846440163 -17.192756067565714 0.046839687467095326 -0.06667593054882698 0.05 14.698641520551728 402.7712866666136 -701.5502825222347 -106.51101589493018
195.30615615740479 -62.20901254080514 0.034089737461056036 -0.030808206370415814 0.05 3.33446947803183 39.19230096904937 -760.3049238761776 -82.97324058612554
176.85106117885593 32.761065358775824 0.0835276083520815 0.012108225740272262 0.05 29.553690345763535 217.5591603057387 -544.066422289429 91.21941803646038
220.34019960765343 -14.838325709283298 0.06358818890606566 -0.02692190250105194 0.05 11.07085597276482 662.1064273129394 -302.02891563421935 -40.7088910661255
175.5189650802979 -20.157226016108577 0.09068622656535097 -0.11850389776213878 0.05 5.698523759390806 260.7577268748655 -268.4298465898423 -421.42769003358376
159.1777552286092 -23.062697616986384 0.040981393376692266 0.005524946245386424 0.05 11.745975836958479 180.95561358351242 -389.82506112045417 -20.740745974769297
338.47121825952667 27.30864604954738 0.081695918579334 0.03484670478836374 0.05 6.4050966748651845 163.74103946953326 -234.76954559792665 252.07983079371624
153.11203907090228 -14.591905702825786 0.09721041343440207 -0.02905979122922286 0.05 4.865905083102998 -342.47811967832035 -316.5216618535128 167.4655269852958
319.889207800069 40.55014615096615 0.09902413088068873 0.005849369550192602 0.05 14.069927706842323 414.20336972394915 -515.4890173589462 4.338415558369697
6.299060813301197 41.84980326140359 0.11235896634746179 0.04683635627506917 0.05 7.044954360069398 -32.182453309913626 -475.63195872452786 426.52293129321407
148.10310666276067 -6.025569753630658 0.08733197612631072 -0.05360424764755894 0.05 13.781978649383298 331.0885730147248 -382.6423458152043 208.0967622454784
279.743015192442 -29.75378340127913 0.04939720073169518 0.06523389710659976 0.05 24.63847276457484 416.59594058864127 -319.3426868184777 48.68222295652779
114.81322599097389 33.2280695180749 0.027841001916905084 -0.10478090730506784 0.05 3.792291996619294 195.2665716793847 -109.41642412944162 53.370131292619064
254.97571356970735 57.076855708709566 0.09452904175260746 0.06798344301497117 0.05 14.735523079538575 273.8427278251302 -201.3575844531615 180.6115945819305
359.1900011947588 -15.027006993519246 0.05031166650902619 -0.02532524806674967 0.05 3.705905331322706 124.10415010220491 -797.108351807648 -106.0212013268731
98.95450748939724 -68.57341418405026 0.09093729554728713 -0.0021988653403062783 0.05 24.068900625740753 237.54121619488706 241.22008549144505 307.2081040006867
68.06879546645881 8.606453771691823 0.051341271296932556 0.06968868055348902 0.05 6.359594936736054 107.59487696639252 -564.6927407820451 62.14621385517895
218.56103212970743 -27.244872815860724 0.09586001457325533 -0.0075641913673340925 0.05 19.983226281216844 122.16592144265279 -666.5344679161324 279.9852529007527
174.54409127348208 14.207550951460135 0.05054425218841185 0.007361059372970302 0.05 7.72386209887313 -42.320160894493284 -293.79794202420265 -183.58812685656565
130.6077737105989 7.663108055694525 0.07571849923524443 0.024642403972775423 0.05 17.351008944227885 84.50468731205218 -667.7061371367515 122.82466729248436
131.90763011814258 20.668358415017753 0.07254221277419792 -0.04465919947131612 0.05 6.487900173979394 -12.479218294113707 -519.8650359010791 -11.16387195978065
75.33620241048658 -6.237971266694471 0.08810676258481509 0.019575362664667265 0.05 47.389828255672505 373.4833847641206 -291.5446906482709 296.8324674803162
174.9829957416665 -18.662309118950652 0.08551938728662223 0.017890552480832447 0.05 11.530407942870918 141.80195651577546 -345.1116444689416 -393.826761170826
251.85165909341785 6.0270445929358125 0.08388881629546652 0.010526034523006706 0.05 5.015468705416636 71.1953644433816 -463.6571251955738 42.94465933570119
197.86541004571376 -55.65836187975526 0.09607738832062407 0.04755979029108875 0.05 6.774386371976582 388.67863479280913 -105.63304496383878 -18.36024302648829
8.193070375926329 71.31145381996642 0.029514715240522182 -0.0071490041532182805 0.05 18.540256729603726 105.42625310416786 -630.0200052105697 -69.46933028610573
195.81541718911058 3.7412569437963836 0.09541095463328109 -0.016784749715201736 0.05 18.32008066458742 315.21140862167897 -104.01295175588038 446.41190506684705
301.47527579350947 -23.68288710418073 0.06691251064107173 -0.03829335032444734 0.05 19.78726161794997 172.32098438977937 -732.3401569081559 220.04912403637488
158.24835513725074 37.33925652822974 0.05514034393787415 -0.02306941906879725 0.05 1.7869837443383083 -55.20542518464296 -363.48201031736716 124.83649373942359
18.666817616180886 29.60777475211851 0.05063482569785771 -0.0495560379595326 0.05 9.336277704538627 -523.6673984868781 73.29581801264095 23.925729184379723
71.27084946302413 30.387403914135337 0.08022163601148069 -0.05018163091891658 0.05 43.8258299610182 174.00237794270396 -548.2076341298537 -179.3496993786141
250.44139638509256 14.378242350587513 0.05690218540670533 -0.002762246383469438 0.05 35.62607496024705 347.2906446916803 -375.1888927654028 159.86008382994538
160.85211881448345 -27.5241959868411 0.038065937955675144 -0.06907214655947672 0.05 14.981873933518388 226.68877810478637 -308.2897681621225 147.43225352670453
0.39480856491292704 32.97902959465456 0.06753011238535178 0.07711575145324635 0.05 2.283573314823889 277.29613691893394 -291.85516745090877 -205.71211572218942
120.31269540303127 1.4778444817373122 0.09750619441732011 0.03730042711778769 0.05 16.408730601454593 2.1115095542674567 91.07383091796339 313.5681780607594
106.87883451095347 -3.0200987835876716 0.08011682595251779 0.04591911784233153 0.05 28.864306615807106 47.0748193785239 -195.47646298410518 -41.88875394958981
155.54268178197924 17.70544706575821 0.03306506135139098 -0.03661105974851181 0.05 32.876057955216204 244.16240689116404 -443.9932165063559 34.669190142801476
209.75295215722713 19.74720045576714 0.09058597788632405 0.06841515455359298 0.05 8.610690258462201 268.8784016515272 -384.52045022284136 132.06416735316566
33.643469351983505 45.96184717455592 0.10101652790193216 0.0005964866218655506 0.05 34.06756736033037 46.143446510932336 -126.42984541203441 -227.98122158117894
22.632826137139553 20.26426040409905 0.09740008694361801 0.0062344207572478764 0.05 27.938568659055697 127.76575061246118 31.758087685844657 -441.6109837758954
276.04853419579274 52.44284429797476 0.06770361937611957 0.04047202281845287 0.05 11.535020435477206 249.14030403392627 -476.18731640251366 165.6879714943622
172.50727962073887 -48.27213836002542 0.09086343441007672 0.012827717550022816 0.05 73.33184055224649 183.97940223665444 -271.2815246059355 9.93332672567967
27.15427979593328 56.927584580934315 0.06547391959748117 0.05200617932253765 0.05 1.7230232167510793 -28.07716848388978 -463.1472656043727 -379.8276849002601
87.04619428158932 -43.33737811865928 0.05887125835041185 0.030840538372878812 0.05 3.1781907894066093 138.80179264355985 -219.2793951453649 -7.79648098760314
261.024145941981 74.55302630123852 0.038513826122336337 -0.07266809225622607 0.05 25.990690631562224 37.48660283855932 -277.4241531040802 299.5071535712257
296.747196301276 10.590826416439484 0.04873564682976417 0.07783107916380208 0.05 61.53412663134023 355.7671445087655 -649.9623819748979 186.1512842850324
196.3015498201575 19.66159999410979 0.08959939226480795 -0.053468077252656294 0.05 4.52366005655581 -92.46258957751945 -22.335046105635058 70.77479697151111
26.551708729822113 -11.791502858296955 0.03407858339635861 -0.010377610938754235 0.05 2.4663184880870577 372.6300734509931 -145.90467539198426 431.31141956581547
249.91948975664008 16.58450055678794 0.05202819079064103 -0.005897704369996929 0.05 11.043077263143198 141.54890264661054 -265.5949861398388 -349.40286241347144
52.49613296403073 10.085061846644239 0.024729348594874745 0.016598372202951996 0.05 15.730414829180758 5.684794662610926 159.70286872779508 223.89491665619087
89.02191750597964 -16.704565399421732 0.07090065642470589 0.031228760602280775 0.05 30.200348560854437 87.00863268193923 -214.11039839201132 -17.851487414179246
203.52363159230083 -75.7720797121966 0.049503387008000166 0.08709932370938828 0.05 76.63566950985444 437.76909301091825 -375.7891130703173 277.5653651886321
25.61191237799944 -21.537865968640855 0.04521409067198623 -0.10246972868082206 0.05 0.7519576592741645 489.0085413410939 -264.202007334337 251.13678142405553
137.37814540234604 0.31363359694026327 0.04395836956468124 -0.03596641767694834 0.05 65.69800330703858 282.16889040854005 -80.59863840068232 10.634097664191351
254.6370746880475 71.92208755755003 0.08891298235951006 0.04232670510326282 0.05 16.983338172998927 49.47572977708609 -76.55293561699241 -393.203609247873
145.89662727375998 48.397902497402846 0.05617247346014942 0.04442687455653452 0.05 18.976395449277163 209.08898096741683 -563.0553887039133 306.8146482444879
237.11225640343392 3.0754040686084867 0.10806470502803434 -0.01992494777686056 0.05 14.389387072058529 63.74299496655536 -594.214117242912 -184.6147801129932
108.09020532987674 -40.17033237686514 0.07898493552391384 -0.010017073292026387 0.05 13.257325893779901 -93.91427286793544 -177.29400878627263 197.61742956088685
271.1818797014103 -46.13992143971396 0.052086404390395025 0.13570048722709652 0.05 17.41315104403894 18.205604363494416 -188.7518392441055 156.8642309642382
270.2762304737575 13.614408911953367 0.08860984706052899 0.0018131221611973627 0.05 28.782526741532273 210.81200075370566 -257.584488809637 210.45463078520794
174.91661525365762 4.475755213899629 0.07008679520529437 0.02288713761156027 0.05 23.815016656620827 124.2255669778198 -168.45040031970848 173.7947799374897
77.53635419859934 29.981555466746016 0.01743605437288198 0.017198820886054254 0.05 20.541498532811808 171.8040536264898 -156.1986745097632 -76.2352548405999
61.796803340107544 44.505206253512675 0.08533373853828685 -0.07437199566489279 0.05 51.70577923524071 306.574115955124 -57.25525973924525 213.06170014025855
312.5483326901292 -7.797707948132187 0.08820340365221924 0.07216852483073938 0.05 5.898230786418295 433.18750993412255 -485.9333771057885 140.18598882416387
259.5591409791777 -5.253207487920093 0.07039849579270507 0.010842543676995662 0.05 16.726373649884113 149.44462762554224 136.6190980852096 -0.8886775954377129
23.865902594638918 16.69034154630018 0.04610140619739278 0.04684351007499323 0.05 4.234579764044873 485.70195828541466 -379.1186519462159 -74.2715302517483
244.46205121979273 41.58341259115377 0.0491694319621796 -0.017427489971310894 0.05 33.992158491657214 180.37453107973155 -273.27073991586593 156.75295980208037
73.60054856750897 39.92304383603531 0.06484087780602166 -0.07723872181708583 0.05 2.7958861425571886 -70.72905096262554 -367.4214663085408 -47.753889647217306
97.48038499705598 -20.535743695096706 0.07234156220564714 -0.026425197557702625 0.05 2.5547644633276843 339.90668181090064 -267.55384311837236 -50.32261535765454
274.42501875836354 19.393054955564434 0.07663327404805131 0.03060702984959397 0.05 12.52142546142945 97.94058910972663 -288.68005996048123 240.469959326438
339.4003062414851 52.50394923635131 0.02773052929132791 0.017755617099389477 0.05 7.505812294406912 258.06934249304175 -231.69527893669772 47.03487574557655
50.831393501215466 22.08730519657539 0.04789500899466814 -0.060026272426090425 0.05 5.989081286175439 203.1165721102151 -512.9766028731566 -51.98070095056539
187.02935785641694 -24.977996292075385 0.09946998452135403 0.0002554273603502708 0.05 1.995782832722934 220.02440241738967 -402.60918468992816 122.48995245144296
319.1119427026858 43.34869393157508 0.08130457623358889 -0.021233143157028945 0.05 6.144734887619801 454.1410565151873 -802.664575600479 60.06388599403463
350.14218776508056 -18.440826401732764 0.06415055715570728 -0.008936157827928623 0.05 16.998502879088708 227.11064282131213 -550.4436843209805 0.25437163492051695
246.90277432807602 29.04697208878752 0.0858222087584295 -0.049690834698090325 0.05 32.72901847814019 235.69090716062811 -247.12352847055155 141.199049161991
313.2926640191188 74.35259293819655 0.06964645124890056 0.07235366175043496 0.05 31.49033042495666 570.0813632204391 -202.68449555261236 27.73598739688148
190.98378304144507 21.21461241881522 0.04709443338817998 0.05493404990349513 0.05 2.364232326843234 319.4342931504839 147.38117560344034 58.398829066494145
207.29893846265074 48.87472510755726 0.09600384852821331 0.09068896256830739 0.05 1.1051582485243607 -42.262046273643335 -305.80608494830614 -72.2235994244882
326.9846022984186 8.95477584959638 0.09078184359164077 0.03170114976122335 0.05 16.21187673153523 -115.84514625413868 -329.66205358442164 214.98779360493032
174.47127489675282 -1.473585962808136 0.026328524574501078 -0.07270215912500945 0.05 33.00596449978865 525.271522312344 -338.99754988080747 -123.44534719101384
162.02589938624726 46.161453650633334 0.06312112084038879 -0.012901741734599261 0.05 15.664528852523308 197.35995221704349 -415.23355782355367 -194.3582447363571
80.20521863474265 49.8874561378411 0.047774448564809724 0.023069243409170954 0.05 11.681396023429746 199.3403946604235 -185.93428118395153 232.8575658437484
103.73800244408015 66.81408443996091 0.04066548464316955 0.036327156159672185 0.05 4.569847970821424 121.28402639161227 -54.73053612802815 112.38257464694478
264.7077530066581 50.504897747808116 0.0654869290863549 -0.029703710228848847 0.05 14.782413044560062 391.384388548561 -544.2257156373187 232.96372259354152
282.78034362672076 29.663128633243186 0.046287289199339776 0.005897814730518022 0.05 50.59426068066195 546.3432111690993 -329.67462385872227 -99.9145266993336
277.21815426074284 41.954485513770976 0.08010669462109399 0.006958689648430883 0.05 4.588228599308795 281.6985544369213 -575.1018137567412 68.10016604396559
290.9800366842532 -8.700642820072334 0.0713041129429115 0.012351747452896406 0.05 71.36976450483766 -437.904158540622 -430.24599028048067 423.4094583454812
105.02643013599393 -31.85253807678363 0.05200380694539963 0.03595331544896343 0.05 65.68239349815748 -53.28877147543878 -318.786884490949 -328.776318777032
246.7159054962577 44.4289462202573 0.03980828912400636 0.08456039090929555 0.05 10.271818436507445 199.75384986789655 -554.3707731597793 85.56499504592664
182.02915708838455 -5.02257210119191 0.015274493906608289 -0.08006079106926309 0.05 16.632775446891678 -98.49534448867553 -152.329447284631 -112.49715364544892
53.662655107961484 45.11094200205823 0.04511920229479105 -0.03474440662823525 0.05 3.27841898269145 281.01308578786444 -636.8416357784674 129.52971382856998
14.17701847569084 -24.738411601101248 0.08501619045097208 -0.10818565243196102 0.05 72.41716251108028 -255.6092489806149 -497.6355167385593 122.44654224959001
92.82140210975187 -55.103100120083624 0.09974066573774332 0.03705132908928543 0.05 15.826471435417739 276.6549962919335 -576.4754093341927 68.00283014064276
297.3380552643022 12.637284917349705 0.10315346045781082 0.10304534800369758 0.05 5.917154174458804 314.03249112882384 -488.3089652201543 105.95239441083154
101.61573746656336 12.966431612868957 0.070809726048223 -0.0483647189397564 0.05 22.454233316817955 -75.23439898023946 -105.33260643739851 -66.2076206745307
301.90203512407663 -58.292943022464584 0.042808565192614 -0.06966867925325475 0.05 8.506836685231422 254.63328550748972 -333.7767439024423 195.10219402115575
50.71202048183903 -8.67774625854076 0.08049838282152733 -0.02799499285280391 0.05 45.99783245012408 492.46021076562045 -98.5343775180925 -155.90009689921635
331.2059393307984 -59.131183017127945 0.0723586658697426 -0.003640442617896264 0.05 9.974365607881975 -112.96926256202858 -120.8798237704344 -185.8194336113416
257.1268966354202 31.59338336780633 0.03739785151349251 0.0023347111043767205 0.05 14.492319782958234 430.7413195051316 163.97562455395553 -323.74198557660435
148.96958161824543 54.42417297998847 0.0891754865249641 0.030030607599893185 0.05 23.379607398379424 -103.64209082646761 -337.427926645662 -235.81624129704915
322.85703329439474 72.02562096607394 0.09107725000876665 0.060377637896861215 0.05 6.050530579024724 213.7093442295232 -38.83763906779183 -25.122917447098217
326.00084005986395 -43.50781338865911 0.06866225045656349 -0.008218041637111281 0.05 3.8893916833978075 -62.71453403931258 -272.870997458844 526.2289381557721
307.5631276463401 -21.02820793476879 0.0838738187037289 0.011972264405084707 0.05 9.35802617226672 399.13810537460057 -519.2731964600084 140.09062762867285
157.9046265545819 14.594288558938095 0.08646109369324395 -0.06274851390939852 0.05 35.79384561470422 162.25470620277903 22.966776467238674 -160.9421466496757
31.396947307973743 59.06385641169017 0.041302589584192306 0.013405360832184385 0.05 14.302667368630194 550.8706545604883 -355.5903490642993 17.996250124559566
21.913778237534085 7.198239981857674 0.06335707573613436 -0.025723824376771228 0.05 0.7282403776205265 -33.75785039132242 -180.13257357314126 465.3263912485527
78.87071125880254 32.146720180931005 0.042006614397182895 0.011170279889247303 0.05 8.043763111582065 371.4649038221891 56.924379543639645 36.388214738616796
294.02829354451023 -25.636093030188988 0.05711191037744845 -0.03780125059002391 0.05 8.321192474448639 95.23651833743094 -347.8167237818244 266.79300707012493
11.80861172551056 48.87365222349392 0.06470463053403175 0.12375135183530747 0.05 2.3852612069298127 266.40864463597933 -377.1630320578679 205.81274946874737
333.39502425518646 -44.52022856057675 0.10685637145526794 -0.05115988490409629 0.05 20.363969332249752 202.39775241982593 -191.84802059274898 -3.4971929330974376
5.210439721413392 1.4839486897054834 0.08710758273769192 -0.05797292778042835 0.05 16.151357235385394 482.8035834682558 -307.3670713302683 416.2702481724396
310.26243110267336 26.14970453559237 0.07338818781446932 0.0220882197400276 0.05 15.156536419418227 195.32836687098478 -150.5300247298812 -56.38489645140025
282.0692047862758 -1.9651571135449792 0.09331738944494483 0.021944203211842664 0.05 26.93847572315127 166.86601836167117 -643.1613496393361 165.62298066871756
324.4500688022356 17.72957129849158 0.04035709880063254 0.08315226218580557 0.05 2.1952198066297455 18.699184673516868 -465.0434407910042 -40.428689270278554
132.13318033086563 16.191530096256194 0.011709554638713149 -0.0016433844336361733 0.05 10.908175589272144 23.68457723020566 -400.9571755390812 294.6395583775055
82.85330569909951 -11.736982523284954 0.020174612301973927 0.048600229628588454 0.05 3.7384324100535613 17.862883814320696 -111.53673526318181 12.291326221558158
325.08997763821026 4.4210523060423625 0.06511107487394896 -0.05288242700260827 0.05 49.51488487207683 333.12430082995024 -692.8463547827903 -140.09441327652962
63.07333707555267 36.734430416577105 0.09132483520145462 -0.03895252231918749 0.05 20.644969431936893 60.02663283403393 -137.77030087802552 79.12225767436381
192.79004570908324 10.075234031813658 0.1014700394970196 0.037542849733850595 0.05 8.545210085923301 221.43083228231595 25.520800414814346 -346.46882701396356
210.26140097085482 -27.848740493496514 0.06633205663535024 -0.027815937063628674 0.05 28.3104919574118 223.44484122874886 -454.3999052640145 146.66761873143298
74.32492553898997 65.17612740212853 0.09547462447035393 -0.021308713744330684 0.05 17.520000255018196 61.19078834550908 -357.5011931504359 154.66776448651638
297.6796575289151 63.46038330124366 0.037085358821624226 0.00518539461596099 0.05 26.497270863203042 -88.43132839589265 -267.7427578486648 28.804160817581206
187.7218334663139 -37.99042660922603 0.10611777799442246 -0.0531626661083917 0.05 8.793897884337891 418.32675157996505 -78.3247361900595 107.33743230839961
243.5884440811693 6.6204725171489365 0.054197799022328574 0.015840076985177354 0.05 25.085017237396166 -52.546746098465576 -422.18048997454264 162.32757571545363
203.70050129204543 -28.100913434819248 0.05742885061536107 0.07865202217856851 0.05 1.5629681461932403 187.17728964070858 -563.041654136927 -261.13720006464973
199.43199304473953 43.38668941971289 0.06368629841100226 -0.07235593956813917 0.05 5.18437300059517 702.7972808761072 -339.02698773833487 -10.645965276205395
243.7226188009506 11.278505704537805 0.0972552899277912 -0.026289417886136493 0.05 11.898146498301026 301.92487617554417 -483.1689877111547 254.72901341465447
120.83587349817768 -12.711138118274173 0.0933339756717746 -0.01390690912993691 0.05 11.284669303542941 79.5767099339435 -576.0612441365125 482.72621947831385
359.1596475388241 -46.741218437782564 0.04745055802921838 0.0831893368345078 0.05 15.592161985271082 -125.77506088158515 -66.97562867383388 -219.98638524889407
213.56368507903318 -48.20960860606791 0.036703963108766 -0.06752150373241039 0.05 14.456262638559691 109.95251261020617 -225.74785713736551 -13.415079429689136
199.59615424900574 7.956579314994983 0.04478107647714569 -0.008078062439288769 0.05 5.385617076133515 594.6098150555617 -446.36535328836 -165.25084968971896
292.87926782377286 -13.761263003897621 0.09889182077715475 0.05319486811492788 0.05 19.133213752774825 226.06869916825121 -591.2649793118178 154.248761876547
69.08986541881985 47.03876266127808 0.04438685274259613 -0.03400376896701701 0.05 13.624784090008863 429.9470594565531 -392.11162000724534 -189.49396595153112
4.581387389148438 -23.572382635857323 0.09006914536650257 0.07988973842933109 0.05 10.934130021280378 8.709712298786172 -152.1000295743863 -114.24096012023753
297.4773244708688 -31.068678589625137 0.058223081653064224 0.05035594992352172 0.05 11.572437610785116 241.27193456698183 -342.5724052768541 430.03141936649445
66.21932612097716 -44.9385234303285 0.055956102902704696 -0.10458349064020271 0.05 9.756927565623633 66.89106715252004 -18.046393287915862 43.942616189080695
169.91093348176074 15.373812250970149 0.06626892601154433 -0.01241238459054735 0.05 3.0082644615155116 -141.1034149096057 -66.25487829846284 295.5118769118233
319.8089095646918 34.55061267409893 0.039478523060308524 0.035753720977943965 0.05 25.16983934740591 190.99626602049793 -658.6519705605651 -77.07493822404692
317.06949751504925 9.772492002788495 0.0610464184737709 0.011062539477338403 0.05 11.144227347795509 178.1393294107869 -213.4083289082416 257.4807775119841
16.67976851433452 10.728445592971184 0.042784287670237786 -0.025331443997914534 0.05 29.113608288116033 214.09842357124933 -360.95026887796513 -186.46680179368406
278.82623879644837 28.589969811224854 0.09406392280376186 -0.04946467940289075 0.05 3.84497569246703 383.11202918275774 -124.62704012881619 71.02292955776139
23.251475053517762 60.80113584340554 0.0614222806477307 -0.044053754714608144 0.05 15.657939344283776 285.2458792637656 -365.74769885686567 -178.6944722700642
285.79640676520717 52.72699176177048 0.06046785345193073 0.0010045008301720199 0.05 20.626308534528544 51.78789595476181 -455.0319896277133 -60.396733271228214
241.35865822709138 78.54048211406969 0.11339300743044545 0.0154153932994118 0.05 27.337466546508836 191.25585807911798 -95.74786476606079 190.66176561228076
82.23247295189589 15.87027801729663 0.05039803769666773 0.05871633607414385 0.05 33.40404488890915 503.705221348695 -328.1270839739249 107.9533608301293
5.106607579185363 62.40017480794196 0.09979121588882744 0.060072841395522714 0.05 2.4007947012697906 314.63691036332204 -222.08253707089366 188.7238353634288
112.21915298548913 -28.01538132393858 0.10180839545960785 -0.02811294048824947 0.05 8.829403533746623 51.4603128884022 -376.38982729221436 -159.65065402443858
218.0066550142871 26.333881315755292 0.08459097055736597 0.06716203918857917 0.05 1.4376785005856638 245.46517279268608 -133.24409249248848 198.4468806322849
78.33160433814935 -49.55717376471419 0.08817582981657757 -0.06772289126156253 0.05 38.160038497140256 238.0819398675372 -353.3587549797778 296.59467036299634
162.14559390658468 -27.67508786937941 0.08472749023069204 -0.0595746805151734 0.05 27.147197298799636 701.6079561222216 -198.15577591986633 -236.59827831041258
133.925999028915 35.96653076146917 0.0209171912124011 -0.09603954613010794 0.05 7.983080494822517 391.46689800139075 -21.964156956216186 -145.76244995110883
195.39651091966704 58.3889899425989 0.10577665016025906 -0.06921606407135267 0.05 18.4495648198914 185.25732470689533 -196.3508225884422 229.67652131062312
5.766869561414683 -1.3285075583141412 0.048735672307546496 0.05067715448699638 0.05 34.939973287381754 147.22329549317288 -74.74948384622584 -146.59979362550482
33.530073200913804 -79.96145080740635 0.06482200773142388 0.07938110675131292 0.05 7.641246500123294 187.79968474343616 -282.2418734583585 86.64008937394897
87.48573751743561 25.071390833423568 0.0864513056484304 -0.037028229255234434 0.05 9.883382504044828 142.46430976209228 -166.47501866433214 -222.1765705968536
324.1370368460078 75.47106674256698 0.0737798688164939 -0.025048502778158295 0.05 1.7588583939894258 63.22386734085143 -252.83568559740422 281.57355447742293
116.68440669419533 81.59684298203047 0.0401812974386464 -0.01776340133845071 0.05 23.944149008511488 414.4362364143088 -370.0189918352972 28.028594280900386
237.63600530792863 -67.30276258651179 0.043940104447557804 0.03251240655129452 0.05 9.719548207712958 446.0611946467958 -104.55260600309825 287.8023294203558
142.03615611362886 -35.55093216043096 0.037843457906876266 -0.01257008180739076 0.05 3.007604125198068 194.77466536468222 -271.348971657967 143.7929104712889
123.64255874786716 46.740901884217934 0.05074654560111269 -0.0061664954342913764 0.05 5.6319992739253 13.40988318335036 -648.4412014645641 49.40626540060013
118.16207651774542 47.03837121589739 0.09414060967933846 -0.06007754159690493 0.05 10.132188554811323 109.38928772867091 -509.3164043313213 93.09624447659988
1.0899070840636231 -8.901763439008885 0.0929831573088622 -0.04582713077561349 0.05 11.742371511679455 289.1333257669346 113.39593040580166 64.4544145904684
293.7854211129117 14.136871671002352 0.03102852176801374 0.03277159304151373 0.05 0.5605428832302926 33.658178903226826 -45.9074559787677 -340.24075652162844
15.58616472277282 60.55653306435146 0.06458337567163497 0.03583821926021956 0.05 10.697276400673871 403.6418773417462 -271.85316493450216 432.5798576029536
74.96457110405963 39.731479748478144 0.044862479658860366 -0.010205312203543471 0.05 11.807978687429342 368.3651948240122 -233.14881077231286 247.02983301201002
267.7163639089941 55.707745390965336 0.040186893117008404 0.010406083610018787 0.05 18.17773499141473 209.54324243643057 -264.2736385379914 -121.53320959542583
163.92320148352377 -78.4240703501443 0.06576445445453882 0.1200450310148785 0.05 5.7536157661288625 93.48486894658228 -192.95287903403198 -25.84049798779074
141.59368545592395 42.40325880295137 0.054496855957027135 -0.03588878417409837 0.05 37.249270021698926 441.4516266270581 -338.594054763748 152.96896726315046
341.33225377105543 -43.003932288795944 0.0530207462799257 0.01370946244476303 0.05 6.133980000536119 752.721297394929 -245.46863008268116 297.6897118585813
42.986942552970255 -10.514359505499831 0.07335761516720907 -0.07032616108138479 0.05 30.670175156560557 267.80790693709775 -114.45074189637808 -290.418375809039
263.54071687268055 11.615030970712004 0.10254757618939081 0.08606918568634364 0.05 16.889505383913953 89.95389333162665 -262.50345882815174 375.4567962221342
23.360967581645433 -3.4820970600480052 0.05318946873648267 0.011309901533858304 0.05 175.61734113815564 125.24628893723553 -174.50667535569235 -145.22176449677966
69.26630824226613 6.430446138224753 0.09279738653794589 0.02269908248093488 0.05 31.670359980166005 757.2856736888473 -370.52549855130604 -307.95217657140114
310.77596173312276 6.459270734002363 0.10510245930343332 -0.021248112669005302 0.05 15.394327729504134 -158.73609473504553 63.83849121483604 139.30304858444083
4.896482075595873 61.85494605789127 0.10286350510533504 0.02096321203386767 0.05 2.5182308571545544 355.92881369804354 -115.11419220266669 -38.44107731733193
71.49517490966421 -44.09130277690919 0.06052172399895084 0.12492258786560931 0.05 24.954240364694428 483.12646911025365 -218.32352377249936 146.9550592760948
123.47489176623975 -61.67732628378556 0.05078217846497446 -0.012931119001248399 0.05 9.890857793779146 15.28066469874608 -95.07911591659118 50.0047289744773
111.52957874499896 -16.29698840730465 0.10963002616572992 -0.055978581413681276 0.05 4.280274414093518 317.3350705218036 -59.253787674469436 -55.65217701038631
332.8493057019394 1.244392474054461 0.09090941223284732 0.04569092334333566 0.05 8.17124780420691 231.2344519023578 -108.70921342915273 43.12368311186246
189.286419648577 15.387749404116754 0.09129388949407358 -0.12272194160534311 0.05 6.773486936680041 149.32853228960636 -76.64746612317029 -151.8558461949754
51.28550653319961 -83.70291168858621 0.09195920369973876 -0.04727052271331765 0.05 1.54066702485449 111.81488496295432 -270.2442408791477 -160.59477542291148
280.02302550155974 -2.347983130544256 0.07915563822664873 0.000859850701794775 0.05 15.03610954174355 292.5087798811671 -55.462811683397234 33.75740591205502
7.952097234170153 43.231537370288066 0.10017861128997296 0.05057196541996668 0.05 8.297053086295039 121.71825612149905 -87.76168590682283 38.46846242699018
98.80193726939655 58.43433736688004 0.07298975386774242 0.11327294326210507 0.05 19.30752298156258 466.4906665734767 -106.6615402544966 104.99741389627832
61.98942664719826 43.27525575413301 0.08783759376790345 0.04314778733272046 0.05 1.7857192424525299 620.477916031127 -313.97769904872496 318.7902895172573
291.9350175503401 -3.901167902022046 0.054314339734353734 0.0849968294788065 0.05 13.874966490045104 331.0011484359966 -145.59850996887144 117.07296155429664
182.98476674732166 -47.53638128246265 0.08959882882068593 0.011179220064327467 0.05 23.73968742357309 319.86148158930683 -580.9021298903974 40.63724282901485
275.94128977728184 2.117947406023027 0.008644866943867013 -0.000601960454278648 0.05 21.31293530767937 142.12842336557563 -207.483456987652 245.2206197758093
193.02835790419215 -9.85047910600542 0.06403841085979045 0.05575861951333566 0.05 5.5993652433061145 634.1169298028001 -181.23110381108785 -163.90578088712547
153.9786213048492 2.317424935839255 0.052185510246328004 -0.09777219999103103 0.05 9.301255440034227 262.8876591586924 -236.31609567009656 22.72896481770421
336.7868020877191 14.870340291042902 0.05642581039457517 -0.03674285510113799 0.05 26.199813248204403 386.0751903544326 -825.4326005356597 425.1685689596537
312.27240235732864 -50.29243172786547 0.09445119113458955 0.04796158826820828 0.05 43.00494056497253 45.38157765923728 -538.6585230244006 -40.076431934993195
65.66645269882916 -26.18540993366945 0.06893901330125995 -0.04779745250093522 0.05 6.824658111018286 117.19448403108731 -95.08597799868886 277.06725979969536
226.14981917585587 -25.853936090215456 0.09729947295004049 0.09885040984803184 0.05 18.006960824808267 37.66259355329575 -357.10997122086746 209.6165346488439
143.9987111696897 -6.566374991751104 0.10044206164880132 0.0031255383459140957 0.05 4.89637748373939 206.3760841432161 -330.89946420603366 81.22432037017994
235.44777097725452 -32.25935597375509 0.07349465694932644 -0.02949708437294498 0.05 21.243793060333562 135.20295497754492 -488.0536138599145 28.35977620345645
180.46806571644154 -60.992876647928085 0.11075259159253625 -0.00028446285617102527 0.05 12.318598232980696 90.99598192649007 -435.0878151877423 -0.4121275861294649
343.37355889095795 -28.757709514684727 0.09784074304831503 0.08092280546930997 0.05 20.49071201564698 384.16300421661015 -232.04919642487698 -74.67354054988165
191.71418024482352 -14.286498313904103 0.04861359546564614 0.04589694587178359 0.05 5.78720421805976 82.84825159250555 -317.52027109909244 75.80887160085645
222.41476679394825 24.888262834028247 0.11053016081249112 0.021786438033300583 0.05 22.649792966965187 340.9140363420678 73.80236709905677 -139.49960088205665
8.701303977253394 -75.99136056881446 0.07917088439684372 0.005341452799066817 0.05 23.12697414413272 5.958094831512113 -245.74691737908273 -382.2384454259458
236.95769375727983 -45.25185585344021 0.0521402870553076 0.014978805874653335 0.05 2.606989724921538 224.64322035918082 -71.92819558478115 203.58901393611703
108.84239243751107 -9.525224409317534 0.06575911267432732 -0.019035739166473335 0.05 20.460185175351715 482.2270926688471 69.0380521920041 -103.14041346553202
257.4793561827998 0.999209503040577 0.09484889710632971 -0.018194393839948357 0.05 4.400469372388571 -95.65378480275263 -225.78434180599027 -211.03285928146806
111.13885359589932 -26.980467069053446 0.06780427675928546 0.0101964307614382 0.05 11.426545663492721 190.13552067324804 -6.924156621580892 307.7981214041792
12.231330121591801 -21.79393158705018 0.05858686481572417 0.015354683819498937 0.05 5.7322548026465014 262.6504927866932 -469.3096940396455 182.97219947508532
61.26842187508976 -21.096849641939837 0.10234772337472231 -0.07789016234011692 0.05 12.62297693140518 2.2407346938504986 -468.9337439952683 107.27080925375488
150.7786046129211 60.689985802699454 0.07007580979814487 0.03402484899143063 0.05 4.451071890099699 149.05162945704453 131.06451308420395 373.72446137382315
18.42400821128303 -57.70601316964292 0.059082803612589 0.021743620280170642 0.05 22.80110156586427 -13.15335803911745 -86.36850199870617 415.06319472474763
84.73598669876185 68.93914379203515 0.026567310498888386 -0.03591503035453362 0.05 16.811094654717692 556.3436486236901 -414.77806122414927 90.24657856530214
353.9522708892998 -9.193912273338439 0.07784516033441324 0.07441996180370691 0.05 23.89508123420718 159.3224161739351 -294.4134800174904 -40.264890819562254
104.17155974230683 27.085995957836968 0.08493287985035236 -0.0077533697338884565 0.05 8.73536263613316 -29.65121329855603 -486.03512279851805 -161.98970075575025
320.66201354457087 -25.66094583490522 0.11476044353660875 0.03080234735776627 0.05 9.997601808392995 355.7825504001478 -711.177943389691 54.71588862029259
18.460617204703322 -84.85011990384365 0.08797198248822902 0.003871515985747501 0.05 27.955607583556123 79.61479358734347 -387.71594773321056 231.57997787354486
181.58688304844657 -47.045742464270305 0.06299036487994769 -0.0002993605602506894 0.05 3.7508553332858905 334.03247492533467 -439.4248941667802 -396.3120057180908
163.23413915877006 -62.71702899412786 0.06181686833749245 -0.017521226929527418 0.05 11.043077263143198 430.38625782528163 -64.3163879682532 -98.66897985951391
301.55184559637553 18.210960440567987 0.10620156028330263 0.04097610138432846 0.05 14.886004843409818 31.350020004765184 -296.81756164599125 165.4006519456272
222.82271959450284 57.88596659367418 0.06959762078460474 -0.06288688409261382 0.05 35.140828230380876 449.5220800578028 -12.793599054393553 200.7622341325022
205.57976327718598 -55.79575434151369 0.07963289071194013 -0.05500611685449544 0.05 4.448539365676312 331.0513788944698 -618.2390490326711 58.72978681404213
291.7801675324848 20.252487984032353 0.03007819273308865 0.08562575224826714 0.05 10.091507861644171 237.79805977825887 -393.9298543049835 128.73908708533042
237.47059833381587 6.301569429144293 0.05591158941611063 0.07862881529492949 0.05 22.27862119141817 -71.64995852352479 1.5441352932258496 106.4279900001359
238.48220263341685 -48.18787447249585 0.06275348873664921 0.013300475994150797 0.05 6.804718155550456 7.050314931885339 -460.2047269917777 46.52678025100368
175.71018490131976 74.12201238523957 0.05631659048711546 -0.021425286553063066 0.05 8.293684861346268 324.8932222276541 -544.6528068045827 127.37448704868979
2.869925310955956 -16.74949694063029 0.02863990121400084 0.022220988558444198 0.05 7.4505674162071625 246.6604789533228 -411.2385532219506 104.707981639271
29.2415739954105 -67.47127749527117 0.1074673595657516 0.0119362015923597 0.05 27.956652543609785 662.0457953906682 -6.169728119208344 -434.7137793101309
347.9579612463899 -86.07888083497653 0.0578373304846016 -0.014747558078396346 0.05 22.991637781203362 89.35105318532821 -441.22488577131 151.91761489979098
242.36476163797425 -3.7813379858915273 0.08836618076617286 0.03240159444601282 0.05 27.56197330163491 275.6399631616973 -274.09757095727826 -58.278372162923176
359.45142897926706 69.21312416573552 0.05200414444400203 -0.003278085740369625 0.05 8.222277407868571 409.02347099357144 -662.2685043399181 -230.3437117530181
166.84801111643935 -40.980034832930365 0.10903402640382964 -0.01818836828021225 0.05 63.38985879812608 382.9131442907153 -115.26514967927588 -118.6670223094516
337.4400355315792 6.242080167403975 0.07767493541054393 0.003934426489184457 0.05 37.99269029655719 353.23911823641106 37.495816375086804 -139.13999609574591
208.563944899865 -16.664734327977904 0.10254617972503022 0.004262139455921431 0.05 12.873344996032657 360.3746516943051 -279.8821632800716 -162.7654640099715
186.29497818339016 -6.847092065735127 0.01659172321729052 0.015357623896931162 0.05 8.471752087941471 424.572176627113 -220.16252848943657 -94.09871636437052
301.22205133399143 21.429971557008983 0.06967384977092816 -0.025494518144777278 0.05 4.653734947591049 -242.64371065650403 -174.7187420966357 -26.53520718940942
84.89500724335032 70.14089846228532 0.07558650140612277 -0.06752976787738624 0.05 3.2519727448732025 190.7790329035554 -145.64234388587556 160.36026609325705
261.6038737034681 -38.448615809866325 0.08984046061348105 -0.0837634114195065 0.05 16.30458037524771 73.20043692855603 -331.73747592421404 109.11088451027956
58.808393025699985 -16.83057795993161 0.07198192578287 0.057253930221410704 0.05 14.23528228645397 473.71031469149136 -439.55460567881744 -108.65377551239922
129.91655727729852 -34.80591714933445 0.04600276213697785 -0.07150854303385265 0.05 19.65199496912214 229.83077888972613 -445.759279638547 204.3258553609028
66.74159694609921 -31.620950145766248 0.07259864605935218 0.016027311092478475 0.05 14.43226168800329 42.37531024901642 -229.43996357742265 154.22153080531308
64.72955806483192 43.31820816709462 0.05854412534133102 0.08043728147246708 0.05 22.17083903753816 167.29101904854699 10.147837757971217 85.83256303178685
8.61182186580504 -32.33737125281475 0.06955787958942228 -0.03741090501427323 0.05 10.065965488626256 394.49106115740744 -411.9535753751628 -398.85692753430465
97.53671045721437 19.54320086019736 0.10835246183388625 0.06538515249730387 0.05 95.28401430130717 556.9413971297631 -214.35289743702688 -104.45218925923339
230.57107461624256 0.22760148449111567 0.04403100131506332 -0.07907244026781084 0.05 13.244545236678205 364.04603615277415 -45.03260772905779 -219.14977113859499
42.1706871736737 -45.77277448431348 0.10510666488183928 0.03891908408488264 0.05 34.76926275965348 277.6710838812076 -50.975676340910695 256.19245819202547
255.6499994459647 -29.305176618002644 0.10979472384365652 0.02779720274343084 0.05 30.859509405875762 -169.99452445138684 -336.33744226733063 -243.88868567781208
195.4325494429712 -45.497330067438625 0.10374749401354877 -0.03514567038171043 0.05 0.990530221845256 22.005027113370375 -173.08013183221124 86.67401890549053
307.9229918439629 -6.895834627568658 0.04910064063513575 0.06252886930331006 0.05 17.47492360067377 277.31685170935697 58.93610305310892 13.075959624117772
354.5505947362137 29.99142657335013 0.10215173575668546 0.04542049832608916 0.05 29.458358553237854 492.59488429249785 -267.65626889285556 -45.369600604233824
216.54849686747013 39.78715204320625 0.08261824541633223 -0.07104416634433915 0.05 10.671317645197032 323.1412172421268 -245.37411443046685 -114.7014052414869
205.16095548332686 14.133890439815401 0.026371902834734895 0.0355384964610407 0.05 24.15050007120716 441.7714875581219 -446.76912436705675 173.07346719203423
120.27927403777603 56.55698718582712 0.041254760701124216 -0.07131923809944742 0.05 8.610690258462201 301.935177006798 -791.2416598421839 255.14362802838906
220.8119927763121 46.451662666404076 0.020870714757556197 0.016550134705215516 0.05 29.734834014624663 374.22411992638825 -200.33068951333382 142.3808773635531
159.6445755146388 -71.99285556151513 0.08436000549628142 0.05090458164697484 0.05 15.18851113230956 378.9550559381575 -413.33843507136305 -69.41158235153458
144.78814553753224 56.36699787783914 0.08311883746274384 0.03631546747499835 0.05 28.237450946370146 131.92922847817516 -157.47435500728187 -34.1110812703638
153.50573018161273 20.005101145044097 0.1075584210983036 0.013888280724303429 0.05 10.853521067976384 265.96188706243584 -249.23038979087616 205.7855979145422
154.32176165355028 65.11628016241866 0.06409401835959616 -0.0026295058816847502 0.05 11.51205796454226 276.38224999560384 -696.2183904396996 -89.11493710625012
228.76993749113734 -15.45780338620501 0.06537366979535264 -0.004593346900579206 0.05 0.718186180575538 -0.6512593387313359 -373.0938438139681 70.31948727520708
261.6828487374646 47.2197691285822 0.06201122813600923 0.05685402922070537 0.05 6.852590753402218 4.000655817934216 -352.67068235326167 349.34087280739305
89.19998554966863 -19.20072774398894 0.082114482767772 -0.08157749732478614 0.05 25.36968665350872 691.9353471988152 -464.3809740224443 -20.607492222666053
176.33219938523837 -35.040010558553305 0.0344356423849248 0.00019875828355777822 0.05 16.011004899104133 358.48920496615426 -338.1827476294668 64.00715271283586
203.66859511650105 -77.42154153461951 0.11270157021589577 -0.00814596466927779 0.05 9.02802685984437 97.28540681806936 -405.05469327822016 179.66718861322968
42.56878194984422 41.848546409262866 0.034023263203541765 -0.02807322138609936 0.05 6.7284691134050165 258.13236454035206 -286.84713354542174 -69.40940641138924
198.91865985286526 -44.201534713223374 0.11093090836991215 -0.02995911637312216 0.05 6.581056586401477 153.0651371453705 47.02321800883658 -41.625725448301324
322.4847140117284 -7.1474182920304195 0.09398318509448855 -0.014993679292364689 0.05 14.80449363121025 -52.88431876973695 -64.83521624529311 -44.92249688917087
325.6644560282612 -9.652195936563087 0.10019419434800025 0.0774517837820891 0.05 1.2534365749167427 -300.4357320036686 -324.55647990265135 -59.50063039272118
265.78702021269476 76.30921103703052 0.055665385207808615 0.0352308247284024 0.05 8.063554913294766 -54.15002342877196 -29.50899716797653 312.39584670698883
289.4577303983529 21.17415869851886 0.060936014746147515 0.04977906767770768 0.05 28.491972531999583 185.26806834651745 -213.19675716747062 58.31763222935309
72.9868041258581 -18.930329952974706 0.045342015128453816 0.08908720897544146 0.05 12.754883824920388 263.5513642182599 -287.40853252579615 193.0999225060654
46.81653756747121 -24.62351115728567 0.08081635674446686 0.004030032412128763 0.05 20.999878213676237 -81.77501825197623 -290.25456301548104 92.40887606565659
179.9831824264305 -62.01521221906754 0.05639032535593658 0.0629931067057691 0.05 10.127697200880744 305.76198115285854 -801.0209067784851 -42.9290141090916
352.33177636869976 -20.17570968278164 0.10297074472321155 0.002463876554261666 0.05 0.4267922142462366 311.0433524797344 -105.53696161998135 -159.80888417683423
40.760961670560356 -10.731284046854515 0.1109660119842859 -0.008434583516186154 0.05 17.788972246735202 408.4084671869656 -746.0161086545222 309.1618244807281
259.48741924765926 -35.52623176104972 0.06523764234325968 -0.03503145165722319 0.05 41.40546767815243 317.66019761399883 61.30605188005421 262.50369465825173
184.0158005542465 12.123410390859544 0.06627750882934857 -0.02296078436207663 0.05 3.026455054068695 338.9345729050011 -331.06961200984927 160.09732184449777
349.375313812988 56.64165168426071 0.06225342153447144 0.08743780665118334 0.05 12.126236567891791 175.56438793000675 -291.2390084581224 -219.5885255484057
138.74592733222948 -48.53987080520192 0.07048933272671154 0.003798992951947723 0.05 15.508166060488305 765.4059950355258 -87.63406637105274 -69.35921984752234
177.74154118363063 -31.535814644802905 0.08150994971842418 -0.03536536467816902 0.05 20.82715893434753 400.15803746223037 -1.8521141433101889 158.08154363898572
171.43582421162253 -56.629386195763814 0.09555096306365463 -0.00734592245554644 0.05 51.979899626164965 603.2764807447792 -444.2203800402513 -42.11986220040339
145.46757508436656 -34.62145180111964 0.09935291080196729 0.06533062163339992 0.05 5.044731196010739 192.79927607528666 -394.1198583749165 204.91766717383652
156.37587450180865 54.35578482547139 0.06718659334357979 -0.07613868857164098 0.05 49.36063968068556 645.0234429776351 -487.52031838575544 132.6465571824919
62.60745312220699 -62.24753189297671 0.09415783956784463 -0.007303396931460459 0.05 2.183759822700618 185.66982380470765 -652.2772238951577 219.76214899763764
51.511258935241386 52.73459262055439 0.06743165480074276 -0.04026008237732546 0.05 3.6932331345073925 430.25938138181016 -693.3224635384407 17.507686877470753
62.16594303466473 -41.59067180095577 0.06457144947550741 0.11488566201465826 0.05 41.0464457367972 66.26620066303673 -228.9006769505871 61.0076769492037
106.58488750847326 76.17913516371986 0.06211143341345826 0.03620307120723084 0.05 1.6572132619066364 76.8113740941345 -437.617047065117 -146.16230818402252
248.28443201584489 -33.91005624708405 0.05328603052870684 -0.023604147386926504 0.05 3.6295144484584156 177.9246563727478 -589.1445705258323 320.5456799253566
27.4460127913818 -71.0498177765825 0.028276798744932163 -0.014464666701307735 0.05 29.26464907870852 435.1879352938269 -233.6847638199692 200.34482639215537
170.40959058337634 17.89641741354357 0.07088758247644877 0.06266674693327738 0.05 15.61672742045265 -138.6142807920395 160.8128086802463 -213.53342956464212
157.35973187527242 -3.8867555727430214 0.06906797780032004 -0.038893592260567315 0.05 9.911645467953146 229.31808317671232 -381.37291078477614 171.82571719953233
188.2568574734135 -72.51818618867166 0.08713253261253184 -0.02600432053095126 0.05 31.863745466166048 454.0586899072922 -351.3002669787154 166.5604747872619
110.10268496593834 15.354814848098545 0.06114722501567149 0.059611770077829696 0.05 11.30824566581994 542.283557496861 -547.1163793196226 -14.276077709851876
286.43183242804145 13.330018974725247 0.07459968220170743 0.02109648879469677 0.05 26.75084145946779 33.39751061617531 -378.8945051090703 24.396216573103164
169.93906948577109 -55.277517284304096 0.09187624547915907 -0.040090646261518904 0.05 1.4517127340430882 362.1003273081378 -870.9199936930607 -56.72037869898054
103.61047871168253 -3.2261894623064977 0.08867891966147634 -0.11363162852390533 0.05 14.518435702423481 409.9762686112979 -90.11184556682045 92.5826520548611
61.43109770959368 72.43118864482139 0.10240505496966223 0.034151726012184774 0.05 20.819293024833083 187.20900829230976 -207.70249519692481 -38.06356506549061
262.8341961369971 -70.78994725972323 0.035022745853456216 -0.029991429785988906 0.05 8.06502534415605 301.4369294812574 -98.87902049848253 -174.01074431492174
55.2350654090169 -42.44903139978998 0.03601899040329504 0.034995816400353603 0.05 10.8114668508476 199.7783533330727 102.29077091964871 182.7106765658407
0.06019897025589762 -5.7230925331797105 0.10265862481366872 0.01569198437313192 0.05 11.684254047864902 584.7767982008799 -419.79984281115173 -53.68151349577053
265.7944462365337 -76.09189246748893 0.1003541842083866 0.1494920134485006 0.05 22.827190865110136 209.65081774113514 -147.3210913990952 -154.1180567876787
311.94018502693626 56.75988309880298 0.07114793718474943 -0.010057811351650969 0.05 16.236767416211666 232.58692934575868 -221.75003403116312 -76.79663954235569
71.70150919369068 42.476233019177606 0.06334623426771069 -0.026705674374072303 0.05 12.755936017025588 183.1484377780933 130.07970095905455 -84.63130055584568
81.1473079645121 -56.85330321347493 0.06729192528832906 0.046206160493185 0.05 26.26699838445218 243.30415381458096 -198.630444926822 176.8322358898392
65.46938636652492 31.921003379036467 0.11019300618734529 0.06632169983884052 0.05 5.4377525258069515 136.11789741480908 -317.1835060522551 74.19776976156498
298.5006926637266 -28.619192796881922 0.11472462110011361 -0.020943183557174557 0.05 35.80166408664848 428.00290212708194 -455.91545940813296 209.19762613868647
130.9913072481417 -78.28284558922381 0.0722353881648472 -0.009844402279476479 0.05 11.01812912928246 114.49364980870648 -344.0828771089885 -263.31853337199175
138.42872401666997 69.25507689521766 0.05309960465123109 0.050081591170213484 0.05 72.75345228820416 445.8672960161471 -266.7869488416991 358.48165501457436
301.9274738883038 41.51345811504758 0.04902883264756541 0.0432391669685204 0.05 2.6633695368985357 198.66502142171743 -745.9601084183539 -185.2002670752281
245.04506912262798 -29.729159033809434 0.054366932024236814 -0.08778613088075615 0.05 39.97418182893869 176.23576769554018 -130.6093215867812 8.580248226630275
73.29790032624338 15.574200370320817 0.03772655978261241 -0.0030053708532334147 0.05 12.35649731161093 347.8247883222675 -315.64581183448496 -114.54580447051259
87.0992850040475 14.410940803814526 0.07446386443044761 -0.03477199216255171 0.05 34.293886110822264 83.66385911719195 -411.0260539779192 78.07886686430918
251.8330735370663 8.22294473760992 0.08962083266378862 0.07185410841700046 0.05 2.9819282787647636 -216.7989616750417 -331.1169204593403 -317.6237392724576
79.34394788715885 25.304460277970716 0.09807429030818349 -0.008724013980689579 0.05 17.999509451103126 283.1225143048507 -311.5954570939011 263.79892509225056
180.35441705856672 -22.887605577384917 0.09313696871303301 0.06375480663795402 0.05 13.993955246137299 56.49586250544368 16.3753592123183 80.96951290872754
5.1140261763883865 12.183083196295078 0.07827710141083388 -0.03799522964139842 0.05 34.89937442873135 556.4925172204814 -286.4439440323586 417.0546699972072
249.44568437143744 -16.503416281223167 0.04981505161910782 0.01990395675343953 0.05 9.58600962195077 270.26068340417186 -168.7826526226478 183.6680931162068
118.52802511817703 -31.111566609823026 0.039210967192822244 0.04779305421539964 0.05 10.314351014900177 383.0947862754506 -343.763495030585 41.97352263842991
298.85667087760476 -61.8565707530642 0.11467084773573188 -0.01831378140946425 0.05 19.236980736325634 221.61414628332446 -676.6217913702387 154.17220901257585
47.508621389903425 28.62621065680883 0.03837325293695093 -0.13975583960925256 0.05 42.19404155234055 285.91282244122726 -673.9342274540633 -108.39872106382907
315.16787365075305 -47.66526485921635 0.08110920648426623 -0.0005710320600959542 0.05 24.433196680950594 17.574871930810332 -82.60032083449721 112.28882825149965
52.142853571658605 -56.19599742031897 0.03545422670681053 0.003908551941310529 0.05 24.43707629613382 381.7311058984626 -370.4136206808349 27.17733240783762
315.7859494721095 48.19747632697799 0.1143616321567158 -0.002893052127802176 0.05 3.0773397977957972 588.1669354828313 -139.0688345937122 126.68428769492908
29.15015627044535 -42.70121539390187 0.060710649365318003 -0.00717762129616162 0.05 36.53534424338256 332.10263705830164 -3.9761958534222117 -297.98721185966957
161.7439762640078 54.234262521627684 0.06320669203884877 0.04722333691066109 0.05 11.384133753157299 62.151950266901906 -581.8977685972669 -90.71079069456042
177.80176234875472 14.262152524650999 0.08048298919507202 0.036983604279288235 0.05 52.09595270577518 -38.77652806275171 -518.0071037413733 -29.571041475002403
322.5541999905635 22.451119760659658 0.10875542301200203 -0.05533611179890974 0.05 20.74148977163032 256.4740697505029 -479.18015049174164 205.73139576574042
354.765288507549 45.12514217865891 0.07150754194009123 -0.08103491267781686 0.05 18.318672671241416 155.88579621038397 -512.8881693410755 124.21437886777245
172.14441718058032 -14.154578082218206 0.07548928792872567 0.03277803419210454 0.05 22.089742815790544 513.1452260786593 -127.72294037151545 81.01710169874406
11.449898696368273 27.935143307619835 0.07294376361974009 -0.07980407241990375 0.05 67.89542099360179 102.18719643218755 -496.2211884128765 188.1780659363413
125.83289833309065 28.418216107487282 0.09814638959681621 0.08037080746258071 0.05 28.750008112352653 67.1641768437666 225.0098416847568 -141.85139384378215
261.7062489652251 -44.72686402744533 0.08125832951958434 -0.049805272996012506 0.05 30.687473175277407 41.74485499851414 -327.7542532694934 29.638460825363094
227.60382106865555 29.10568072285638 0.08304893018383575 0.014613621175727707 0.05 31.81158257156591 104.3854880502955 -179.65426138087818 432.80758142542635
251.50424343463527 55.88396041092595 0.09214970931521638 0.001527697459153497 0.05 41.70238226105553 71.27024495919417 -226.78565309439523 380.9327566418955
318.91694610003736 -7.213136745807854 0.039622959414336245 0.05619998695986196 0.05 19.606692450792675 339.36561465394686 75.35589321626367 5.924786060096025
299.1389224736617 -35.62796465381086 0.09318683437296071 0.0872752467989741 0.05 9.184713695104573 225.92001916052635 -251.99905491350611 -161.47388144594436
86.62591379063213 -21.487491223982158 0.03882691623280343 -0.0012577541493466581 0.05 38.00090613366468 217.04976014244588 -263.00114990750205 27.41137808265067
52.25825113333344 -32.38735091350409 0.06733798630733245 0.007296433060652236 0.05 5.105952668796232 428.7530513856076 -161.76277172967914 121.4194736971783
343.36233407861397 -13.581176062643346 0.0810111182288098 0.10516876719573384 0.05 8.688222386497028 4.242716063108617 -91.66989008075811 10.78666714669874
214.4544509212655 -2.4653560917181148 0.06165120963118187 0.006843518493780891 0.05 1.35474797380133 284.78968617978137 -142.60437204494139 -185.20827820959926
157.36248656897513 -27.495298145423224 0.10378511954736136 0.05149742304229318 0.05 8.230809261417098 -127.38525593637377 -367.595081876903 -186.4191856292578
111.6362904075394 -53.51213872695081 0.019796212404536995 -0.006138005282288514 0.05 34.73965917431088 481.4156341415736 -401.1795396079011 -142.02171066176902
359.84671963942685 81.0633897557813 0.08841636032644096 0.10537375874717102 0.05 7.824274993616006 209.6326752577797 -595.5924490889929 19.844258211011606
256.2186185036155 -22.715071269013364 0.10457470850979234 0.02252421003393703 0.05 7.245665237026191 173.20815580210316 -424.24024860511565 244.37476185163248
123.16104501369875 -37.11068939765216 0.06942786815556068 0.031168758285552114 0.05 18.446146941948026 583.3271069331902 320.9013417435019 2.729497204087771
296.19899012129144 -17.048617956376056 0.04581999762968603 -0.0010627373000555457 0.05 21.55692424919872 477.9081914625033 -323.6318404663002 90.46305381247045
350.3889177845176 32.90135760058169 0.0975295999442074 0.025009022449489295 0.05 2.9658815299034265 319.83191502119047 -250.88175163076443 -11.735149414056437
98.70377075087559 30.759887910736825 0.08937742778771707 -0.061186606266047786 0.05 2.2737703983627946 406.3121944517285 -344.68345611170247 -168.7628666497369
308.65034955695825 -17.3704590960245 0.06412379904392695 0.010837964153073691 0.05 12.835785274802491 157.98780163942035 -360.48578413792734 -101.23064028616588
323.6202329701737 6.027232910904549 0.052137190497275165 0.0003334864539347596 0.05 3.6078027004745015 95.77219154908869 -158.70305439515522 109.99765878839105
280.2128816972054 -74.07169366775284 0.07107736820176247 -0.07552207217977362 0.05 15.216057493680864 292.6695311644278 -428.5059568785331 293.1394774383134
19.060041725322158 -54.14391078136188 0.09681041187573691 0.03843507227092039 0.05 6.474020426166698 -163.95116695067065 -571.9562755249901 506.01904902687284
177.17702432044504 -17.133048314949434 0.0417400893581803 -0.050647339646982356 0.05 34.754268167027924 8.654086427230908 -336.9163910219402 17.60608980050221
228.07139006694723 5.312788272783805 0.09650547390780906 0.15000433325560972 0.05 13.222491429936781 232.60032593591814 -243.62298002867018 -63.713119769980224
354.90716672073205 38.23296092120954 0.08338510581217995 0.01514003318691575 0.05 4.967253401838784 115.21455620759393 -580.8374246045817 -178.33514472798976
207.5587107632828 7.6545655964797925 0.06623107065327716 -0.009605244135815769 0.05 7.81609937216532 342.67421891058 -606.6677716198819 162.6735678277766
343.69231170574426 -63.131040124528106 0.05891323229094492 -0.15085936698511215 0.05 1.1197766872836252 339.6568723804877 63.70233707572163 539.329406576631
78.64463872391384 4.86301985170791 0.025064858627427355 -0.0041222515666230405 0.05 11.32712954010503 -15.001645194114047 -273.8681249002841 -214.95777283180996
272.10281506755985 -19.828614587316405 0.0836516370955036 0.002802966491290408 0.05 2.046059943621088 601.4513929753947 -403.15055181112524 110.67326801546808
8.706888238599236 -31.91438755479797 0.06780653679867799 0.0310386530233672 0.05 9.483919726532967 316.2395399070588 -143.38887019415668 -71.34698206420971
187.0116414423763 -10.252294731166941 0.07427165552607962 -0.04348794367301331 0.05 9.700749252038028 310.3928283824638 -272.0693834056836 104.29238593089363
272.015814598034 78.89231849303934 0.05717844569147146 0.05691742159590514 0.05 9.39920962026955 526.0707067510513 -387.64935281708676 239.22954772140403
167.6619884134075 -12.333035185639067 0.036331190448454675 0.037416516899380185 0.05 2.139130230214927 474.42410018037555 -188.8092516355273 266.3657742251967
99.67676330620995 45.46555801790077 0.06543659397744261 -0.005290511367335687 0.05 17.10564835474436 427.9131651706336 -138.9584343058432 135.38679196312268
54.47830932242315 -36.63906340786487 0.1133688359627576 -0.028494412188738657 0.05 2.866963453144245 274.2137861657437 -540.8118309396206 -84.95201446377979
155.15883116643874 66.49299068364371 0.06297210137188824 0.0411101348601844 0.05 34.37558329686356 88.23512886407745 -221.53362694277575 189.0277584485243
211.41694381766587 13.049364459182057 0.06019453871305713 0.06738645890052955 0.05 46.38405384989108 -39.82227556221639 -144.08507471696683 -139.35764611596028
254.35000903538713 15.797038362186653 0.098817709537663 0.07504806840382298 0.05 21.782986118227914 453.9231510121507 -286.3555352399169 237.1084131355118
350.4152173773419 32.03601646985452 0.02597598940229573 -0.023962737430530706 0.05 21.44158407321565 34.11169859262421 -483.80394940529175 29.818628389048634
346.9301053697023 59.91583388267404 0.0622638338130197 -0.06046576197584726 0.05 10.568921445699107 153.54938655924718 -230.9504310018475 282.02933024165156
104.0440825422675 -61.48554461084552 0.07308808938016753 0.012164742871002464 0.05 47.26617272151249 208.34127033859335 -532.3469859374675 -63.614613628258994
19.84223109506547 -46.03863337667623 0.081669795260354 0.001987769643455273 0.05 30.62815249729654 -356.38224469056854 -57.30249187125 209.50251253811416
251.00398652734518 6.876630135920344 0.06839454744042306 0.017158068560712805 0.05 13.98552569904097 440.38416412268947 -365.5118338500855 -121.55868344059192
26.348467529904415 36.34994563442815 0.08182977945701486 0.012377290324179646 0.05 26.910510337208034 32.438907302073346 -359.8452156152571 -96.78984363272477
0.9851994344290632 -55.25638526503196 0.03474250814651936 0.05289996346452097 0.05 3.6000962125925735 340.7098850198729 -394.4451885831563 125.22736820175714
184.5752793941101 3.936540785999309 0.05004112922356807 -0.022393103357598976 0.05 71.40102092628258 305.7278700265438 -522.2996389030839 154.23187109066063
237.61570546627772 4.7667967497333805 0.10525946661488828 0.03085429503608473 0.05 25.177567606584685 237.09284203368173 -191.42273057189828 -60.76442094979558
221.15289362145248 -6.390066672941612 0.11276394558521208 -0.005042535363303558 0.05 26.706093541457207 164.3133269678636 -282.1130328803769 109.2115310928951
214.09886660322778 16.672010694624046 0.0712929630533905 -0.05942776508665608 0.05 45.000043604294 12.811119375862319 -297.62463113248936 215.79953632012376
188.7132319736178 80.62265506015295 0.11009502383166447 0.06665828327367643 0.05 20.575121507779706 308.3220771648578 -559.5958407438361 49.83788510204986
174.69806637905975 -33.61426532790479 0.025539020014440306 -0.0007128654638570049 0.05 2.8928538598546565 531.4996478535431 -461.44776290951563 12.451661262594868
355.63795720750903 -49.79564735729957 0.02678967511390251 0.026621949891958565 0.05 4.278284933015088 137.85045780975366 -223.72470037587127 54.42524392915621
44.134966981751504 -21.55459028886496 0.08337458798517305 0.011748881216059886 0.05 10.723836439154784 91.39841404489634 -38.322622801652415 -114.99314892872349
49.57805418209494 -78.53184783282452 0.06189282127886253 -0.03249708342057661 0.05 7.912544294400315 12.903110387327132 -276.2246771031291 101.3932994358473
212.95708782575878 -80.21021142650045 0.058844384621388635 -0.03554525700557083 0.05 19.839618078717685 115.32411199358587 -414.7066570448014 277.8447274664402
266.7026173161749 45.384533409977365 0.08667664539111253 -0.006722045491849634 0.05 4.905011447818436 -282.01610914466954 -338.46827676693465 40.23589129863004
151.45888754524375 28.74464655598187 0.08828424120189315 -0.057447717051219475 0.05 12.561367770936746 209.34756758380558 -159.22677007803395 129.94676409500522
324.805881716216 36.47947567325763 0.04253489577145997 0.006853578611808107 0.05 1.6913023896346602 141.90109277228953 -469.90807424200796 127.67788506432302
97.38822104789732 -16.16239575760783 0.06885985235524705 0.06193010447448895 0.05 3.6212356373765844 7.042407405373751 -486.8631857731362 238.35056418874368
270.81304252152677 10.388857114456432 0.05803474115633667 -0.0475600118177711 0.05 55.37862642448347 192.83270075275607 -205.7124186950481 414.88183034458797
285.0357567662773 -63.897914712815265 0.057972854502879034 0.045056041805334936 0.05 2.6869616679245616 140.68255770840534 -670.1820111804786 -89.81919067634189
217.04224710180515 15.428466912014068 0.03376746547272047 -0.07064567021050366 0.05 11.640537136099532 270.42525210466727 -126.78906933163535 125.91303756433979
253.50267853654654 28.176884526546328 0.04117173343575198 -0.043558902400828645 0.05 32.483415502796895 196.46054557563426 -343.7698586925219 256.3163605570645
295.84109390793554 20.967426638712467 0.0949465661356359 0.0037649322727784738 0.05 30.25939353671338 469.31879701707567 -559.782138417663 -112.03555571022497
208.21947548952966 9.780760621649002 0.11454116483289978 0.05776922607785232 0.05 19.405166151014168 128.01083674093945 -520.2719768661334 339.9085600021885
128.45438861097048 53.20481059613877 0.025367107920673426 0.06890751200349272 0.05 17.770565685120992 108.14997526171031 -569.4554649163179 33.758265308478045
26.2398721474087 -12.234286216669716 0.07276186660919359 -0.03318193764775616 0.05 8.739970193603519 108.6515013215405 -167.61338457029777 -256.26363082797127
258.6957893189671 -35.002878133841044 0.08606907833913091 0.022237406088526375 0.05 10.533085132911015 165.8136085247612 -112.0709138639599 82.76404632797974
100.54583906665977 7.5954548729922715 0.06941213704806848 -0.06822863248042475 0.05 37.44969598284127 288.39839444108776 -417.52707761888274 -134.09371591125924
191.99504989711014 13.784501274434087 0.015442545320231593 -0.05163444468595134 0.05 6.936600296559419 259.1999748249214 -84.68586933496334 166.04157854364183
226.15912312667814 10.26684247541182 0.06364334124446214 0.04581156342669722 0.05 19.07310276730678 419.91167088797886 -403.7599193356608 -200.94783784374198
239.96623646229415 -42.27107615084563 0.08254283901484083 -0.007943227744954758 0.05 39.88058688052939 -88.18231499056918 -290.99916451581106 232.61160280833894
62.731279898679794 -38.86151818961644 0.06238768249870552 -0.10188686941562922 0.05 2.0891549779123864 71.44402860946923 -418.3910448784627 166.4020959822344
79.82343236703055 -41.334854258792966 0.07518433453213946 -0.07732301283286916 0.05 33.39661338204413 217.10401241053893 -106.3629638745168 524.9829516137913
211.69575845359634 23.39627505406769 0.06311066836938961 -0.008135896848707948 0.05 16.69516653727727 67.64264530751163 -360.5545724869374 -227.69654238105892
5.076926102715608 -11.938486007624736 0.08043250409143332 -0.11517914168839125 0.05 25.963649789748928 11.83568658892986 -240.14369145492927 251.3984432158762
138.22398336508536 33.92189893292873 0.1037331215329782 0.08570978879377177 0.05 2.3604166017615795 434.8377031237924 -236.10865887673913 221.2884275620621
319.623534821152 -3.593061389842133 0.056438804214673066 -0.04879590747945943 0.05 3.2840551792279045 -49.601779006612645 -780.3404912930662 200.29589433584252
346.7861440648764 33.11741940179142 0.05700381524268949 -0.018744938752951808 0.05 30.30388532675539 322.21532254662475 -184.25251486318936 -3.1743462551469506
154.3890222175309 2.9375652504974044 0.06279612875079321 0.008961807909737808 0.05 25.05097505368853 385.75069771434755 -271.0052592624798 -3.8801782178081297
216.71915728368467 33.53562521666552 0.10288531302146997 0.05818821601721685 0.05 25.384632190676086 382.4912507947354 -226.83866837491314 -147.7763580290079
291.36875799061875 -36.698612641244885 0.09425382969554286 0.04945585838912894 0.05 5.842856798231051 136.13044118031982 -307.19417664410605 -99.22483226234652
349.97177160265875 53.960042285277936 0.061321673969480406 -0.05363210379200566 0.05 26.24191837234623 249.83005775148027 -219.37229950049846 -194.67279280230264
248.12035373183974 46.83398232651438 0.045176569695577706 0.07028309758369669 0.05 2.413520606793025 -38.73927588365825 -325.3899931285625 -80.4098413586718
267.208135686729 1.6209608011606425 0.11486529135579615 -0.03865740568712481 0.05 7.975604670252827 487.775369768636 -295.2259724802378 405.0260264937809
6.959984409502592 -32.186256936270624 0.06365044618283489 0.06843014743778385 0.05 24.576813984189982 460.96178581299057 -292.2584642414605 -393.6668272614425
327.90536035293144 64.92103494097178 0.10380533613161491 -0.02784993594002769 0.05 13.541269422389302 105.30798029788443 -217.49069837583102 109.8040770499286
229.94848347032584 36.673509099835876 0.1114728998122434 0.045728199100986466 0.05 2.742576177885576 19.533873173632458 60.19431462020475 146.40125901068683
308.75395854199985 -42.206599609650205 0.06981211230823203 0.08127271290644605 0.05 51.27023439031786 299.8848283824972 -496.6026644916094 323.97920383166405
317.31100105276016 -37.91668297421543 0.10155264692322619 0.07631777521723512 0.05 19.88394255101457 47.28401543990191 -498.0959070396866 473.28476576374624
306.61089125848423 2.715392650165684 0.11040001685640788 0.02422591345140337 0.05 58.78775575174764 70.01908300361549 -142.37030179872377 -19.02545237839729
355.96147512027426 -27.64187892799971 0.10964325713438527 0.06293121798531089 0.05 6.494947884295136 333.02340834973575 -320.4730577910699 166.64237379998656
233.29045408320007 80.90519238626769 0.10924960618672785 -0.1004206263356734 0.05 3.3016820849088155 375.61726599806656 -281.7741607612676 -4.720296943311453
167.34997350458568 -10.539187381758449 0.04479935810831659 0.007116111146395151 0.05 16.129733357437132 358.4999387760877 -99.40253573157136 303.09334329789385
222.5610264086112 36.4930010112151 0.04438399967535145 0.009049274637873585 0.05 20.363969332249752 437.97683597761255 20.37721871353625 -233.4990282696043
194.57808488044915 65.99185696257592 0.06846650735142101 0.07840966058261906 0.05 27.373449049468434 294.26152310540334 -308.8350507312209 101.31042662606764
179.9821506370399 -49.16072733326375 0.10773240720765931 0.018627595911290963 0.05 34.846050071042605 346.7679620333231 -344.3983575665137 26.20516009662352
56.82467677041449 -19.369816718883882 0.07695654857442147 -0.028128176655185515 0.05 7.998121050624903 398.7312425947881 -114.63743221477975 127.35931815173987
206.32275126203785 -41.674467668990445 0.05444319049995494 -0.05719342033833226 0.05 22.159105977163712 474.2482101915616 -161.78957549349812 474.6891096571635
55.30335027996867 32.987012386181576 0.1021888067059058 0.05064694070020531 0.05 9.081538367278952 126.0010247323449 44.84620564430327 384.12052098779196
263.8646698507859 32.905625670334636 0.07110712281631892 -0.0210976640839305 0.05 14.106825343501802 579.8089898558566 -126.19874230852733 -152.79947336866445
344.5468709262369 26.163493126504488 0.10340845476246363 -0.017300250597738574 0.05 8.51873619374921 162.9939040206679 -628.6567869118385 225.64028611826677
181.23543442954994 5.416359789243817 0.06907461752423805 -0.02791199646170444 0.05 71.83008805452138 72.75822371455327 -137.74031203915072 -0.18614670711804138
131.362725155314 -3.181892930371293 0.05622505211071194 0.040040426148589034 0.05 3.329355174928004 141.7988357264367 -475.716534686347 314.71691044727055
90.1198263815912 -25.85649292426131 0.09560279412885841 0.021502630989890963 0.05 5.236501988834989 374.51828901053386 -511.1142694384474 -318.496320950189
76.96734243690638 -72.3985403415653 0.013362011012623798 0.005799359890360095 0.05 1.4899383312350856 67.96884496218655 -322.24372900172153 242.9559722966422
142.7854087801861 6.926064737922519 0.10011950656951507 0.04801284934533045 0.05 14.582623707024334 250.07495323336514 -106.06262638054068 37.59541492816282
185.9426627471902 74.98819819335323 0.06087402923154106 0.03364712069717105 0.05 69.10907480582026 69.64903335824525 -356.8863601498671 204.98452883907078
316.8000253574187 76.58710632524894 0.10740917702205799 -0.06587153626019643 0.05 29.808517021032042 458.2133807889918 -5.432714781297875 6.426035433001196
241.9771816959604 22.56720033446695 0.0901835205388779 -0.0029593840676999245 0.05 7.749563372557564 296.0458069522556 -446.09605492928927 108.86186302119063
14.104691814355975 -7.447048056879885 0.07284684897616556 -0.09740597161419011 0.05 56.70144517036451 133.61190924345775 -272.1133689463543 -70.0865300556053
75.34923523348881 -59.620761429887416 0.09825843141488999 -0.007077347483676401 0.05 10.188329562453564 319.30353560869474 -169.06808965964657 1.480351740678529
42.56237148253913 -44.24358896625517 0.08682124533817825 0.002844496986733733 0.05 31.845488543018956 486.4061676046995 -302.599570882318 266.80887307399394
143.73210738332568 10.154151796906566 0.09167859054419814 0.033978953692992024 0.05 20.703551744095492 343.3016762993663 -209.61070815221626 268.76492095324284
33.76169736819025 -24.583274574852727 0.060044681498789165 0.035714350628564644 0.05 10.097755638716757 72.34662449877321 -66.891901967948 108.75157072331262
38.66772732688254 -17.40980456297184 0.09816424262073187 0.06717464189889831 0.05 25.623567035491973 -132.96802861260272 -283.99496417889804 110.00755249625976
46.67112932246028 -2.4590481486291407 0.07256295952687686 0.03622140392727061 0.05 24.194105452650525 31.640773564415156 -444.28039428486153 113.10248610579472
120.38466745007588 -53.9296470466186 0.06386388900881301 0.020598721100278182 0.05 33.478337625729715 359.63144997545174 -91.40142656146426 -60.648425163675526
270.07020885514714 8.017464846635988 0.0354863203994944 -0.020763228817634868 0.05 9.518792532647137 315.1180400031609 -141.58335053157433 -207.20897146836626
111.66544359434991 -41.4547710363853 0.06484135925253454 -0.01358246013933111 0.05 41.023436101065435 53.97452149206589 -180.43698262426435 35.7716025498844
204.50179591647975 18.081309907100934 0.060661678690369536 -0.027022862769587867 0.05 9.920005256698307 112.88770912578521 -429.27498405188726 -45.11266516349616
25.815941631885384 13.764056813960487 0.09963882243728817 -0.0058589853838198905 0.05 17.56009132459545 366.8546066204819 -399.2149257834176 127.45396953174927
279.8065479791263 57.63975490764974 0.06132486558596262 0.10299957706491021 0.05 15.95939173590178 -137.60559257180256 -313.73484801097914 162.18874508957992
269.0379094525126 -58.2011555386216 0.06496806949561851 0.06141343196806628 0.05 31.53593789642959 412.83833827492407 -433.09194830146805 -214.3750915142221
13.23813546189023 -32.318256720206044 0.0994191972826246 0.04803257497473033 0.05 9.093454683224172 218.09878254089753 -172.5041376891184 -243.5946613013786
37.8453464396274 -81.66790415758054 0.07983166593289548 -0.0034744719688674206 0.05 5.343787023252701 591.9802023162331 -559.3611674993994 234.95827926143863
19.74556859449595 -62.76844568614137 0.0571240362398755 0.027763488476026082 0.05 19.0281753786466 -12.770403936987066 -597.3259712660121 25.694094419569126
231.2791837842153 -82.17842651389685 0.0069262769375519895 -0.1617421653773116 0.05 3.7149461229855083 172.28260743285165 -461.19974307869643 218.9624128071336
73.90891258274765 -1.9095426009886967 0.04299800203578785 0.06885799392510086 0.05 6.177421509651953 196.1020957587011 -443.9330605186041 -48.476793112303284
294.6932330130262 -51.815455456990854 0.1131448494925742 -0.04163476198307467 0.05 37.08276833732777 292.6825043499317 -317.0425699721767 228.7199381324605
102.67804896542047 35.94837153287262 0.10819390368904758 0.0242446991551016 0.05 9.218436097782678 570.2655129579454 -484.0073763702133 160.21493167561312
302.6776728500304 -19.272818075112074 0.0712639162432398 -0.026692136365439448 0.05 16.530556585095486 -41.4486797937891 -320.2323208483714 -7.943922308249455
154.66225825314885 -25.472356909746253 0.04418339501896629 0.03661773773020463 0.05 11.271212664634529 334.92869252268304 -747.1804369320362 -179.13496858946814
30.42505161905837 3.8283019560218223 0.07126456032322093 0.05396265624083327 0.05 0.9069356259183787 297.6729712668318 -404.0955047542661 -47.16012705547634
349.52288202772195 17.485315461224346 0.06833736455733219 0.06264021952346062 0.05 24.454260794977834 216.97956898744803 -220.73479127788022 304.3945672565935
345.5262734300466 39.954525638298634 0.0970335247142553 0.05098755107174255 0.05 31.320307998238132 178.1289177315541 -354.220194162664 26.779600386021823
188.3171179998767 61.22200862129828 0.062013359735596296 -0.04385004944716746 0.05 14.562253177486244 227.49386849498717 -157.32192220189464 208.98216526051814
96.56235313889418 -39.55289213843991 0.10189184334895685 0.020565513797243924 0.05 6.005225617399041 771.6716546527706 -427.12500171627426 -266.33326064699816
289.10381628779356 18.216034255974545 0.08341167691050466 0.021322676397316696 0.05 14.094971051865931 -36.529193870969834 -464.73345430935376 -189.71691916282842
59.779462911639556 -14.89679946047306 0.07162099691526724 -0.007318901163179265 0.05 12.689436503798568 151.8385646781399 -344.827538848592 0.21444097101861814
166.634936016973 -6.196758184240883 0.02367813323674617 0.025542231729828127 0.05 14.040609953690353 461.1532045048501 -295.33831619586067 72.7075630251536
116.97259029341414 15.24996162994764 0.028900617453003763 -0.04118662544206126 0.05 66.69981211997113 260.1183349006543 -86.1695183170907 -116.8189583658185
210.5768076374415 -8.534784353816217 0.012270565582065851 -0.06657105096645569 0.05 18.482442903327986 636.630782339812 -398.5859686459503 48.59986934811085
19.541121957665357 -29.208087486207827 0.051417236988337445 -0.05210556473810834 0.05 22.868212243237586 241.94729887426416 -411.26087941731953 -66.25574105321394
166.56585893073282 -0.2149633160780571 0.10286020165451504 0.06246530221198428 0.05 14.663913144150237 38.074267927845966 141.98444751494685 -25.689988995897977
45.19712209767548 -21.627048456197095 0.10362592420696992 -0.012898516043164734 0.05 82.47026975125836 383.06283617360305 -416.3810275900087 -83.83009147466137
34.450751450557966 5.86590656992871 0.09025203854904551 0.001570560894049132 0.05 10.671958048525044 251.88589650818608 -446.16329560687086 -296.09323039573366
284.60442391320015 58.66127662904477 0.08697577555890645 -0.0049951688998789556 0.05 5.89380563212552 292.12556504768935 -99.46592840314062 92.70072425526871
90.21641210214067 -22.002994163824756 0.07855515140726776 -0.08444191707953871 0.05 14.087950061831274 397.7173099016212 -470.92885554690383 200.91389622494182
23.479564341740637 17.360854637707742 0.03491418818650627 0.025341106130362143 0.05 4.224519925364213 331.83463089919474 -602.052324469157 -115.18759168125902
132.9237174421431 9.882176488142399 0.08071361008427713 -0.05672317485328253 0.05 14.759539719812448 312.4046006530519 -446.7639535891052 -128.8273522799337
293.422171619763 46.9143469547948 0.05292968299466394 0.00445915203096867 0.05 35.330922183029394 251.47076201081703 129.7396844484099 164.10707518815704
349.9753445783258 42.016398245422735 0.09940093680912909 0.04788382286400582 0.05 7.472318538649956 461.43051892622134 -609.2420377850035 -13.734137039603254
177.48649308752806 34.33611512049178 0.07559638912016209 0.022683748311321444 0.05 25.304074200968934 102.30252293259124 -404.49640379610275 155.12149029273826
219.77542526665513 -41.311586168720275 0.07509288291386684 -0.01330592899289568 0.05 11.641556030950966 733.2504859354642 -65.19936077091398 100.95931094648354
335.4335158817132 16.347836245786244 0.11516267735209551 -0.009654073459045537 0.05 22.817602110720998 127.258741778355 -785.4891879346487 105.48210502918259
242.2646528086245 4.595264836621354 0.06274065651244887 -0.013592976608128055 0.05 95.04386914917026 69.03658096373101 -401.4378354193921 238.7153824599499
132.58570793843856 13.214261534885404 0.03223016277305257 -0.016653113170584693 0.05 0.6668188576481379 192.72871935470502 -373.7611930228026 218.9556610299904
140.14776933191686 65.05402190217296 0.09677883206361138 0.06294460176300838 0.05 13.917891427556896 141.4315938080805 -345.49810439362335 -266.7433297858804
203.68788857320064 -70.62869208286973 0.06955435312120084 -0.0001475164075558531 0.05 19.43669409150167 -52.60435642567717 -66.05168355883765 226.07154454833756
328.5572384074549 -37.906594531249404 0.011386740509147009 0.07514824734311253 0.05 7.452237625308564 92.85048333047476 -149.04771897891064 -74.68654281418917
47.297274228948574 -35.66994326794496 0.052835118514565016 0.009545560049646826 0.05 25.24526606883084 -117.92935287824264 -552.522426487094 -32.38986586885342
336.72790913757024 12.277122421522135 0.0735730113888231 0.0238244958497727 0.05 8.498057141152929 213.36800050216576 -459.23159605641297 17.620838204968308
201.48531295197208 -61.72869427786264 0.05683525386770394 -0.02618492862856467 0.05 24.667518493021984 162.29761983477295 -334.4616542331666 105.13148872427774
28.8262850333889 -4.059989113435248 0.08960973503077474 0.06344778377373761 0.05 5.854899177078142 55.71541292871012 -489.49647620218286 87.28786475618756
286.3889376538279 8.32097594480861 0.0379814603086861 0.012916624766850505 0.05 45.37009447325676 236.1301975367366 49.320364769066884 -256.05779212609275
135.93853592037036 11.822962975321945 0.030777970684107592 -0.023929377375600996 0.05 33.28673043584207 201.93625502169033 -191.79571469840516 -21.245728632971364
290.292620837092 -33.79035863871775 0.08928410038415424 0.010496018262226382 0.05 30.95515666642131 -42.86216791493254 -521.3465796747778 282.7311058513719
166.09277466274168 -41.33561699940242 0.04996367309465355 0.04086162335697783 0.05 11.711882264615241 141.77812504804226 -171.60249057900165 3.3089914637843023
327.6973106818562 -7.424937012105344 0.11497752209761747 0.06825798603310705 0.05 15.28942783394886 329.8098072165988 -361.9768495538363 -143.59403836259557
257.8577892421275 7.522665403766801 0.10001844645939961 0.04630354709167048 0.05 13.918377400397134 312.2472774598389 -40.6883902103026 213.69908788839342
223.50319573932256 12.265892454198108 0.03086732933503855 -0.02609250620621847 0.05 28.122471608282563 292.02285364663777 -455.4213068918473 -364.93519039941066
105.90342739153063 54.98511324570307 0.05175479603936051 -0.059101273407282835 0.05 35.6710125860658 44.10135250129227 -204.33323429069276 -200.4004170588567
9.990755269388908 -18.020853712955127 0.04772039759684299 0.05093658838486669 0.05 6.682853680370767 -58.74110846089428 129.5876673362771 -257.87353158590656
229.62828796858057 -4.084378250604781 0.09247034447501434 -0.025008776544529678 0.05 22.68956652487338 167.84643599205037 -115.44031168536424 73.83077326307713
257.3968647132279 9.260124696724002 0.045557735871207816 0.028875226737826526 0.05 11.67207175661637 310.63933800727204 -371.1594365599988 144.3312330056993
38.373229680078786 7.790797759746172 0.06693750117575825 -0.04369145754884789 0.05 42.18413918734013 253.5620494093701 -468.9008801678823 205.54415883484546
33.39934221598202 44.36920615693307 0.05481344727688109 0.013337944987905179 0.05 9.839589431113758 278.54107549303524 -203.98188622252707 -122.57656691112092
81.5721490318658 -5.205763782427796 0.04834444724767706 0.028503210643768363 0.05 20.054690333529756 376.99865152626535 -98.50028697801812 -63.0313256097873
0.7848974398078913 -12.356894943748026 0.09376910568790753 0.08960572382449938 0.05 2.6228436788165785 51.4301778494752 -196.31052876388668 -300.05969486173836
100.88663998128585 32.99092895968088 0.07892172102233119 0.031000219886418875 0.05 35.755655445454316 367.1853072950321 -203.47966745401055 -197.91271458582395
186.66425768061032 65.31602409077988 0.07365104684505486 -0.0011020776029888827 0.05 23.912744627581738 376.51448486664344 -228.06637347495155 -149.34553995300408
102.7554673117998 48.76400052131934 0.0964959336754696 0.026327271648197308 0.05 26.875683943157437 8.038128326154975 -387.52702890152716 -243.52283547971336
282.00581517297684 15.159834728292463 0.05137938210544979 -0.0115584131436696 0.05 2.0831780993130917 279.97572918588673 -294.2799888294467 152.20587960352032
84.5711112020364 66.48468031271888 0.06624921410875229 -0.045881383549971545 0.05 9.422896337051846 146.47636710277067 -3.0600202917011643 66.07698990947114
71.07713930089574 0.3027048198644316 0.10011743429819453 0.03080625607978632 0.05 0.9294057873674038 389.98177129339456 -205.5121372024423 87.2070267750699
132.44981805871566 66.8009299038483 0.0742001546803881 -0.034529500400429604 0.05 20.934640809872015 103.05388568199967 -393.14942616842364 -123.90000612244978
226.13092001171606 18.33438666137272 0.04334780498109958 -0.06970506050018718 0.05 6.3230663552784305 153.05232050158554 -542.3444115651077 151.06151782514266
227.29606278724384 -38.346549077282646 0.0861782693918538 0.024648038426576382 0.05 5.4218611495545685 55.11498373655158 -809.1310734578001 98.08312283610678
215.37042311406088 40.762846905746215 0.09927506703973243 -0.0031849769945967955 0.05 26.608626220850198 292.53842123395236 -262.7726321448716 145.50047202109465
260.4459011049427 42.34758631635215 0.06625997779826043 0.02023230449822095 0.05 12.383754913755109 318.24579917534174 -438.87538422790567 -40.656087312435304
2.515140546519662 35.016847414830494 0.04282694265259246 0.039532398431913654 0.05 9.913352354563983 80.52659039017156 -323.85933495558237 247.09369457040708
99.14373967408754 -17.98986796046673 0.07469593589188595 -0.09112002204753829 0.05 11.965925679961558 356.084003534466 -488.33831029007854 -114.27659059412579
319.1498973217628 33.122242956465456 0.10595873413149204 -0.030992067729021258 0.05 9.899655406475063 375.371449890004 -433.381151896912 -134.82265047919162
14.302091626837207 -11.3408957225333 0.05708275435895893 -0.06909376475175082 0.05 31.600916738329747 273.4838497964924 -303.350634553809 -191.97663334333126
297.8158421898608 -0.10408907469917938 0.07422772879795025 -0.010516512766129712 0.05 6.480032507065741 346.16565459750996 -648.9785082710092 -111.94274413001688
237.45466173246484 58.62421842208723 0.06125816349534463 -0.044387599070770146 0.05 6.481967110327426 627.5869078531102 -395.24145512973774 -74.35651867662658
105.69490267965419 21.57913992223692 0.0713642609827232 -0.008256186735421198 0.05 11.313352242839157 4.643521048778098 -362.0239779671299 552.3494170729142
53.75071841541535 -49.23129558795851 0.05309554166526875 -0.07620858999995242 0.05 30.485021656938372 211.30711694671172 -82.10420123965213 -389.12303232940815
138.1849039255344 14.683421769714508 0.030461420680305773 0.01678788616855321 0.05 32.55906559850367 258.5802514874169 -571.475484415711 135.44907858173133
294.8621404527822 52.60399371024497 0.10642293719126883 0.0447147690324377 0.05 12.210816016588122 561.0855086933759 -540.7015825427866 39.13062016466103
338.5851292394249 16.28500724375929 0.0928437498907293 0.11166729376128263 0.05 13.903822282045832 129.8810489653568 -117.62157949433504 -40.57771165174978
138.3223564882811 -6.308128726530927 0.03213466438381052 -0.029745939097411578 0.05 19.628592726489227 288.0076572651443 59.62826957907049 -148.1071150995008
218.6005786396999 14.885076343202968 0.028382679785286635 0.025961809721846835 0.05 16.86735091878457 149.4528017103535 -448.10700232569155 180.26703116743167
268.64035693449404 -66.2701032712626 0.08131988497819953 -0.03324095490242964 0.05 38.24997984402853 307.0402080403283 -181.08022260767115 125.87131218047234
146.00041615908043 42.220285142883796 0.057825715608452066 0.06425463313469089 0.05 16.59263129507602 -28.974748662272646 -256.9728970614499 -451.6669153210155
13.936208775161004 2.7727752838846773 0.07387387081278174 0.062483495557607 0.05 2.5729251306058676 40.48864955413444 -371.8959979757874 26.072884476531407
299.89806480648735 22.757806436959246 0.09689632222449651 0.004554566987055163 0.05 32.96172976977352 703.4125273444735 -385.33326232304313 160.99609992031628
11.388425713858405 -65.83533980345382 0.06459691651761834 0.050357692164075686 0.05 1.0944512437081924 382.52598337954134 -415.18488111935994 82.87969910025818
69.47412395989605 -36.346975437051434 0.06023755509718409 -0.014754653739485687 0.05 4.778467384657384 204.7347113092088 -567.6880384019591 -153.99958155708399
161.51132531459706 -9.074080016244658 0.0580166298382232 -0.06999527461045298 0.05 10.186525365235074 339.0597495755408 -121.27967476310323 -289.1126940299856
145.0394397966647 -32.203583498308134 0.08913327446960162 0.009243558490382105 0.05 14.114506790676323 126.81780580173857 -392.53825414446055 76.20244799804775
109.26256568723522 -54.072067032135514 0.09798168150449293 0.0313128508887587 0.05 21.112714943759826 249.0022446679258 -501.22020169222014 -105.01982624593424
159.5684124010246 -44.745528485345524 0.09643787073176702 -0.03334734975441099 0.05 20.54176492960317 56.79726409271518 -47.42425896962206 -422.9230033700696
2.5235558046747024 4.310200836306253 0.02877308312870963 0.07027477123427325 0.05 32.63406970203216 146.55370416080268 -171.1027433314489 -0.9800395251505662
230.77257588659083 -19.803046756145207 0.053476045756406965 0.01884446094299154 0.05 3.732255743876567 393.61231141414316 -448.75447827409164 141.1150741858878
152.92209721826117 4.389536958982021 0.06765625442812473 -0.03819792558725245 0.05 6.430082123652763 -85.54868501810728 -340.4032288852843 -106.14684954413215
39.1355336584631 -16.575996521332897 0.09698411053389577 -0.014176374481240013 0.05 7.009490982044157 17.796229862291426 -330.4489833762773 73.23807216372317
165.54710327607677 33.26023204847549 0.08043004972300372 0.046736315545746886 0.05 35.91155926129489 20.604387899444134 -460.4295479297259 134.31762058188357
229.56539065273756 28.904909107030786 0.05961913506455874 -0.00804935535778779 0.05 8.99338600219303 403.71713154886424 -101.54710537817513 -24.893340629571924
42.16024167148927 -34.00346084474122 0.09250186310111563 0.006416485097709299 0.05 7.104900949812471 90.23468977631804 -331.92340015002304 191.83242469448678
39.61281265742637 -30.070904052008235 0.022515872509479173 -0.054849980680158304 0.05 14.34659093433882 10.658113298801652 -416.49506029650416 -5.29543867052503
24.155826646605465 -40.31376865416442 0.08052143593845029 0.00858625692240533 0.05 11.477950513233434 -306.8107148933203 -141.5392771539548 -21.972235759222485
304.6390872682094 -11.385972996210807 0.046516782348173136 -0.040638223836504214 0.05 27.760214218770315 -9.059192858843858 121.33699831163318 -152.76649728271155
186.61351262312218 45.00566230317448 0.07094510529188436 -0.006665165630083247 0.05 13.23054466482098 163.1143597501967 -418.2184636730732 103.20160205018288
32.478265556561844 33.68478012217524 0.029811779657443083 0.04906499889846968 0.05 5.37263578787938 499.95326021749247 -463.18276099317563 333.28056707051405
110.10934109244423 46.98127231718362 0.05862924840194261 0.04651165517949423 0.05 28.35814287711802 251.95109884049023 -542.228523415675 109.44734839243418
241.69531625291714 72.23142641726707 0.05443615762546239 -0.030609275866033438 0.05 44.9321089818469 267.8569839354575 -80.51833109205381 -45.943400445639384
128.88092899698086 -67.08878561315889 0.11241323373550705 0.019959324768128506 0.05 16.38316792274223 363.1178051387734 -104.26226359849875 146.42302146073695
267.274258843313 41.44606432386416 0.08826970933177525 0.03215810566550023 0.05 6.685279118679657 -17.064364134697257 -484.5043340621593 -15.02246846669621
139.51190388265647 -42.493914063655396 0.07241066164779664 0.014714041993147294 0.05 23.147805277469406 -15.08029714474469 -323.27396995712286 359.42670117207
145.83363792703344 -26.526135346932204 0.04552126578490445 0.004426813106803597 0.05 9.683747734766918 -24.898941207613717 135.65995042610786 -64.2769297581724
67.93842228117082 -30.514678704617378 0.03832027402453009 0.08538951407269083 0.05 1.5510324805704276 488.7442084587023 -213.3271234853196 142.80519639418316
312.8096397155805 -0.31723524747046417 0.09111983186133776 -0.03687129603710888 0.05 21.860115382489973 109.82633935984246 -237.10711891708146 -27.551492580411036
135.9817257765571 -18.38112850963976 0.09805687874885427 -0.03984479471035403 0.05 11.31875181045824 -65.24558880311906 -233.47689230484718 282.68101784951267
10.898066108179785 20.53607112886955 0.03767995902868093 -0.09276178253893666 0.05 8.065871315899383 216.07090515412293 -170.95546807008353 175.77071925323054
251.58844296629835 33.21743396022558 0.09830197132880625 -0.0036990846613965626 0.05 18.744803762433285 -89.68010477325726 -362.8649264034303 -69.39083611093454
3.7494600694118976 20.937573538691225 0.08389288609917323 -0.04499595628768978 0.05 2.291094581888 382.4109841540832 -30.442021530792317 9.810239838461818
91.4809186231613 -75.47400993196894 0.07634642915581757 -0.008039938830851093 0.05 8.621505804125652 -58.98520510911351 -504.601241657209 374.38509926358876
325.21600111913887 31.088935242430093 0.09822544297211833 0.019211513604978404 0.05 23.126789118892862 489.555259568934 138.99617632379693 -87.92810431987306
203.29764197974623 47.076660819685344 0.0696973847921003 -0.015813405765083655 0.05 8.709573330112699 201.23785528474826 -15.078378223381947 -99.7471147808464
123.51124880273925 29.46295717921363 0.02785342166640259 0.05079005359396792 0.05 26.718194519619058 146.87230202501195 -146.36531647379334 -24.975963608803227
359.15191521114497 -40.18995760756596 0.058239183146086004 0.03869295197025613 0.05 11.56731127821067 -18.21114279282753 -571.4548469638382 -15.423661096355318
196.09835912527268 31.363651443754083 0.06757836291345454 -0.012822730346208571 0.05 29.16128446686473 317.04928557382516 -461.6104437363149 317.75267943586505
317.68006123853434 0.2929684614853711 0.04131317660900535 0.1074672752601834 0.05 4.051726934271785 48.86434357445012 -358.14943331004275 137.6646941141268
235.99701666845598 57.09601924295186 0.07562064808586033 0.04716033566020324 0.05 3.9383138891700513 149.9220347128121 -164.17068451877512 155.90270967240508
169.12133481284877 -61.049160531929196 0.09422135575883739 0.07890679080912816 0.05 5.0709556768158075 246.0663868705752 -540.4473352888114 223.32510227550736
201.74237415137367 -8.769031478230927 0.03502258501343891 0.10478168300226401 0.05 13.232036628505444 228.75169900394383 -114.1190768436191 23.34570020349768
265.71238537100254 60.57948485557176 0.0929401050308567 -0.06142126863730207 0.05 5.12034015952652 400.3063167314939 -433.44614229281825 306.97205239380827
28.701026469287193 -38.11011317439449 0.076793220539356 -0.05426268533700901 0.05 12.12806042977624 63.07150370584188 -314.69893676882606 -17.083715625194003
231.000858569088 13.16173632192329 0.050094799436236626 -0.0011942182019734626 0.05 7.258105368910294 180.02163966420594 -75.18160167376945 30.41858059349816
253.92508708112987 18.79651698457843 0.08697238883517122 0.036398399895016344 0.05 31.86787635684477 121.80170568613732 -269.4724301727309 50.346173682104954
76.18888045882727 -19.494815882671308 0.02696019618676604 -0.06572929772966875 0.05 19.501440310434052 90.53998362479147 -160.9962566730136 -251.32817219068693
196.28817749408046 -55.31791099571024 0.0815100018602446 -0.038327951370949395 0.05 26.628498331955285 -50.20165690882115 -278.249111799431 249.48188247981332
277.7212881966424 -21.319395380214225 0.049359829577748426 -0.04381755565076755 0.05 5.566535756317085 304.5273780747817 -202.7522984123196 -171.92493853880882
278.7632186711532 64.45495791412732 0.10634910511021634 0.007068583262088158 0.05 27.57813450695751 223.9502310485231 163.0813052886778 33.64700713780971
241.5354422257759 -6.079710558613838 0.107291182434198 -0.013815429451262047 0.05 12.733119740668084 308.2651048940917 -186.65905103789152 334.1261549035307
221.04609392598405 23.361313559039296 0.10858190094108155 -0.07273385686169737 0.05 6.799834339359538 286.59907696340866 -680.2456799329843 70.8160397581002
89.59891041172149 8.71968577945797 0.06639195770755135 0.0019775185329206652 0.05 46.59207066313168 433.29056988918927 -457.39912677507414 109.85750042364519
297.4251322474817 -52.372077112315814 0.08056237032746982 0.038674973561508265 0.05 30.25122005287534 -126.66906171696371 -45.22872692802588 411.70758348680965
124.47243061211721 41.005709747642086 0.08996092930615718 -0.05147563569960878 0.05 5.697789634641337 469.51163559703895 -786.0518294119859 30.391896353529646
186.86870081745434 -0.8340106267224032 0.0808860679364447 0.05882811918671981 0.05 15.05268341253854 24.53175210342664 -532.465297720165 -25.199617290008774
77.0697884249109 28.578026563957785 0.03147771012228118 -0.03931103269193753 0.05 19.360890288727088 84.94680163107905 -183.0435107366244 96.48789926538791
179.49503822217306 -64.63089794915743 0.10046290708052186 -0.027422004307358347 0.05 4.738895257513267 382.0648903200714 -370.94546382137673 453.39838977106507
119.95629974154767 -4.6746430915370905 0.06220480335999423 -0.08379914236209979 0.05 23.19934650897852 283.02811566533927 49.30940712451792 21.625777685132242
87.46889620020855 -40.366234640695595 0.06931362040783129 0.006961068325132153 0.05 23.30555457389108 61.327440838338646 -522.318615969539 30.326088487322163
319.9738924444102 58.159831096880765 0.06735825525054362 0.026399367927976664 0.05 28.71736506117606 -73.0475904271126 -197.8599484305521 307.97280655497775
178.96581370400907 21.4664657689104 0.09850316443691653 0.036404879295180326 0.05 16.971584045030543 278.02436702965 -181.74473167607783 205.96658829764462
232.68772382236952 -22.891872183208008 0.053061457000459056 -0.01608425717183667 0.05 2.385629557768535 119.84621025325222 -139.66679735360736 55.11550506412636
287.15720547819143 -46.72454656033696 0.08226199873417728 -0.07813823073527766 0.05 12.804074710644866 -77.30749805198263 -165.29842605366625 10.77433967482225
221.7272858740873 -56.112212167647236 0.1064630140091154 0.014672143868664982 0.05 31.82582969078959 254.9316798165488 -147.98274195035395 298.5244950748312
246.21505705422388 -29.14620980990817 0.049722453631125596 0.1268469526719351 0.05 20.035878016045217 -80.91833786408512 -315.15933820582285 381.63813995803434
161.25351984109523 -23.080914569045667 0.09371730439129311 -0.006485537953266653 0.05 9.00371475545859 127.5370060107667 -127.89192218283873 52.27284354481006
325.0306977344437 -4.2424095672512045 0.043121724293715635 0.05213464023647385 0.05 25.941611921472294 553.7910881199 -145.30872818830622 414.9722998606552
335.46018968498737 -3.979517120435676 0.0887776777688083 0.10863680467802318 0.05 10.667103521691198 267.3623111223824 -327.77195248244476 359.5269418407516
202.65049841053371 -41.34315936363668 0.11423427102512562 -0.015117123412328673 0.05 6.431466298415687 261.03593144340783 -661.7773752503963 -175.03980076138492
238.75448096070872 -34.7961292844393 0.07295405899132335 0.07484563264455873 0.05 31.958711474508817 44.541615536312406 -45.37688542717669 68.12708860987479
23.91140504571385 -81.72518232941339 0.07081353828724168 0.04136960585872071 0.05 17.543409865578248 329.3741722051835 -113.55988599837187 199.9798402212762
117.73935478246179 25.570205916426616 0.06145030377343308 -0.012828260649487562 0.05 52.60494978174242 362.43011138153213 -113.21075169005161 87.5898065905229
278.420648346041 -1.5905606746989362 0.07853037063717627 0.08209731490948716 0.05 9.581273518489253 -150.1765528678455 -356.80137848965984 361.16633120511733
250.76593228837623 -31.123967375490842 0.10424959429046643 -0.014077600711875249 0.05 24.52948075889433 516.7230807106339 -618.2248328220815 -282.67940007087924
231.88793704526893 38.60884877346117 0.042466592033444606 0.012244709016059624 0.05 40.96515638560857 194.9638963090282 -248.2914505728922 -29.456404844010223
82.67780870048988 -37.23260764035367 0.08105477957253138 0.09753351559591153 0.05 4.9358288892512014 666.3941507804167 -261.56067455424284 282.3992485034995
86.15426856972832 36.98817413147443 0.00809884068099298 -0.04543986459874781 0.05 2.5182308571545544 120.58325944244844 -371.89572990461716 227.57300147700036
176.62654473741674 -9.792264929372164 0.029472005780913024 0.07237909291021924 0.05 54.18414565925095 133.5827659655243 -365.40245205199324 -34.361670733418364
16.457629514878775 17.28763471188728 0.07335752126064965 0.006656483299263671 0.05 1.729431535601578 87.7010291066456 370.3848068352246 -141.35905231946
91.37551107010252 -44.54049213621157 0.061543959987020225 -0.016083111470505 0.05 42.25839028757836 212.24241194471477 -29.54127082046358 64.79612640571439
99.6683963342785 61.7707771533286 0.07218703435603113 -0.007194609358609584 0.05 10.78635119729143 309.5311369257612 -174.94078276078895 54.131316437698835
256.7716732255125 -45.90029514500816 0.10359549569623971 -0.03606855785521929 0.05 33.42377482705624 23.35837512372737 7.558209499953648 74.96317944657385
10.6322643552633 8.256896454203694 0.10493504812425525 -0.04235682063073722 0.05 19.25126400829949 145.29766012717153 -651.3134972211277 290.51422712887427
343.3067226633449 1.3182159217606386 0.11287306232688876 -0.05615091671347344 0.05 4.864498293269633 157.09287565597234 -631.0543196959356 -296.338727863778
196.03863995267557 34.21553378231856 0.05426618177812115 -0.005539374327398585 0.05 44.41769422257615 400.98069253043343 -243.27894518818024 186.39851041874445
321.6704059600114 -53.263214780628275 0.030552573231816815 0.07033882795581163 0.05 12.592906863164991 167.07106358377044 -336.0063618087052 100.72942898698932
312.2977512756081 -68.08993627286969 0.04529199889140334 -0.048869063006107674 0.05 1.0197543851217348 386.06672776742647 -505.56069041232956 -59.1788044070328
56.88121591679092 57.70813901967373 0.037919292568485696 -0.06478942347468741 0.05 9.600632261285723 22.40862037127465 -426.98652192765314 266.6686051909452
225.61417093617084 -62.8024805565001 0.05840398624658816 0.02338985363352719 0.05 32.31937988200802 567.8744818214041 -138.33323085370134 -133.5681041394017
263.0871891483319 20.138354015731185 0.11588488878048953 -0.04037030454294824 0.05 3.942040215188073 214.55061084938265 -596.1921953514033 252.47548450696073
229.21411948125342 68.81530506970955 0.0832411963088111 0.015537159474048538 0.05 28.29110190711264 93.54614600447171 -148.36473666307785 69.7176220450132
199.6849379107273 -41.80984571270198 0.026296907623637455 0.06599910035469095 0.05 5.7347989107195625 365.68623633126873 -449.4868868997887 222.91110385788156
331.28414611595446 39.4295924184769 0.10037618056010067 0.02172327459693849 0.05 28.674216444365403 122.26742579332968 -355.90413758650266 128.72790486560484
352.69638136265365 -19.6574712438947 0.10493878886800001 0.012626902596559408 0.05 33.076417305395296 -14.102787814184381 -339.97302562270914 287.4464037626807
108.87265413419642 -1.1746963927650218 0.04327487965912846 -0.0104252374221205 0.05 18.910382669589822 278.8051289208957 -319.7281225702328 -128.38680609874757
80.56034818627333 -18.595515521641858 0.08262471309015518 -0.04326833618821571 0.05 15.553125893523184 460.8071393011716 -754.4237901482935 237.57126735154287
262.99020961832724 61.02033583157185 0.08185206999513994 0.06312765663413841 0.05 27.496971885262912 449.9086851078281 -148.9896311435106 332.88630719686097
309.0885866350419 48.703935947835994 0.11267352270965714 -0.009625363282891562 0.05 5.434231311844266 -6.041475056322071 -440.8223681688323 210.33257842903734
198.0423266431233 6.487004671844334 0.09643907643562888 -0.02153412538369155 0.05 24.31295123902165 619.1421722845896 -260.1729262919168 50.593226470923994
132.02721820393384 63.87377664697111 0.08137179009197726 0.03684888070847091 0.05 1.7188022820005993 131.15240530811502 -345.228579414103 88.90150685416381
319.2805994592761 68.6475168459848 0.0651710523987945 0.0035622452578197897 0.05 3.4205415589191928 656.4465370907893 -91.41296912481724 -181.4997004713041
92.5600648643843 -49.63260427588583 0.05877893037952209 0.048632607129258786 0.05 20.67703075357153 129.26120495831293 -407.52568778256773 202.99921856639688
66.23422581458358 7.77469680451287 0.10789567281678081 0.06210604122910684 0.05 15.36150944278115 460.57481781293126 -270.90091918587234 -108.4391524235287
145.8289424172099 -10.366716000116234 0.06268031198318247 -0.053784500750895595 0.05 30.969847790567893 126.78630809523062 -116.52320498910163 9.565500843229152
351.56558797518915 -44.240336277881795 0.08165038307758166 -0.08585296461258225 0.05 2.2789911138754237 212.45375781373227 -182.97666277680327 64.67384143698
330.65326458164793 -13.101014315519631 0.038317795359363416 -0.06415004689095456 0.05 41.53799695627767 217.3909414841724 -93.78240428222236 258.09045607396206
223.35982103561557 -3.5560841547208164 0.032827589674188085 0.05402516116950282 0.05 4.522890709752189 154.50498851719541 -473.90886856861584 353.62248711257405
187.89210565073463 33.797622999250116 0.03983835456532847 0.003336227384901184 0.05 19.17397667765227 286.95019240174213 -337.29198268077045 345.2492325808727
43.15443058559289 25.34101505777327 0.0664511662838907 0.028857237238985974 0.05 39.372720670813955 337.7047772867826 -246.3932785296405 -23.958020256395912
81.60285807795776 -25.755136469663796 0.0911124455390091 -0.01609876483554843 0.05 5.851292555911113 504.9367844856451 -243.25029320930813 450.3818237964782
305.3490150982486 70.86822361185867 0.10950444462805531 0.009064687836285256 0.05 30.9270677070357 -200.79166533845694 -50.734107224146385 -47.30019169747909
168.5499843155127 26.40657127354984 0.04251980211976636 -0.0378963957417197 0.05 31.37289534126538 180.70226572748655 -353.9913196975348 -41.79532505179708
85.26550027948853 -51.39046658409437 0.0882546311675112 -0.1277931893878003 0.05 10.579737779752238 252.02149628109973 -248.8609072053781 -61.60346558414315
263.9504592391628 51.313197706688996 0.09054525627668375 0.014991630655189755 0.05 45.575677418252475 141.0976592717539 -232.82961026748586 151.43453769948525
306.7544870055135 33.023940903517726 0.06680539883500392 -0.015553071656336575 0.05 28.765875757362533 601.9518060519526 -263.4967150432442 -225.46235151492755
320.060290339885 -62.57842113353572 0.03202085973236124 -0.02674415969627296 0.05 13.80044016594694 480.7702617532237 -197.45707940325934 350.06500750378746
282.11024916476526 -57.37045280789082 0.08122506346492608 0.024565953595018064 0.05 7.5462116859466235 537.4595384651623 -387.71414912814816 449.5991889315806
294.4525107627023 26.20791910285338 0.07568404641145832 0.044036137844835864 0.05 89.79494906870745 100.77299388369454 -283.22420442273426 219.09267045336972
129.21857278584758 42.20118945352145 0.07959263873605638 0.03532530812153784 0.05 28.218271667806146 45.54551614608394 -561.2382328113074 16.542854781469458
122.9849127376679 -32.6327598908239 0.1087792641088623 0.02880969017446117 0.05 2.176621971083809 55.848959551553946 -355.4378160573907 -54.99340485262694
73.9562827742136 -69.70948588184508 0.040510965747408534 0.005131055662598668 0.05 33.29931600772818 226.41907198496736 -688.7892081305076 -437.9544695923805
36.57684564891902 -46.08369931575311 0.11377012579400181 -0.02057122636052376 0.05 2.622834083361236 293.11166698930845 -322.8180382402825 255.4580731601313
82.79944974935412 -44.49019801619136 0.10413183100534473 -0.006118909203774505 0.05 4.049345061402319 252.96616580628339 -133.71556792726992 -0.3753583128020779
74.48720898792878 64.78889313712655 0.05142858045417653 -0.0241774618358189 0.05 7.459719581664404 -40.16805100416025 -13.334951342401496 -157.05847115257313
130.99920560645978 54.74541670548943 0.06682368118907234 0.02156448466946844 0.05 11.67207175661637 259.60198140675493 -530.5331464659178 81.5132937767172
152.60730714742624 -2.256581862082336 0.048852357569156846 0.0705033688872621 0.05 15.25654130591768 39.727306030593326 -368.62420113035745 -98.42919336832773
191.5374603184063 -9.353422218032096 0.09024548890624651 -0.02304224810727853 0.05 25.91695473403087 429.62128985353513 -693.4990173851418 -15.282191954336483
137.8058039491051 -65.44855414725755 0.057258903774412895 0.0162162700493715 0.05 12.061349714586912 485.65105539763294 280.85751986150865 -111.28117229129128
334.69896928854104 23.790993537370298 0.0908680139146778 -0.009657263183391378 0.05 7.505812294406912 262.62260635664086 -311.1470266253151 0.44153748592277964
330.2894954933875 -29.549211503916236 0.06711369196965045 -0.017004269533584825 0.05 8.266908547005697 312.69054036247246 -570.2452454295797 36.46612711624816
289.5516092147962 -55.04241396855359 0.07856661870368775 -0.0018271828905587198 0.05 13.69473534083459 117.81688216892083 -516.2089443609096 -15.783678704256786
73.29417588404212 -12.675376751857735 0.032787935832162995 0.00624617621937636 0.05 17.22371146765622 -273.15605914461526 -169.44006006976716 222.1139057689647
358.9217531431526 67.2028287727081 0.11168927729702172 0.017115811434108643 0.05 1.6976505869489131 142.32921946187037 -242.84923000869952 34.774624257898246
340.40971397363637 -31.39244072922017 0.06469829355567702 0.055083279271811725 0.05 7.040767408905328 196.26632374956904 -548.9251783130157 -194.6443377036406
64.12715053142058 -31.893001628405194 0.11255602122726094 0.12048368808662462 0.05 22.623387082810055 23.84413522133687 -205.33532818600014 373.7137661752276
328.4120467605713 -0.14785640524689286 0.0961186556731386 -0.020288324268521833 0.05 19.55084342250165 57.44925603454976 -149.49737816942172 123.7827326255933
110.69763917360127 42.58831708048602 0.020467221909814093 0.008173452887540612 0.05 12.923257431478048 243.7468481642643 -359.5352114993571 291.6179493098355
33.17820176914996 76.54811480556177 0.08292178217050683 0.047640110623375115 0.05 15.75730340930237 88.22705338653314 60.07314391549687 13.167912523676257
268.33224772585385 29.530690939380225 0.058583596621479606 0.004569998734060936 0.05 34.71320052681966 354.618376756586 -362.8606375946678 -275.10977795710056
222.98235386273288 -49.70824793541811 0.09546624300031348 0.09803121588477906 0.05 14.202144206398357 156.98494506416648 -376.0883949929697 258.4178418650803
275.36250324185056 -11.625581591554594 0.06465729600672887 0.07768487496934574 0.05 6.298654419901689 225.95406029398998 -68.28269761896425 234.83695918319447
5.7323874113687125 -9.543011602423974 0.05207735590904017 -0.009569997150827953 0.05 18.466032004489282 105.03843882447912 -565.8732199092394 105.20669617255234
65.76558962903871 3.9238566754501623 0.06972952400399834 0.006006907913436669 0.05 81.89326803154752 677.5688933328146 -307.1557235486589 375.0972482287639
72.48679689446914 -10.612205681922699 0.07155228816731318 -0.01807234677342554 0.05 0.7968019568067226 196.369323019963 -276.5270444590378 -101.48993714945144
249.64631498172878 23.992789227392382 0.09036681774569222 0.005996179969787392 0.05 25.530950581410877 139.37144576140176 -192.664181750507 99.49854026055434
241.78659137039057 -14.282672097995041 0.0796792221310112 0.015409516718801246 0.05 15.911655273169968 93.17768811737533 -329.4006893671815 119.84867714667541
278.3521801774149 -55.70168648430124 0.1115225532660904 -0.009691094698150783 0.05 19.246591488444178 221.5650295513018 -24.92938450509365 351.91281196905766
240.98373584792185 14.201875142906758 0.07973687535260798 -0.03944853427016241 0.05 48.13251339969141 198.36661796295664 -479.4269110865284 732.6311890037381
196.43230084600233 28.968465179737418 0.019307791963529608 0.014881823634931658 0.05 3.2347287849141986 348.6691840912226 150.71927762974326 -179.01918568598018
307.1703242262246 23.96095112565498 0.05604115067245208 0.0254973061978674 0.05 30.67383947866051 -213.72487708554456 -455.8999250200304 -42.89812325239599
147.19446822235713 -34.26583231829882 0.09947879262562087 -0.024833236058367895 0.05 8.646205855930477 58.64611412583392 -575.473133613289 187.2705382150756
337.46581490015603 1.72301317169721 0.09047809478608282 0.011577804985866965 0.05 6.863707574190859 114.8003872831733 -186.3901233299038 -35.19145181915668
6.486773241100722 -68.36625665567203 0.045934091220760864 -0.06172034056168884 0.05 27.054360096871864 181.62110432660165 -190.17342204986807 -3.0013818538367687
5.2340504099692104 -38.99648995195723 0.08630235680124998 -0.02291566015808998 0.05 11.777092956755489 94.57847627140423 195.23277329547216 -147.6290332137995
147.41989598189443 70.2900935453053 0.021351157540268506 0.05747651417909044 0.05 3.3502750908891494 333.2724405998058 -390.28939002384226 -76.37007693445175
215.88883201224056 -12.978350582213153 0.10737213638591436 -0.010116052686998523 0.05 0.6340480244593102 64.30281261677396 -326.9980535740059 -152.30424984302243
149.55355076535176 64.11373278139817 0.08048453233082586 0.02346220999315327 0.05 8.50257215558719 149.38742920377115 -273.3062116647873 76.40743197599785
219.6358837751597 32.80100741212505 0.057138564086533394 0.06776152625420682 0.05 3.01517239773541 -89.85540303262695 64.75274914058457 -75.1140553214542
208.57635719006853 33.2064482556357 0.06481179240557777 -0.012756101025043116 0.05 88.07316983015727 263.6373696823898 -417.3200324386151 44.16530567338667
309.2654946013415 -59.562673441337566 0.11276092604283772 0.047175981031255275 0.05 55.92878580069099 420.404991119157 -402.76613833619865 -214.7955643755585
198.62858857792978 13.335686907701437 0.045807661602666805 -0.0801334544693877 0.05 8.305249058062051 534.8815523002469 -6.330372287344744 -243.06444263657687
331.4304578881632 23.528826092991785 0.060956549105126046 0.016051674480196836 0.05 46.5128861846097 194.45682996396673 -542.149905691231 -7.953710588828699
333.24475005081575 -3.610457230235774 0.05943854700481843 -0.04770644830417452 0.05 5.632628889069952 25.391000643924713 -393.52528082166475 110.51062094753445
62.728795619716436 42.83627100827822 0.04548844695669785 -0.05391250693962847 0.05 31.991498142559387 416.3233043196479 -392.5691106400683 -210.6914084596853
322.7652583959541 13.161437040734565 0.048611169244056285 0.03587824167512751 0.05 3.5558534851734453 -29.830587006605214 -398.6340828801383 159.64749762825613
298.8434752463693 -13.544583893413678 0.04993741045779898 -0.006827423140215753 0.05 13.9239113583674 185.30340455755342 -459.58090256220765 333.98147445391777
339.3810361490936 -21.090116022969326 0.05020302118420239 -0.03373465501687674 0.05 6.680115620202999 49.1450373685085 -448.61369507064137 -203.99878246841624
335.85878507310167 -38.169266976870084 0.07895487174613569 0.028326517852630417 0.05 33.46409123952396 66.76064794587361 -517.0675839370833 -135.4633306929925
285.0999977650598 -5.150655430218101 0.04877971723439334 -0.0635950899674384 0.05 23.29577139539287 58.25280609134313 -102.10828207740681 186.7572854745697
75.6830032963715 -37.69869997970243 0.10619268513708757 0.004844896063244086 0.05 25.82079151794715 140.65787257783367 -591.2812985958292 -165.2821398065714
83.40566518792987 -33.55085617309543 0.05789600441611187 0.010231153353650355 0.05 16.010230707981016 236.9550813330892 -262.6245372733613 237.9764752205183
284.62110173289574 44.479762909293676 0.05612136652518851 -0.12490798673737666 0.05 2.5364337173080247 571.9473473973028 -16.34450703133973 -183.39661316302843
143.9190224760657 -51.89078808598886 0.10087187949807297 0.023934694209623755 0.05 25.407762619429025 405.22178744383723 -372.0107663642917 -17.177050840830987
200.37619423861094 -29.50826497551524 0.06213324084581995 -0.030169493352076852 0.05 3.471857626026397 284.3823869298699 -456.3577474373735 139.12188689047048
36.29146366626874 -35.465470074437725 0.07720888672492321 0.05054696864617085 0.05 15.461154018163711 -90.44869459552234 -135.14502493019586 -157.6457557708786
352.05800934877317 -41.09124171408053 0.06569028150595835 0.011903790132969539 0.05 78.49897539070822 24.533163337448315 -37.79269715376478 -78.87160975890112
86.92625687921114 -30.807962058941033 0.06356243390178817 -0.06407688861007119 0.05 5.5357903928166285 -30.02780649257653 -338.0069131846547 51.304521629819234
315.76290377585184 68.14905650306186 0.03772420653862407 0.006398275263498126 0.05 7.146170577232495 109.82728939271692 -242.77850205275433 -49.72182886562213
166.33266584288322 53.995358760773904 0.06991007985066755 -0.05979984387632853 0.05 69.3335313673014 361.5884976656754 -17.11816190783304 175.1886836258992
269.3596736490327 -24.142957374205494 0.08038270625532618 -0.010855186810115262 0.05 10.722429079980564 26.585959571964423 -43.525338919205524 2.238595506838003
113.5041169516805 60.4348406961742 0.021090392440002992 -0.1216507897941774 0.05 22.476218779481876 336.4858982430176 -316.5915994213371 -113.18308011182711
66.08416313548011 -29.16032739836756 0.0275818878689591 -0.056700208119669124 0.05 20.061074534941877 192.6347352801107 -141.48510968428596 11.90574311770851
9.11699720302863 -19.84959094726303 0.05258758649756046 -0.06280945147996737 0.05 15.752775053939265 218.703148278429 -388.67271331875435 209.14773009729532
311.4115470317603 -34.70792200817989 0.0788459409030513 0.022351065662587884 0.05 15.606331804903657 28.317975166808424 -529.7093945438077 -222.5808527941066
76.56762049117941 -17.643654701064804 0.04895147822504087 -0.013133670563432356 0.05 2.096654118078858 263.0854957478375 -284.7437586286789 -105.210529851048
83.75544985367948 4.739040246058994 0.05766156653295096 0.014940157471298477 0.05 11.711882264615241 46.12278764823864 -291.6256684686049 -295.9247375679054
285.7592490329818 -29.14177683324845 0.06397679114787125 0.038603750570905926 0.05 10.309576814558097 -53.52644535583204 -324.122674934482 172.06224200903966
8.114941930571849 53.26092572133446 0.0712605091885703 0.014497635654697765 0.05 5.734941187538035 -72.75516422245369 -586.5273526258784 307.0913750199584
78.08648379712582 -38.56304532703699 0.11081327093617466 -0.08312384354783144 0.05 15.81031563041007 268.23593774649987 -308.1687380882027 5.476627455350297
32.67281974098624 22.20856148881203 0.022885924556885318 -0.09001983452615508 0.05 2.4565040867873043 106.28488556303553 -571.9996719338503 -40.887515250749786
76.57074299415082 2.259280834716922 0.05957341061857835 -0.010141525229441985 0.05 15.188568099477756 647.895386905257 -151.96506563685227 244.14686569454113
124.00129920709364 48.001218882970846 0.08211834081701364 0.012807547038570632 0.05 11.11892006012911 736.5953075360634 20.293102862732837 352.63289279789893
288.4187687919019 -5.916461173337276 0.059460217936419424 0.04401097098098686 0.05 3.9947601554063477 -23.115559870660633 -260.880651285912 46.645532319551876
162.30656712096675 -51.47073091873039 0.07460065083564782 0.07279892398710802 0.05 12.339085481443115 453.0107900990795 -106.94740898722267 -92.52280551656048
327.56720486536614 19.98375596620956 0.05424261802085395 -0.011678829169873109 0.05 6.199134251434631 293.14936184014675 -89.53209084427667 434.14001548680136
123.57210475027296 -71.83400222739374 0.05954636535946389 -0.08469791988446049 0.05 89.53187058342955 51.53482221344555 -345.40008647720737 302.12803708228205
145.17335940356597 -6.467021236041425 0.09663006542773278 -0.09336849464632899 0.05 8.116035640486256 475.42726496330863 -358.39460618961834 18.087743277625922
242.6469209383966 -67.14501861896059 0.016591982318979737 -0.04055467409930423 0.05 102.46574543460453 77.62728291666872 -379.01227499637184 -70.85017076731364
205.60575470080565 -17.843728214007747 0.024504976183822746 0.12299473551002274 0.05 24.030646303731437 -45.08913936091497 -445.8015903957388 -192.22783264910396
184.4669765036935 -61.98301283906322 0.09857924999003753 0.03634396778068519 0.05 27.488878090630877 -79.29214174321538 -251.58573744945392 163.2890955235572
135.03985957596183 51.263683681522814 0.04969144054993424 0.0506476713053849 0.05 7.192594521366075 426.0863315504124 -100.16327666283439 -181.92033416057112
173.20815206389543 -3.4006918311985257 0.08793975211116911 -0.03974762256423262 0.05 45.733576490511894 236.97748145594585 -406.96029584738295 578.1050825273275
292.7242300863177 -44.35405542956415 0.03583817428650704 -0.042619340604667745 0.05 19.6966253901189 122.87458128005777 -315.63226101730504 232.50283856749104
206.06172158541503 3.2506388007902136 0.06872504567227056 0.08607664773050303 0.05 11.395744504280062 81.65489498031111 -611.1225766959624 -195.29892275020825
193.16568025470414 32.25970697096926 0.10882582761400861 -0.006279477697771579 0.05 9.153990684380485 532.0622559098786 -247.05565095442495 452.01860332429595
25.086078678785807 -30.749622170381834 0.09029974278458841 0.016098511730916143 0.05 6.277607923147455 114.88462862819205 -311.8792752805819 96.4081286159951
74.24220867268619 12.958190466245753 0.09693804901436764 0.06854667010835322 0.05 38.200494682924415 594.5368052401675 -235.9951224271719 -174.55534343057866
241.91940815429876 -38.86192123203535 0.08099338906797038 -0.004118209117136283 0.05 14.081033619085622 -127.39978869240377 -391.6588980898233 73.9909732067915
142.55690945608143 65.36112775244447 0.10939125253974691 -0.024853553359589633 0.05 111.44998337481516 137.0461293702287 -398.16247341021904 -104.86049775046374
105.11153188574285 -32.80114369520519 0.09977031608212883 -0.024265032657451457 0.05 36.581107018216514 473.4701545285356 -641.6069411085307 -116.12904370998857
355.61739524365885 -27.353858359081467 0.07871888987002396 0.00899510527908126 0.05 27.028065654566873 -153.39324675473546 -613.7442521845428 41.84931486360984
313.8780826901817 85.46709546044693 0.07247665720555507 -0.02696739931296745 0.05 3.9802210130954747 499.8711899372472 113.01054054542527 -248.9752949065583
69.36340612558483 29.752659587769717 0.08668117191208191 0.06977273267269082 0.05 22.371602959150955 283.7267435334029 -235.76551987275985 378.94613378946076
356.0642575021858 -41.32597833213781 0.0323529349623084 0.10139968682489116 0.05 1.204260987065217 114.51544149223416 -107.47807215720508 144.90213796024005
352.73348333288567 17.47092871850626 0.05634333074622622 -0.08342096379165881 0.05 18.311820529546342 65.45627868529647 -182.9407931180904 -133.5634714147296
135.24275246382305 -64.89634468315894 0.057508429878488476 -0.039057894613992276 0.05 24.768241525985733 -78.49999002176935 89.87839509082812 165.71043320447654
59.39024320896784 12.787328801195796 0.10594969860905268 0.0038409811630413845 0.05 14.637575185324579 -9.826329593455966 -301.11254831935895 -377.6947444111198
98.420955355494 -0.45030293895409607 0.06334051048316858 0.08287841716150728 0.05 7.461777969643527 108.64108291637314 -167.66100650739924 -37.46044674830847
256.2726431179124 32.83862063091461 0.11238739103974171 -0.16617497634221248 0.05 22.91679903310348 -400.2372769122221 -243.39532593491379 -7.745183361706445
329.554387817591 43.27019895929684 0.07683989461772 -0.02741846141817015 0.05 13.58085864126773 353.8301144077714 -129.44975673206454 -272.2675634482017
231.28679150119768 2.002108028322034 0.044381510121789036 -0.002811127975445556 0.05 10.228860205206805 -90.14876181216584 -153.1544420320652 377.50260356857564
96.04086391528435 11.723893577797515 0.0950051781153507 0.00873195588289751 0.05 5.519681533493587 392.90065995944224 -439.2468870162219 81.68426713350314
68.34939637830256 -56.18166070022871 0.07802525733686494 -0.009549230900699422 0.05 71.79910457307152 -92.62086086925109 -135.77168777897103 293.63191385406077
147.64570154660166 -9.69405820379988 0.08016361406612593 0.03394225826324639 0.05 5.983711171480274 163.85813923499697 -432.48938428312397 239.99412965122988
174.69587915744432 35.10546766076352 0.09743624923088912 0.03447475567753776 0.05 34.60720850009521 260.3010722420307 2.868662026199388 231.25153815702154
131.83623231841446 8.226322705413676 0.047780574120103836 0.04034134467554913 0.05 214.38601589000464 -115.68792547404882 -472.91980889051615 93.58016157934561
221.527045041821 -11.825765297537798 0.08414916098458924 0.03744296428109061 0.05 2.328815883845181 151.47637155599443 -273.8485033901221 -341.5602902655759
308.9617842395063 -37.46981748597951 0.09376083497405618 -0.06272106506274917 0.05 25.123977348145026 180.43628098257565 -420.1081167637972 310.63690398677676
269.0015476158106 4.70172175771286 0.09565854033454757 0.0795112259812977 0.05 3.991041069662603 137.24866755878776 -201.50686726673436 367.59152612336135
346.73539960759757 -47.863021996614464 0.07639430907405242 0.0077751227424327825 0.05 13.372612127462581 238.43414482336087 -416.0852077322051 211.26618464582887
111.37926114417382 -17.125792394489512 0.10797534299681844 -0.07183567931172709 0.05 2.3727647220825756 657.9956089662464 -130.8069555236743 -45.31220451885581
224.39849533951445 -7.714268121843505 0.09318196759391428 -0.052340475904993765 0.05 24.141591088892827 -88.04593823672786 -351.58657878513327 -25.328035586061617
8.089559836360078 -10.281166786232982 0.08803790227016184 -0.08447707282160806 0.05 29.160208100605825 164.71357182975072 -112.28620860785273 279.4603133429961
259.7392375729465 -57.87742853201492 0.0879913682422524 -0.04187180529269984 0.05 3.691239964267604 463.04898242671464 -243.64135219889855 -54.0185283263781
252.833653955147 -54.539129895315895 0.07093851944935525 0.06316549604636723 0.05 13.159802393024075 -18.790321476746414 -55.81426976450436 -56.09452822570624
347.48577640788494 0.9649093295128801 0.008573756531799814 0.10185444709454892 0.05 8.54017736732334 370.84617387760886 -445.91822285458187 94.8235863147591
326.7999212667745 20.683104633174633 0.08869094780435471 0.10630997267421974 0.05 5.632628889069952 383.49184714843074 -389.3447699047384 70.5644814428536
34.95918586382853 26.063770733295065 0.09660462234137723 -0.04004097372397736 0.05 5.763634151441466 56.16988489856084 -642.7267278787285 -141.9741499968741
51.9408197865196 82.15950726419669 0.04324064437395725 -0.033015430821555475 0.05 20.743746025598064 297.9497631078701 -534.8067197182885 73.97215061245402
204.49701532171716 29.36891593235651 0.030053376736692172 -0.07236080642490883 0.05 12.070363448593227 -93.82944161820319 -569.2273696834001 -188.04794893386494
273.54836807265156 -47.01050218210971 0.05707372302820324 -0.026408447649406655 0.05 27.202958924210563 363.3698415704454 -42.97657558112229 -243.20941151390116
357.2294674817951 -5.094481978704536 0.09051229782874204 -0.028839548401749016 0.05 7.089301685660582 -61.915738817163344 -242.00942503345647 -112.61380219696545
174.5460318596875 -40.610096052936676 0.04730728100082637 -0.05217481561797516 0.05 24.285827915941617 41.41674765132689 -158.90940635279676 354.9125287203173
256.460387873621 38.353675857679335 0.07750098303995334 0.04323588210264069 0.05 10.985649406766996 425.4200211712854 -58.43861309295883 -125.66116245074164
136.65690546572557 51.271837590174854 0.07460181101780528 0.07043171084913108 0.05 2.2196194135216514 64.45960548861368 -305.3144099065842 185.92996648762664
154.04588458953725 -52.769532350353906 0.10115831522268404 -0.03931843125870772 0.05 3.843607271994799 -189.76768445064948 -286.82442345337034 -32.60870508362808
47.81873796558218 0.17635366382444762 0.096757591734705 0.0542124360657338 0.05 26.46755013647315 429.61346668183626 -370.78729940832784 -115.2802202265861
262.90711658875585 20.43001804791294 0.029143896878592868 0.09861223364897624 0.05 47.4383134245061 340.8578255600806 -206.44884587278102 63.90054046956759
198.16958946102983 -45.881152086330616 0.05798599032383933 -0.005343775525776881 0.05 20.5860979032961 377.450940649773 -291.1209480971754 -311.13247618627844
83.94891108680933 -20.090995724726707 0.0908837826329183 -0.02404504856340328 0.05 37.67964653861256 217.4787161429288 139.11122827792389 135.65466459774268
199.6257528712184 16.316215750245213 0.08116574623347628 0.046395864713109254 0.05 42.71381221985079 -20.456493078091626 -58.93806706355514 -23.393403644786645
69.97163796719038 77.38748765571653 0.07916467506393143 0.025040794636888675 0.05 32.287372048262554 424.2336125627256 -196.6948363297322 143.87286482614007
245.7283496745775 -13.406056079096949 0.021495949224348276 -0.043001333677469424 0.05 14.874491611717687 56.95558243093703 -178.29225763551432 53.47055336101645
301.69722395026383 30.314892927181685 0.0867899270892254 0.09833323829140532 0.05 7.775810962299279 201.4480540347901 -539.2934270865494 80.47443586391566
345.9274645057197 64.9503998153485 0.09683662781634061 -0.03406900512801524 0.05 18.47665067774281 180.47706145955362 -369.1422899666848 235.53768434640193
82.05439671388413 5.5327263360259265 0.06382789276992362 -0.07097997694434077 0.05 9.577489006760453 144.29718889806907 -162.40314658978858 20.48750459818127
325.427439838907 -13.729934369640228 0.06812240713251372 -0.007839467903757457 0.05 46.958949318401295 12.343738030291718 -277.00619012151816 -136.28894476727277
292.2765252034925 -10.164614820291105 0.11330078993521564 0.03919938627255213 0.05 18.348597439609065 176.48280247878927 -221.49031555787784 -154.77872485591334
85.12350949131593 -10.635872131318216 0.04584136453499288 0.005989143807041509 0.05 16.19505530109474 223.19804982049544 -336.01479341881975 -62.992591409399196
302.4851526468836 67.33323864515316 0.0579514479240375 0.028828921266772018 0.05 5.818875727413671 210.4042477807903 -306.91028327992865 266.2661530251471
299.91393306555807 24.134599795814207 0.08797830504382631 -0.019830231425183125 0.05 6.337623109819864 318.14155464693056 -226.2921772642189 57.62775773635636
204.65831087892428 -19.228753426299544 0.06264809310771824 0.004360856523400156 0.05 25.72085981646446 120.78200289571996 -557.351921239461 49.301989013000586
325.0622832291763 7.800519301748182 0.0663218055310153 0.014025653094095373 0.05 36.264098133095544 194.73968420930828 -205.26418085280403 209.76538378479398
326.2118909829376 29.69171850782895 0.07215858723618118 0.012957361802660702 0.05 31.698941014119615 189.4043892218512 -310.4660981576787 138.56261738314137
116.82297641396265 28.28691782933259 0.06575178518767322 -0.04961393385317248 0.05 42.887991014915606 77.23208759692145 -360.52411140492626 50.89644330317365
9.879935272574324 -67.4471360866047 0.037692384186134076 -0.10042191716836749 0.05 2.0151142558271196 572.7440552245394 -437.0053579097454 210.98511405467488
329.4511341536449 50.753447689483124 0.09405042841554856 -0.01581071405192717 0.05 13.535237242615002 79.47533440587857 -84.32769126903011 -132.37820532565493
222.1748893735724 -15.365403527170868 0.10053397235340644 0.14408280624268852 0.05 20.546367806981426 446.1688067399025 -514.2969612930656 193.05007553425472
132.94939834087148 -29.51283309623187 0.08256226467229522 -0.08540511452666244 0.05 5.762383909036897 155.0886053856505 -71.5079833643307 153.84868581000018
167.24540709945924 24.273869617332313 0.08236570584771363 0.012249183552931265 0.05 1.950000177283237 -50.78084470045857 -584.3129296682243 287.3371733493459
187.18476467585478 -52.027255395860514 0.07255190281147406 -0.0041373644834786436 0.05 2.374588206552294 83.0330367564009 -275.8650219651368 -99.04181648951337
96.20967468647049 39.62359704545025 0.06533612038519498 0.007678730205940159 0.05 13.622284240095158 56.99117332203599 -34.559816936252105 -174.37263907367617
27.575946848128044 0.02479805364657789 0.06855236163824552 -0.0994595990163778 0.05 2.8716688565700332 399.28971188598666 -382.429294787433 62.55892647944444
23.803488140753903 9.78326043186475 0.0877230212718314 0.05711326304926448 0.05 2.109479093518618 48.09883680342901 -545.0338838464587 52.4096430892119
193.83127640953987 -16.854001427044064 0.0912263158246771 0.07964735933226999 0.05 18.137446613213477 99.76982642930925 -387.8914772416906 114.47845303350975
262.93361854707814 -26.286746884510563 0.05117508772447965 -0.04810412318276579 0.05 16.59237371072243 365.96956372237355 95.99638910516535 -42.236871448965246
223.6289525239574 -7.052361754750745 0.08736583867707681 -0.01078948778254917 0.05 21.10770762014466 -85.32545183137995 -14.717440376762227 -21.17448027980228
309.8586861621937 51.173469843597964 0.10777548989748342 -0.0038148388389683445 0.05 19.598754041600255 207.82259336842498 -216.6477708726661 -48.345575103456
246.0456475502633 -22.514538032140557 0.046557215048799394 0.045895054634425336 0.05 12.881316337290544 190.0873603563606 -393.3641668092831 -50.59787274995848
201.50631811704997 60.65747905868873 0.0485534953480784 0.010621684762853753 0.05 2.793518111775155 84.92839441250366 53.99308428165756 396.6473834227503
269.0975189533897 17.15804184317815 0.08689114438565304 -0.046445674513962754 0.05 15.878900393162256 154.00006578679728 -258.4607666493215 -75.3826449597063
110.4372466398574 8.306210003474906 0.035246857256488795 -0.030617185602757356 0.05 5.221606302888262 628.2029232855581 -281.7129110218949 203.8834939564663
95.82392117323003 13.053636876958437 0.08016105116775263 0.015567577926910076 0.05 0.8449344053521798 88.21999383097116 -120.14823190346709 -16.99725619936042
221.84840974310458 -7.339408365263933 0.0577579510116939 -0.02942322645690729 0.05 11.330636735088502 463.2402438598491 -557.4945804445069 111.77746749037746
161.5044910991279 28.6446440900169 0.09123856377848782 -0.03883242866544234 0.05 14.47673574986009 222.08036728621303 -253.82066852455125 -269.40723529521114
5.6676105605466445 -57.68812147515616 0.06895871980405244 0.028241006273744755 0.05 7.33741356348262 -17.59000512357227 -348.3224696446653 -287.12032369534876
72.71575822544901 -35.474470932464506 0.09246997406432134 -0.0028833481264795707 0.05 25.35214935894523 3.291055830639209 125.31301695370252 52.86625075824142
264.6882094563578 19.16237484756381 0.06258555723717896 -0.044357494224791016 0.05 24.91006661931256 295.7490919854933 -458.44210277796253 256.8463370084437
108.86092705950423 5.578850256985116 0.06965634836118717 0.0652024973028103 0.05 8.929714414411041 255.03169752488827 -369.00933766764734 0.41457080728343954
78.80180009758473 23.533056527585927 0.07587836551734606 0.009566211220890457 0.05 22.547309322206104 296.6513534852887 -537.5124730419161 110.10411406030089
165.22904154999227 -62.986017641139874 0.08611229292219735 -0.03269996367756582 0.05 3.099554929496235 474.00290343699595 -164.44497146388184 393.64793292811584
347.5271349408014 58.88878756439938 0.07050223863650729 0.0027968411994856945 0.05 23.142516570112694 -50.88570482678989 -212.23427026006812 245.85278431259877
9.36882772326958 54.54701895273514 0.056408852504804985 0.02393103158029729 0.05 1.7783870819671568 383.19988174480284 -366.38473325582805 147.98345679262434
21.4672783787943 -8.72328458704068 0.05129066895447121 -0.011964281459916147 0.05 15.477990951590655 15.428810264957576 -423.27404968678854 178.18677903316325
95.04753935084105 62.73734545148967 0.08518268080689562 0.07713034439094449 0.05 68.80399904233239 -74.17216357134942 30.001876658168953 -441.47885935960556
306.799527048953 65.57726453375287 0.10935296036144226 0.039193687638017206 0.05 4.188901804607957 613.9662777257386 -1.0607485918160933 26.510535011432488
141.91185780008652 30.81135097722586 0.057782513773140254 -0.08396679715258433 0.05 34.80776346556471 262.6055405048785 -13.936279891460913 -172.65754847142412
103.05779211832325 -26.278045533416435 0.08067417778346941 0.020439847813781407 0.05 14.129053473880958 182.76858461493975 -246.62288122324313 -29.32258634664241
8.346324101094636 -6.133768417635953 0.03215325930802382 0.0564086108790783 0.05 22.72292841232558 401.6043742836378 -190.0505227505002 133.99227173914005
133.92358135489582 -72.03704355383574 0.056034222695195535 -0.06562266240298005 0.05 7.646319947762103 214.27178412179424 -271.88861070595783 -315.0392551939762
244.28911483144392 -12.874346479318234 0.018119272803855502 0.07419400750616932 0.05 2.185019084944384 -53.34781783160855 -246.6462118131344 -337.88672575967695
167.6894799400465 -32.51541729116906 0.08579194596253337 0.04357868019378113 0.05 6.786652322429955 -223.86317430674893 -153.50117628770917 -289.3780087453835
324.162771436067 47.883676409033676 0.09976673781220247 0.1418848711442648 0.05 20.179441180275127 361.9816052549306 -251.39797757629958 -88.93800925589701
305.02383804805146 9.707882026007072 0.061870767365368895 0.11545752074067799 0.05 26.8523278667167 530.9601293968597 -533.1467637662646 -131.54106415878906
319.75017054930515 17.19595044326582 0.08725145581902938 -0.01729193737666017 0.05 17.007807379396816 114.82025963564266 -281.8373814751041 -192.22172457189282
198.75648864837342 29.129421429751638 0.10501271591105321 -3.629299932419051e-05 0.05 19.306391111367745 495.91422286054603 -398.97865103401125 82.10286491381476
144.6575893419199 -62.69455607704858 0.10108712682804266 0.0024645208267022856 0.05 6.3894089582268725 117.0890390878338 -331.8483644775191 60.25244532000667
124.0704283086502 -20.199805293728968 0.10334602648372404 0.06219454637218757 0.05 37.236748830018875 329.1072311169032 -474.1443332186469 162.4171215279793
81.68027118745336 9.786968657542234 0.049781517372849526 0.015987792372312577 0.05 20.30682995990568 11.23166140220627 -415.76953350057187 5.512854046775786
358.37754388641406 23.793579003019666 0.024690746176277978 0.03340945228212696 0.05 23.001723187474543 257.81896413827656 -145.51192920819273 -144.1040398595448
302.98331696110813 -12.744745397265907 0.1098719652536555 0.027718123646343455 0.05 24.187704440637265 237.47593924974066 176.6681516898272 99.71426010215532
35.44895778072805 -20.425661685674783 0.10966691472839996 0.01695688916662927 0.05 44.79515189763253 252.642478068726 -149.78121079250016 265.22614820808747
100.92841813211979 -52.832418484722176 0.08183684018878523 0.04218401989215505 0.05 10.226999292960455 243.4780569438759 -185.38987538759375 -386.7627697274898
356.3148566285246 -84.7928015786341 0.07209018796047428 0.05121410849797402 0.05 14.578920352357006 361.8281848883386 -595.7935802564969 -153.06823549328593
87.96737229913772 66.42008176699936 0.05913227109070607 0.019904253000878062 0.05 14.42606575711149 34.508614153752205 -245.0770958798879 171.80469094109924
287.39265010562985 -1.0733004374582809 0.07834375410114247 -0.010438981613591424 0.05 0.6105274055669727 -389.9762656389796 -207.38964478631044 234.55829295303172
26.398954008911033 -50.02785566451042 0.07192109453578155 0.004296175561003535 0.05 45.69753913786459 408.8553836661275 -293.54737846149857 134.8529588560043
2.7780066929602962 -5.956443881511451 0.04951925820405534 -0.022984215302785934 0.05 19.478159131507542 29.723350104071784 -420.7303229186258 191.51401668908466
153.46441677065192 10.062477066791564 0.10624878419676675 -0.07843896946787116 0.05 11.04727211039193 260.65933279425116 -294.32457246846684 -336.7658558494704
306.3122503184031 -14.377345563106616 0.040830736880332896 -0.06578315093788843 0.05 56.681469358079646 -215.34975215514913 -378.24172672739 -31.4392431944227
12.131389930131286 -45.96334344605764 0.11253657037824993 0.05252490585418616 0.05 9.944031004231766 -147.4940285015944 -109.68936633589757 138.1760039138806
356.39479445683884 36.73304009526995 0.08075516832344976 0.02190498597186199 0.05 10.976019857655059 433.5053636099814 -216.72380400272348 72.71038250954994
355.16025395207953 38.418018369715924 0.04063446709602103 -0.023614758500955627 0.05 12.972244524747405 366.25303083356425 -123.27279025297312 -229.67045131891837
309.9668305217862 -6.1447556360221185 0.10619320007111388 0.03379565791222837 0.05 3.1926991954298174 518.2297618648695 -394.72673923716087 -68.09757408454931
231.19993676555953 -27.792523516335905 0.06468350681863755 -0.10025110392353838 0.05 10.658628797535398 474.8662745651994 -359.28820640725934 15.785707299488699
147.65255946422266 40.95880380309287 0.061129299582765695 0.031188013666929464 0.05 3.3966630517583347 347.54170328083995 -645.2277037154063 413.1193031650015
161.04968179428658 -30.1300517920134 0.0837266178414533 0.09157277449859455 0.05 9.43404722317725 170.24877809907798 -186.14598541665418 -420.19969994923736
116.58651134678213 -43.39877982173764 0.04033596013456009 -0.15088756908237197 0.05 2.8322082293061794 417.66202262656566 -386.3106081149066 369.3277320540429
216.6592697082929 22.67596451307464 0.10573465045721808 0.03447744399281944 0.05 8.248455504550124 438.4430530886656 -193.24685891264858 -51.12890610923759
30.04776522795876 2.843969236562153 0.1094224070556924 -0.007155275254366577 0.05 4.2401718125832915 121.50990431775872 -484.14006063591387 228.15933019792138
125.84481637346246 46.011506963317615 0.06334768854890482 -0.04945372990770565 0.05 49.667229654048214 542.5350445191157 -90.3519030200346 -20.101677771767726
182.9543536436523 3.8718170375638965 0.09022101533358518 -0.046065640135891095 0.05 17.138446187680987 478.55690491427396 8.552126031619423 279.63905982944897
187.93315502598645 54.736543918380825 0.10284368234567842 0.010265576017304053 0.05 20.934067522730928 435.2608985529254 -79.3533761524229 -23.014023728501726
350.3582126770206 -28.428802945913993 0.08907255061460706 0.033124926569223063 0.05 8.579196237843636 233.9897448815486 90.25831911596975 196.83396924580708
259.75852063438214 -55.17456976887387 0.09920222038227444 0.009516851101129778 0.05 24.08541942687299 -11.864746065226456 -264.4542967640531 -626.9171243980402
319.18037879158203 26.415233601084946 0.06568867722983107 0.003265122086378816 0.05 14.173649452781266 182.50299055190564 -345.0143155958269 67.75672211586007
79.77564726140248 49.04473505572809 0.09131093638107246 -0.08376088998189506 0.05 3.2485687238738294 158.59664565937982 -186.4051974802997 38.95657208649786
30.4019398184036 -20.032840166248032 0.11399417950999347 0.01626860938588014 0.05 3.93983969723585 73.48412986259906 -337.10472924991666 -92.48943098228636
323.8425526016879 -68.23262882808228 0.07638212806238776 0.06745279490279135 0.05 31.95371362608185 10.50355384064676 -68.84265012264171 -132.45664537929247
212.8051111958972 30.571948381810873 0.03689977608990236 -0.009299560081050375 0.05 57.88728509908734 367.84835730792406 7.331675486085885 150.81012004320786
11.253594611100121 -2.759240546024583 0.10793813282714404 0.025363741981671073 0.05 6.353475897167338 457.9494833681732 -494.168832435871 -61.83737775364149
304.90738738561566 -29.163629465425004 0.021909260080626325 -0.019812831256464675 0.05 1.0844881612162471 306.5734793064187 -57.373902306504476 -175.5593433218769
341.68125533599186 10.465415221555226 0.028741053741757616 0.09498521211456219 0.05 34.47421295199945 162.81716029025864 -260.68521224444345 200.41987207317183
311.0169629458127 16.39629588725869 0.09082378637758515 0.021941951387262217 0.05 15.267044206582261 194.0600591507383 31.1250247964241 -216.36262425888498
138.0040346573945 30.549293376562233 0.03822343700599773 0.030758857862167196 0.05 25.72085981646446 220.203530295315 -47.69892697517207 -96.38645001116774
211.53008100407249 -28.415848605588515 0.052139164649575465 -0.06469957846355098 0.05 10.13397388434427 91.7096934071068 -207.43958712643047 292.44525159600823
51.656735195820616 42.764471852336754 0.03078202105167649 0.06456003598164449 0.05 18.821476979216737 -9.630157591677204 -346.8574736808433 172.09031772618775
296.8140258899686 -33.25314086977041 0.07391348974502399 -0.061375228616265126 0.05 17.90834579313398 350.1694842118789 -148.0254256638759 184.05500813483422
9.911737390039292 33.45301002089657 0.10222158629767497 -0.035296293507550175 0.05 25.39313373681427 334.1089225647273 -358.37054410859804 -89.8550131485039
4.425567008414492 12.229990844672336 0.07110305131995287 0.033752657090145785 0.05 14.821173343317316 143.32035766489153 -140.6439687956786 60.19211792024981
258.28966726342793 67.07045015284487 0.09863101163581045 -0.04514901691082964 0.05 25.515476236864984 192.8028619678057 -473.4748973260061 504.3094406563906
95.45706893724807 27.205207459925315 0.053220342766823414 0.016022337551938822 0.05 12.467734792620348 187.46637349425163 59.73327984229604 52.64964107265925
345.1370252407154 5.6785238051256774 0.07751224596236161 0.022489697413859866 0.05 22.72292841232558 474.4454645272972 -80.88641188483692 13.463915367982999
327.6532549029874 53.55425812785337 0.015194675448714001 -0.024824130911716195 0.05 10.727868141101586 289.2993071323119 -308.7255076033412 201.4117397776925
22.02720552466131 -18.945022850479464 0.08803644102906505 0.015826385372473634 0.05 5.4969490880067085 255.976055936457 -347.4589461921166 75.15094265880637
83.75393195435683 -44.49638607523432 0.05827061032522951 0.049040405454700564 0.05 16.27436461648659 -50.7915395657364 112.8954782658356 -73.8960087012907
334.47978133702156 -71.80186619377683 0.08543364375727891 -0.08676012462865298 0.05 19.070347074280914 424.937901759033 -131.5044320902806 112.69875555441337
282.8339720715843 11.726375044939862 0.11428908180607555 0.01011064361785598 0.05 30.711441390981115 -32.61710865458829 -285.0496876003574 114.50117983785603
355.64919486207936 79.92400774477221 0.11015912668219108 -0.006679618573705099 0.05 2.541199130797075 -33.12646471107462 -120.75103631072406 15.138715762241283
23.241245763635924 41.456038755054145 0.06351152748154876 0.08277086970204556 0.05 1.9798273503330723 313.5070507939989 -344.36165477120807 153.86871576945407
47.1460833624475 -37.92559344658544 0.029901218514073014 0.05678158902385521 0.05 1.394004566567449 536.4640856643814 -7.272825181746384 -181.1962501633068
124.55881341328448 9.455372581966548 0.08082542419139638 -0.058302564369942786 0.05 12.722674915718668 367.5775074195594 -241.59560981093304 -425.1358911386558
331.1522050790193 -11.25459371459397 0.03961898007405584 0.027470655797448014 0.05 21.104693892375412 120.52939911029983 -369.7349016467389 67.67058098217576
325.8736797328687 -65.18393230557128 0.09853776320034613 0.0788055471935005 0.05 30.643599328720967 36.97160600398692 -21.91067183533181 245.77040189549632
34.91855722895795 48.13662718623176 0.07515904164834386 0.053697548363506604 0.05 8.636540342437357 100.2475186002635 -348.6903761126354 28.361113727830148
108.62455610088502 20.524648380415726 0.09296480049702405 -0.002160465646161158 0.05 8.867718448017554 168.8643092771425 -435.590331814042 -241.59035289222805
169.64628777814374 61.757199470806405 0.07287915336856687 -0.021881655087410308 0.05 11.37266230178919 52.36536603645476 11.260718211738947 -249.64226276758927
157.12816277763835 -77.78212266184175 0.08372436211811718 -0.00276105414360693 0.05 67.42723848579087 267.97438811836435 -42.46104656805613 -78.87378460314758
155.86330335819554 33.10419633563629 0.0190881790543711 -0.08333148612697933 0.05 3.240533664618531 244.87179335035003 -264.79689532312705 -312.53136225077515
35.866228492532315 49.62288536769342 0.03614227637988887 0.020935296475205666 0.05 2.9515259579846207 200.9621521037302 -261.3200925440994 65.41122921967316
260.8132451078184 -60.815540169674996 0.05090218889450693 0.015280256278021284 0.05 10.362995130007095 199.65230468727816 -382.8688917992448 -184.8494776483906
135.79561444099977 60.28076926541134 0.07279142285738649 0.06028042549214926 0.05 38.81357875325938 334.1667426561362 -50.816661739905555 128.45534766868607
63.68800513706124 49.55437556486994 0.0989775942566038 -0.04490682253574893 0.05 63.55737220861347 203.09003861776958 -482.3872175512033 277.1476833859443
151.1801861656417 62.104584658840984 0.06022021991254323 0.05662054844698649 0.05 1.6976505869489131 526.1791859811875 -75.73631073639282 120.73795356294035
111.80802667065723 24.413782187538377 0.05075271480070542 0.028597511308591426 0.05 5.795309134960852 101.96666822790208 -751.6879587240389 303.1126667323125
228.1951895234641 38.824430605401695 0.08308312721222522 0.03712773681389837 0.05 3.9105568699774724 344.6579582039036 -376.8212678153275 -64.53376901378658
213.99827169692577 47.794589859016334 0.05580819146475413 -0.012855888237025295 0.05 11.414821911212194 467.6812015853446 -56.0717269875679 106.9343902353454
228.54049376883356 47.11663900839088 0.11263237469480614 0.012717765319963882 0.05 2.3341612561487044 255.18550737218408 -335.4637403480925 -408.2396944719333
170.44456819010153 -77.60044065002529 0.09958243617643614 0.05418654742390411 0.05 6.122249494439222 250.46979074085598 -584.6616217981798 -224.69496816617806
146.75556336754988 -17.008972512167645 0.11124357590948408 0.030684646838633655 0.05 10.45118004670117 9.520320377053622 -415.07810285268425 280.0816273153052
275.5415472230417 -10.692101598500034 0.05369241968891725 0.09894271593941444 0.05 16.426868974869482 244.34525869087503 -410.9350609465795 111.94629825113529
116.97201039556703 23.081638549007398 0.09031677712484232 0.05862031517624826 0.05 17.45911814798578 93.03477656569066 -412.44529492286404 143.1763611532021
141.72616459091705 1.065306318077852 0.1061057093843445 -0.0221152099540336 0.05 44.58512689218989 448.85284168173473 -285.5672623528366 141.87688731352807
203.41013804857778 -72.38027314129735 0.05354160274581332 0.040582157521676473 0.05 7.251369863192258 130.74918714762754 -84.0899564860471 11.115824032441566
194.61157783525354 -43.72235733711005 0.08807393248371365 0.0421375121961697 0.05 27.891968613984666 360.3367007188009 -590.9802220134509 -99.19723570626806
213.1486427781478 -4.82743128514709 0.09352720354480115 -0.050729563872798554 0.05 9.509410579104717 193.2217384717292 -451.39880014776406 118.85089662809253
262.5963340516448 -3.2895511576586323 0.07165598723306177 -0.030429041447585646 0.05 1.9603138636264554 -7.577870897046694 -325.3428534243858 -42.00685273346522
325.59174370936785 20.576393383928796 0.08292184955008097 -0.03986819230683882 0.05 25.858881961147564 156.11243612612842 -200.56162664683296 203.39662221626207
52.080361689056524 -35.07274153672154 0.11447786488739808 0.02507489339600905 0.05 47.53455029519443 365.38999669283555 -339.4543577367809 270.8526343726702
105.0551632896781 45.08206681731823 0.07198365546464736 0.04847367059597611 0.05 24.43707629613382 -202.11375795488948 -329.7487567493972 154.85849233315534
166.40788437484753 -64.65839795909615 0.08164419295644842 -0.01383406553941348 0.05 28.998112667847053 -200.4356673047506 -535.8915870162798 -62.36552144215351
68.34271800224222 -17.38048378930275 0.09813683324880995 0.15695570005389678 0.05 7.021670981642847 129.81329038674875 -179.6757348413588 171.0112110483605
231.43719374554158 55.2961812965871 0.08475099971513145 0.03981620539850462 0.05 2.5075620028811194 118.17164853907572 -209.72167155767505 -66.21969969669604
313.93246759452126 56.86004693388993 0.10689078791163231 -0.0033749840897749593 0.05 28.03376418895438 212.24953993423608 -435.65301348116975 -281.4341272170876
76.97664750617287 -24.513067672506246 0.07491445861060897 -0.05302120467791839 0.05 14.049334552552484 413.8589534760285 -470.4292828830503 -295.5550902955421
344.4653006906091 16.29228922854716 0.07534326099844879 -0.00583994756288902 0.05 47.7342325242574 -56.784445523205136 -407.3399157825421 190.14110826396754
47.69120152841567 -64.88886914243217 0.09226125573656097 -0.04766864040048031 0.05 19.49588246249968 391.6134395881308 -536.154287562257 93.73813662385646
189.8254045256569 42.52405267761973 0.09158089976066552 0.029056196485895948 0.05 45.37009447325676 52.2811397386121 -181.00287093597643 37.72179979484479
267.70173990575614 -15.302848296130614 0.10383121832538156 -0.03386480012226819 0.05 35.568817268712266 -35.66677472887031 -426.0423008442848 53.265475153829385
200.80273343543848 -19.71172721381827 0.059748197255985236 -0.04393910289994897 0.05 11.93277956097283 172.72500479126435 -410.44049431203143 -305.0108766005517
350.46218343779407 -37.0221782735171 0.08892765433246907 0.03526209329730361 0.05 10.908517001570063 115.69866798930343 -502.08994896477145 327.7901800889338
193.6453630058476 30.67664356395302 0.029209700424351892 -0.02475289912847158 0.05 23.35986378841499 292.9619693064062 -225.90094732014057 -303.34812017482653
271.27374127560245 -59.296116208076626 0.04390768116996324 0.026367181504239046 0.05 21.56676655619554 11.765183465151495 -135.14203689655332 138.1754790371906
73.58939874287074 -53.97155725181605 0.07443519648011221 -0.026872509837008382 0.05 20.42929599641047 -5.1248837192715655 -366.51884958164806 80.15619970404984
178.64857458003922 23.404073112997956 0.09026160336198963 -0.024978681371876168 0.05 26.101735959716034 125.85671981445846 -301.82010293035455 -113.62564863006978
301.04718563942066 73.23625425192355 0.03288438346533096 -0.07124537809483673 0.05 9.425866305333257 -126.3689883558884 -134.95699183122326 -159.36016616305548
323.3733144391533 32.55256835851751 0.06095321409246979 0.05256718902032737 0.05 17.026714024465758 457.12744691813253 78.92312490748179 34.99417827229647
111.3999614468896 56.31860785517361 0.07325025744698799 -0.09478536554135886 0.05 12.451573136672373 356.5618104720622 -648.9031978961622 15.218638729725264
183.91408029936557 -20.222979837937196 0.08899508108224996 0.015756150829111894 0.05 18.691863893152558 71.63651947285251 -246.5661034945788 132.85328348621903
298.214344278686 -61.16837236901998 0.035251283021928925 0.07206048835924166 0.05 28.89538622222113 361.1707221506849 -393.4584289596319 303.18728110274344
62.70792247643442 8.69652665284452 0.05786477954200797 0.004007560493519158 0.05 9.97394056141928 186.5330570827164 -327.3009508744679 118.92254776222424
116.16160226181331 -37.69533891583185 0.08903251133100842 -0.03277615995975928 0.05 13.840890417302099 -173.95571253049684 -281.5740558476817 190.31479601563456
81.33562836233885 42.4068532207738 0.05571403991449797 -0.046653374225570685 0.05 18.277904380669405 594.7887603629471 27.20127838013815 322.9864760263618
173.4022613674778 65.99001053876779 0.10669753240079771 0.020796969879120136 0.05 13.991509954570153 296.6938438600134 -162.40457456123602 15.026267731264582
9.768228113010796 -20.449255493812903 0.06738667828907152 0.04853692284627071 0.05 7.5942484282957325 -28.022560684275135 -382.5763252493615 246.52183217388452
105.46942446589148 -0.2109743104425671 0.017539989127873357 -0.01744761140416747 0.05 20.794841247777395 207.47648686537977 57.8725781587782 -7.168176951711182
333.1596316090267 -60.92732237075724 0.08165251686829689 0.04658295888493024 0.05 10.399339819656367 287.72437990078697 -208.89863200312732 168.06131036170152
256.66904352727516 -42.872851193305735 0.10240793682189997 -0.07442401145946437 0.05 74.89775396803252 172.27315475401545 -264.9803604279505 28.190046248692585
112.36357305863815 61.83954376760664 0.08070306722572917 0.01183638580059079 0.05 8.17895526230188 -146.69197717289057 -343.23781400534426 16.794893919607937
245.1584243581442 31.37844551861296 0.06908652222267109 -0.01994463441642312 0.05 3.370919579533158 470.64911532834236 -352.513141190847 3.071936806461629
296.64781037491576 -43.8053176920366 0.11307154589806978 -0.05099589197558667 0.05 4.584575651006485 229.09040049936948 -451.961221935545 -33.064143198815145
307.31459057120185 -32.41347374372555 0.07718798466197963 0.01210189933306128 0.05 15.279299567617905 1.037584832573799 -428.121552816632 -504.2902930976885
294.03306914874327 -26.285159386278178 0.08812710589426676 0.04003941718508401 0.05 5.2300236048225255 380.33025113499536 -289.7933956299828 112.0187949885568
168.9221727338167 -59.80324129246767 0.03752973939676818 0.04643474878358645 0.05 6.657176772942984 529.3255817797533 -195.05572486361686 203.80853395233004
339.48137663619843 -10.700476441646432 0.07145354647132152 0.026418243146396438 0.05 9.67479985340877 8.83035043907563 -481.0173114308101 101.67889684289196
324.5161536754303 63.597973065103815 0.09682673069617964 0.011791777319236637 0.05 4.9503942115925375 298.4636987470633 -156.68684524344548 -101.18405894684443
75.28414670948221 -58.86959897275076 0.07882138087827739 0.09728162945704591 0.05 3.159735092338847 121.59365489829463 -417.61241867904323 348.00605023739064
341.1739038746919 -27.395586225216796 0.0787531156038539 -0.015399482687297978 0.05 20.44452254363242 354.08039000738495 -531.4737844839547 141.39406458141184
51.00333696271051 -59.27433482179754 0.03802445988964043 -0.025098111105515127 0.05 4.37705973200873 60.22457634101798 -29.323864022395355 214.8346932915762
12.510536086692833 19.757281184634188 0.03604125485370013 -0.0011699324212619353 0.05 6.765593639964538 313.6523781333003 -172.97739874979652 122.3404171148817
91.36329827917706 69.51861237141645 0.09520452669760493 0.03456754128149457 0.05 8.001735657179676 264.7327206447487 119.76833658958634 581.7342765446542
308.82655085976654 -11.957665021215266 0.08235314033565322 -0.04516006075763646 0.05 3.2313236527558433 531.1321136614733 -570.532816503853 -81.42091465009514
32.6167867267234 6.993485099158865 0.08032358075069879 -0.001273149791180307 0.05 88.22477214485453 71.23863562401894 -488.7718241161243 4.239780113525789
318.0954247171482 1.6948236060050286 0.0757109179162263 -0.0005157326384119306 0.05 2.1068000980024686 -67.43177043832435 -425.4962676298221 97.79541596719102
247.45428674888277 19.770737905464753 0.10967561121987157 0.006171142984078509 0.05 0.5642429543771375 240.96796533782856 -434.02819245864833 769.0097995775341
121.9824193912928 12.337605870329515 0.07829778292464229 -0.07679362777995606 0.05 1.6223630356559748 324.08416952176776 -559.9936361198193 77.88396831304429
271.9640310029251 29.398288348208784 0.055896502721870744 0.04182084625482486 0.05 13.415769596138615 320.5643203620864 -542.0124836063212 9.067341541759085
15.12780443586954 -27.86246297179948 0.11090897142917511 0.0552820819593149 0.05 31.531642451951306 164.7584363922505 -507.93067363889816 278.53127623845
330.16342292993147 75.88971178325401 0.08614680477961101 -0.043709514561941054 0.05 32.57578354453418 273.70340316543997 -418.14369030410535 176.90157063676907
1.0809656423794523 48.85360274902311 0.08094266386048687 0.05110555093898571 0.05 0.5287679074644224 306.1699928198602 -750.0105084765448 -86.90321904335127
126.0092608165558 84.02366678703603 0.03958141258994852 0.046557463631160936 0.05 14.354883952088766 500.3272122099546 -252.45836811091874 376.4563251839175
108.20439589813347 -42.75156257193226 0.08135639899825797 0.017678462497195797 0.05 20.897767291932926 334.1665309174765 -53.3178528758412 257.3021698377429
157.1366407917998 -46.547709182726464 0.07612511231488228 -0.08759017266983328 0.05 9.337301253328155 181.1620834965413 27.669958961433395 -229.49351933464527
338.78540204954396 28.862829027770637 0.09139638525285165 -0.10098927927790946 0.05 7.068427358778021 40.14345815894538 -232.37562299922 234.80574698011617
52.085488286192216 50.97065581890214 0.021388351085938284 -0.00218803750902446 0.05 13.986590879784341 386.3588981698027 -468.66030203855 220.31177347743548
331.95332184395886 2.7251840274554477 0.04693555763976276 -0.08347196070832298 0.05 16.074017873934952 82.57807402041979 -369.0012671332101 -111.37581984721126
230.77931485842527 44.10096053168156 0.08978637871040895 -0.07753987896603241 0.05 17.487179487258057 91.89411887276557 -125.55528898507308 127.55843957685327
151.53597819020874 -16.027101989362993 0.012752990862961111 -0.024939942843706705 0.05 4.232882963910831 164.11140620532225 -500.8755117924578 86.45093478862952
204.84417912561094 -5.159904771661731 0.014805583215176776 -0.006448508790240254 0.05 10.806009677697764 312.04629850001413 -100.37093564086186 227.75610455995246
320.07207309650306 -34.763699750808115 0.0460491021350502 0.06774878299699424 0.05 19.201407130391708 7.750152430675968 -444.89567085909687 108.13282084347179
36.668354727123294 -20.250099404716746 0.02280273352613893 0.0007147738808503932 0.05 3.567960576089422 7.35265657759777 168.7649388741445 308.53866968583503
258.18710184856275 49.12316179922882 0.0797850856097777 -0.012729095682630445 0.05 3.6386908709483805 377.74184330024957 -502.2069675223852 99.17820213863543
329.515003226084 3.220685194450538 0.054202182579452085 -0.004393166495662383 0.05 5.620750796824041 567.8420386532068 -655.8206074842018 547.4582746091894
189.3545517818503 -39.0192588494234 0.059904055414774726 -0.012178271642588744 0.05 22.650721929743778 56.30104376830141 -342.4909125810545 455.641004311554
345.4101274801386 -0.7604217764918898 0.10569411743997481 0.0512070963737686 0.05 3.352861384088848 133.97904609163027 -506.33938560535574 -3.034676383083891
16.465984883360807 -1.1310729315247388 0.08558472230082148 0.0383466170386293 0.05 7.790682270640634 276.97047874706544 -338.83842713693036 -272.76063967571866
294.03450833953985 -70.42584506476919 0.03691410426784336 -0.07024679851979176 0.05 28.368367314798878 288.8640261015079 -402.8623176968839 403.8282148850542
45.72952088500311 -57.959108165650164 0.08066463930774037 -0.001067568932126478 0.05 41.012067047941365 390.5080910970006 -297.1952764774088 268.09470958267895
243.1854865344075 61.89656788230976 0.058077343478186716 -0.0013862059243787833 0.05 9.512080426412446 159.17468928931754 -231.63877508543214 355.56969323958214
272.191079096174 47.52045494482074 0.09475559319621896 -0.0029565504886107374 0.05 14.178255478667323 26.233657532394204 -295.28689079407656 -332.0634387983431
139.82197108646932 -38.98314033696623 0.09349409643377204 -0.012464403797578757 0.05 6.831947047906747 229.80058225293206 -444.0060250944684 -161.18772584511765
247.30656310261455 -9.891479990374608 0.04669456882638179 0.0012622079267145328 0.05 15.721913386516372 186.30432724373287 -210.25294365904256 229.17436302452435
191.8988299045233 -68.89303694267373 0.06127578653204635 0.04308150971002677 0.05 15.54694327343188 312.3956776194316 -519.694931145503 -215.68185467901355
349.81292121138404 27.105892833550424 0.06994643965516567 0.017090391600970124 0.05 6.216549345809515 -279.1491814612158 -510.2086298876519 8.379559014896593
42.13033651730427 -31.46995456270851 0.09231025960165828 -0.011183412567012913 0.05 19.369415986634554 -100.75316744073359 -361.9330457238584 -60.037600217691406
203.8532474474613 44.45962335165935 0.04127618555970747 0.0908783818030294 0.05 29.113608288116033 101.07559395118926 -366.14363295894304 -255.19519610684995
312.52911919226403 -31.530676807202763 0.07890437885795909 -0.108675433746412 0.05 14.855250691676568 180.725838601475 -55.70621968777027 46.693629577955505
219.37799195022666 1.4262159248371016 0.051907206743705414 0.02310922865640734 0.05 2.582241719652966 342.34186662087063 -739.3014780922476 -112.0619586447907
60.83612747380298 -73.18123138276671 0.0790472148217578 0.11056065142738296 0.05 1.6468937652405744 114.68632473177865 -486.0366656749249 -129.9000842690222
256.92470455239334 -46.76076777546505 0.10715086758542647 0.0075456719912149585 0.05 4.817535071664031 -20.57248213620602 -747.4658110871469 224.63289801112842
324.7262625307212 -51.75034797740514 0.09559937882361558 0.021177283592199777 0.05 17.953020384677682 37.99677009223933 -729.19919715696 139.8168196574838
110.3052971280332 -21.664085800425582 0.0363444335212868 -0.06863380083660801 0.05 15.515431230357708 383.3957229843559 -134.8129012266796 266.9083879253212
256.91646880369575 12.579811372495124 0.06871661303688215 -0.041357363588374996 0.05 20.224201600258752 74.50750929373298 -465.5870126817181 195.7186969944855
75.76703058290819 47.381631370952014 0.09594179609796516 -0.02731978303919293 0.05 14.736399583311552 -160.3735189382603 -194.79691747297218 -29.675968528302477
113.99205411531248 80.30293545672552 0.052544656254079 -0.04226948246056486 0.05 23.192154609661856 544.4475997337681 147.07043693704344 15.14626827522794
270.81369113965656 -18.129599809470523 0.022188299502705622 0.05962687317842757 0.05 2.925135217311003 468.4858221239812 -585.1462441708712 -210.75228327431557
92.67762865599605 -28.22390560451112 0.06914298810724451 0.04857540869607272 0.05 16.461567540379733 -232.53661209944738 -297.61055311531777 -277.9103854714179
191.91691449506965 20.111283320835955 0.08568192677798558 0.08491814186713752 0.05 8.205043345069397 320.5042342248672 -693.7839891494091 39.67324908241964
222.6336796571772 -48.06454315908399 0.06364014639658522 -0.02569088607604586 0.05 3.3444892377685065 270.85282876521137 -201.97892066264149 -175.1392039473712
156.88171849893234 -32.27478212312083 0.06653928965219302 -0.01092796019525271 0.05 11.311356048404377 -0.10133419675133837 -250.29556112247587 292.6374052176743
320.8405296454389 -5.011945297724297 0.07888218031484673 0.03977177051205819 0.05 36.965871806069295 23.3249681387301 -164.78272284259074 193.24891880397308
142.5178821363095 -55.47345590739198 0.09804990143691183 -0.026255029745135494 0.05 12.490860950834755 97.5141902738418 -292.89987310103066 202.02138349449166
182.3138835573305 -17.6240792918416 0.047447438782978635 0.01660865486482478 0.05 23.604770054435555 31.110482026668734 -422.2583197350359 -102.5336286181124
358.6632732804946 -43.757702889904884 0.10759221757187687 0.047813081911293416 0.05 49.5846757263681 188.85282838154197 -431.0222751762143 114.28307992365303
1.6085448456075366 6.5916457163700155 0.08956903303012909 -0.00622470815314813 0.05 3.8868429865402154 -89.60131770661366 -33.88029924788299 398.85991688296536
144.73237330142865 13.77934466862216 0.10841330101640678 -0.0034881373927881628 0.05 25.287736961564537 377.864613943243 -134.77240652461327 -245.3343231141896
98.33406463998267 1.532990597613889 0.08704485521913985 -0.006819491852528416 0.05 27.255141755915563 336.285609315735 -157.47132127784934 -50.22016587310898
271.52275838298675 16.0256544861778 0.09623612955459504 -0.06341731462962116 0.05 16.369290712882762 65.92250736687265 -346.841400762467 227.02813274482762
28.88759885749356 -16.281844625380206 0.09302634373883523 0.09397934721142559 0.05 3.5602691851094432 77.84076186738255 -439.99331435436864 50.68563324283162
70.33316719622583 40.62533039008757 0.09682612217298936 0.08089891686636005 0.05 12.291407842998142 441.87222947245834 -498.40733767481936 -37.99603411612931
302.6538043119793 5.06853253147459 0.09461579917651997 0.05299361629745954 0.05 14.178255478667323 209.64741065210245 -229.2343917708929 428.0038683722437
123.18180297400313 12.414192801268419 0.07378485220936093 0.011712289421939427 0.05 1.379018133055549 363.0902257370055 -563.2960033657987 -5.330164048993538
67.72357958247109 -18.62602151896688 0.10074212392064896 -0.03974483083324889 0.05 67.73342170536914 328.062975856285 -260.8338037537845 257.57308942997963
254.35596693443193 69.03934410937701 0.0950117359218332 0.011264185059311977 0.05 11.66530003493457 176.23686650088973 -390.72721314840595 56.42028307818957
260.8935133454205 -59.973519086316664 0.05985165453042707 0.05777395091658327 0.05 2.6919643966271742 106.88165471668272 -189.24874559160924 130.90884524966353
312.65019589482574 -30.96327265561352 0.02357840296857061 0.06181035220975138 0.05 21.458501925137416 -42.24374323665393 -47.41017809878244 169.3277835662747
354.5302802315103 -63.81277091164903 0.06852243888696874 -0.017971823079154542 0.05 6.643901437366697 290.26652217523394 -121.90514640098831 -244.6586870253861
223.5980076193063 -42.43105836519591 0.062229999791169055 0.018624109414120668 0.05 16.526280748000783 509.80395080538983 -525.7677771495814 189.33951209816675
201.98127725748807 -0.4639868423753908 0.09552875079164447 0.06163815310023553 0.05 13.931174773408008 259.4909981271816 -29.93679093798761 32.85751249322837
4.0156482573000405 -55.641657207679884 0.09184354296491204 0.0342719884267029 0.05 1.4886439958770967 390.11470853470496 -145.2060450617272 109.21750945438154
347.1515719829392 -14.33839827815844 0.09921406206089944 0.02891452954602971 0.05 88.86564600782594 223.47067514314978 -411.8129348475961 -8.990811595153815
297.72117275307403 55.24769240579734 0.07837086536791538 -0.0048092451306281855 0.05 7.331030855354364 326.4025850453188 -393.4832167835458 161.10527996171163
101.69706358490954 -49.271226716341516 0.08590862364318608 -0.0778294885480275 0.05 1.5073763998511132 299.2285752174924 -453.207312328253 57.28287338340189
62.134340980433564 50.46816904183311 0.10973526338193418 0.08570314909224733 0.05 3.395084674073247 -59.66986074172439 -322.0417343686636 395.0147796522278
88.11069365976115 60.523366412431 0.04452239800409319 0.008888653226239001 0.05 15.924832088630032 140.34013576433046 -222.70859861584887 -348.4545891673279
273.2456808418222 41.05397345669875 0.07958847484922194 0.031138657470057292 0.05 54.149181516458746 77.00313025121663 -378.85239738641894 -78.5764719607682
332.39258782450133 8.540174138791366 0.08934982155276638 0.04359412886548307 0.05 13.471890209738259 732.4165060463857 -452.029083275834 -90.31305987238426
269.1553831840861 67.76921059753164 0.08507364759781044 -0.0008456488845734113 0.05 43.39835561860671 76.75081854216963 -72.06638792943502 -40.91336471332609
296.6212912396249 41.47816469931214 0.03473290819182839 0.05101826617030644 0.05 3.8724451745744495 261.35305294481645 -454.971989320585 270.5413072097631
117.71532730408545 19.650413963294284 0.07497034323212537 -0.03430037106194742 0.05 3.3652995040833815 103.48510399172778 -355.2145151754 189.6806100358836
157.78492026296556 -9.595547687814053 0.03339330566879317 -0.01908506762859929 0.05 3.2223281548126637 407.30014031045596 -227.62563344384176 215.5816770882055
350.9900037443252 53.6279690523228 0.07577409292305304 0.027645029985848904 0.05 4.744398292497581 311.54678865188066 -15.981391819132114 -53.13358703575388
157.79584448886425 72.06755780137652 0.09749730835622628 0.04939491735224246 0.05 21.233864758910713 515.1470037324996 -182.13194131443728 99.38213504670938
184.88351650715154 6.121253476581922 0.10895607193739676 -0.007990542486602636 0.05 12.450521975894953 384.90535212417007 -769.4324205399053 -182.31505347249183
244.0907370558053 17.26987606732601 0.059681516236048004 -0.038608057417527965 0.05 6.2129111068821254 101.22317302669819 -344.22674286450626 -103.46113497356791
302.0755836029391 22.717183603391163 0.07280335596063248 0.015979918213666608 0.05 7.19087922020725 328.73247250830195 -125.82108450340158 -334.1687877632379
106.32264451833217 -9.20920477042341 0.073745879475281 -0.08754668205166893 0.05 5.0820407418813245 340.6800755510986 -471.26335557395066 -149.01722377387094
232.93584868372872 71.96559819704017 0.06781376615244894 -0.0026307814345837687 0.05 1.7506998465679644 379.5968808439015 -58.73904718047126 315.76896869403475
106.55868864859073 23.338227019669716 0.03431117081229962 0.006434704669549205 0.05 21.012116607215347 220.050803225729 -135.92585071463077 316.5222264715058
267.6265003651678 26.459816463692963 0.09215544954919541 0.05158019489185485 0.05 24.178126588703556 511.83937220177336 -135.53870363428655 254.78047769844844
258.66568324157953 36.59870043269031 0.046346537909776275 0.12483431798780434 0.05 36.54458153581244 -73.701409741433 -93.08371170835579 -114.99776347721436
127.69107404491845 54.2958800252813 0.09952343446880985 -0.05044704634952607 0.05 42.666784330580754 -12.268982472885966 -131.5186275384805 -1.3888130322117647
161.74180142968524 31.957375650477523 0.09876013140703654 0.01105554798850137 0.05 1.0715520671750796 307.49869875573626 -347.1384882747897 -66.4548884175662
118.82162905149548 31.356488638908907 0.05187581156705923 -0.07981087893170107 0.05 3.342303571138995 -9.082221184198943 -447.7832764914307 -285.3384369074455
346.093321949404 41.230300201974224 0.06300063699971092 -0.06473896626037332 0.05 1.0797843841630952 196.7830831154181 -12.215339385464063 300.51318801383894
321.18005599773886 -81.2904101609161 0.07508863937221388 0.017782570203229656 0.05 42.29576901158886 -43.411824988162664 -503.44103166171453 119.55513807632782
227.42396995608328 -17.561125827704714 0.04187180259781731 0.019201413790120168 0.05 6.004486538533161 159.2468292482082 -646.1280160286816 -173.95790681463444
27.124238290443294 -29.88212743947697 0.03415271735030734 0.01740064111224552 0.05 0.7573179702998782 458.3643617021901 -170.3242801114121 416.7599944408646
323.79720290444226 -27.839477587707655 0.06984703383111546 -0.02334750856963202 0.05 4.4311821749065246 63.11984814648022 -52.56302067543038 -43.816749032299285
278.00556620278024 15.157923674763625 0.10990808984082401 -0.03610203443305751 0.05 55.57874047818022 238.4760804016468 -282.6875057532617 -254.51356408139077
56.55968323621577 -49.4595244718441 0.06662934145308963 0.07353362846451195 0.05 11.384133753157299 127.83994303523669 -627.3099095614443 312.39758761432404
318.04682590063834 64.18494924148399 0.08287165505024308 0.04026527976439441 0.05 33.35262187526583 -87.90120680517919 -213.6509142939921 53.890647742711124
88.84602503925706 6.817841737180952 0.06728280341372339 -0.08928532181011702 0.05 16.536786950870802 154.12939481703756 -537.1399305205234 148.12944728206736
128.18020162163216 12.67587280176468 0.059818947283003965 0.025102047247519327 0.05 15.551678534836961 169.33683435106758 -220.87634741338536 -20.027905778733228
165.48111351746687 10.18476920913147 0.09186846209303079 -0.12196361577455758 0.05 13.516282303381614 494.808036251125 -299.73154931897096 31.639423172745364
317.9931395866334 -28.042933125402094 0.06442106001489356 0.016657684965086413 0.05 64.14176134792882 481.9874953932199 68.10721836265634 -253.43188861467792
78.22077290470897 -24.732490037773054 0.08797927851018494 -0.04352643349713641 0.05 17.43480545495978 372.47140793696065 -325.6144047224558 280.3775342269152
189.86129456723256 13.513862283033449 0.08934236110147054 0.051896587636803375 0.05 35.09627236257708 16.598590142545532 -301.409548972696 19.705179592198164
3.149268917622725 26.521748876057462 0.053063978775816256 -0.03240025734508303 0.05 7.263175782883278 178.14010067982355 -234.44376614602916 90.27184344908727
308.92020054394663 52.03192953746451 0.1020570220893211 -0.056819169913290266 0.05 31.58308775895475 60.68461639802797 -560.246451244635 -116.07662759751958
332.9935311134907 -4.688298324063466 0.1036423822249124 -0.017832667332097527 0.05 8.350807565772733 258.174785027922 -22.14977810404048 165.54872926746168
236.7884216072992 7.437242344489994 0.10642482146387144 -0.013945735620191513 0.05 1.0876703424908214 -12.701680114301212 -432.85703963220897 194.28009997823665
357.8828078333073 16.572036178976003 0.11249886613171767 0.02078899422653104 0.05 23.58980119740615 274.10660397556137 -269.14409048119376 109.52015742024231
291.6924364508041 -34.94239456157981 0.09494574304605097 -0.046586892197478476 0.05 54.010984319094476 155.1421777122464 -107.45418281201773 -118.63101536649668
33.55890796929506 70.63181642395963 0.10518342452715634 0.020670833242632535 0.05 2.0626951624165772 104.73394601912386 -115.4007305507183 4.13502236302476
99.81369389571421 -6.637856779154542 0.06653827013206581 -0.1295899887374287 0.05 17.306347640231383 175.30062760420452 -310.0345022246177 394.8836296741284
315.5390473563906 8.76384663688153 0.08946786894481007 -0.03536612091804872 0.05 21.584186789957894 -63.67837280876711 -285.8370718167282 -64.31147021488329
12.706500327818233 -49.43227679337507 0.11287586711078146 0.017224320055350784 0.05 7.887449670151703 193.6932311342535 -397.43979564892254 -203.84396454923564
72.44106321342261 -7.419557113175583 0.0700741950536603 -0.050865088655186345 0.05 20.48262642525651 192.45769313034722 -377.6950907088436 -220.6050138825119
149.83870313368067 -2.0822270895486237 0.07120257282176645 0.09892881869277409 0.05 41.41477179911224 -14.821323505202031 103.78242647682481 -354.05436015217094
59.544610154675446 65.73275663853086 0.05759261783496261 -0.03966329542496339 0.05 13.240382038752621 251.68970076869056 -314.8358101740179 287.2474860930775
214.285081935434 -62.81430065417555 0.04744754997858003 -0.006580781284270748 0.05 46.738687797357244 42.84517158674757 -444.0641704883884 62.0280986651219
100.70594287814461 9.174697987615495 0.0593820459779979 -0.024404724630547433 0.05 10.399395884026504 -115.69790458389303 -192.38464581530226 6.318339473470722
102.86314365415016 71.56845254236174 0.0450137576567573 0.027983757557195198 0.05 6.647756815566566 50.49095164726245 -751.114227198964 172.67750610357348
358.5567196028257 48.44238859683806 0.06318708436176501 -0.013414909064726352 0.05 5.409505079754846 193.91947544813985 -487.65393249363535 -142.84120108064226
168.45259179799461 51.44157843498779 0.08371604692577161 -0.09299026753607806 0.05 1.4685904155583493 76.48091677465007 -397.65460803116457 -58.84440648355809
329.1891401373156 15.052682274734293 0.06819266644140365 -0.021595294828986165 0.05 3.3994461275952763 1.8168636000700076 92.3275875846474 189.46614073015883
197.76951566694467 58.55260573334602 0.04936529739970075 -0.021935557908706525 0.05 31.566044260574476 83.0085202908067 -375.02137108399927 151.23553511310115
46.614897046323485 -1.8634864628407843 0.06067027050410467 0.07304210492447627 0.05 23.910447873347184 500.8096924597485 -110.36685918834044 -211.72116722758187
83.0946146830439 0.6156691875825931 0.09261277271471502 0.003864065774209547 0.05 12.58688586935167 106.74992975359466 -354.85989474786766 -190.20545253786477
57.360109822239345 30.183414615630227 0.04948982466115193 -0.05595968029008922 0.05 19.738903534556176 347.6941892198021 -128.48843256662965 -170.819152479261
8.878887149896302 25.971796112537028 0.032214232746422544 -0.0180547750956093 0.05 56.60553023012014 92.27967041120894 -195.5268997947944 -15.558327308895585
272.3622503060072 -61.35560405383237 0.07004444205365035 0.05329653550297679 0.05 42.76180706782241 175.53598464036915 -505.0889679428305 233.61372933597505
159.2604258642777 -73.97747765074698 0.11210169843776718 -0.028140097168896018 0.05 23.587726497849307 143.09028356577002 -265.8249507996031 61.47054312920322
184.2857985057371 -11.136647825852206 0.08575432247957182 0.019939509751272375 0.05 33.00596449978865 375.7282387356436 -461.7890873928391 185.10885169212145
284.9919493831927 61.30874728551576 0.029783692067855583 -0.008001001494956198 0.05 5.0054897161494925 -290.88700158613096 -256.56606136345556 -105.3312136472228
133.64406250199198 -15.551497608667717 0.022625637136700405 -0.053267748889160596 0.05 15.802836486311552 494.06187684123677 -7.782106658912426 189.48455081489587
60.210692046190566 -27.642325970755845 0.10239377882989276 -0.05030527672589772 0.05 0.7469694282756625 446.8369015433635 -45.386739475206866 58.50140304570134
208.04104495217524 -34.03448893901744 0.07217945872658138 -0.003587920215342916 0.05 6.986694495926332 523.7411949483833 -415.62064436931973 -26.100347638834307
117.29973009303441 3.6820785697940424 0.11330757400905278 0.057097972643531995 0.05 13.12073043866452 368.9033972466884 -432.2870279226752 148.6784530391988
43.15702794066343 0.7025330963867321 0.11018213213037109 -0.03707566329762436 0.05 33.680379709918675 57.59661331151193 -44.81526505058088 -270.10068603814614
128.8875288988611 -79.96977592778104 0.10125304229402743 0.0624490220542748 0.05 13.168670235600635 44.67258386097592 -28.24925100379471 81.23780050445946
312.72520706494225 2.0811539069151794 0.0549697938112077 -0.032137769370753515 0.05 10.026223053245388 365.4908288881435 -34.208951457601984 162.15932217049328
271.91769318113677 -67.005003240821 0.10439258793871975 0.0062426884904077 0.05 10.651551994344977 228.860875846741 -9.664535192892629 -263.39512124160103
170.63209623618422 85.50842376331359 0.06311074446981313 -0.07809062835920387 0.05 5.4184292438385215 295.1562501280171 -472.05516896598743 -36.570211389351556
306.2798159022657 37.385231241369205 0.07911611517152739 -0.00010358541144697697 0.05 1.058434628829496 539.9003187183291 -289.45313981166373 486.5519966224173
3.2429680644951597 -80.90106642943877 0.07652749457953334 -0.006513107769944287 0.05 10.905453616561767 -299.6343267375895 -238.22668976268167 308.3935028078828
309.7277014568051 -2.000401170173305 0.04042583998364124 -0.020000934577573282 0.05 10.79474135019297 437.10536273858617 -487.7109317161586 -24.4661204198308
138.04581285034047 24.204259143040087 0.06778028398601132 -0.10858752586754392 0.05 1.122711537885615 -28.916070417811795 -523.5251890849675 -155.62449474095402
261.2314955879059 7.401316097411099 0.06764444496210653 -0.04229781358395637 0.05 12.1150292036883 -211.1289569344769 -12.120214971107316 -53.07988045434497
82.95243092678136 57.00432466284148 0.026464542613674258 0.11361212608313555 0.05 24.07512386856225 216.96168153524727 -142.22279932246786 184.0341750751152
338.43886590725936 71.64721263317455 0.08509606827936733 0.018844640344294766 0.05 4.581703688740896 202.2466025987895 -382.4775748319862 125.48088204429433
149.01784166353258 -20.29859293864944 0.056303821994298175 -0.0840634183049392 0.05 116.44468750766347 591.836940920996 -92.06576786997653 -133.44949149502037
53.48994697316857 35.58466310328538 0.11079057115096203 0.0002683421937983996 0.05 15.30301914455199 -46.551064781847856 -220.45330113897575 -25.638412216922774
327.6091645436019 -21.584648016112407 0.10080318556430612 -0.052583919297206946 0.05 9.680575740285938 381.16195869787435 -329.0839383715605 22.31582164038517
278.8931197593979 40.3234011182914 0.07374784329591111 0.006736788589647481 0.05 5.467355383974057 336.2431248049461 -467.55440038165557 -58.478419554873696
66.27017129477515 -14.512859986949147 0.11403204062321115 0.08462498349579524 0.05 29.14174705087451 155.56001820738555 -155.16003832042986 61.560704383615985
274.8499405850907 -78.36587340265507 0.037852393590317224 -0.01571181856683162 0.05 36.8436439097833 390.42273818537564 -252.84834728004876 79.35146561440969
20.75565932342314 -6.189674773454776 0.059474899066480846 0.10889723585380026 0.05 7.393534640323928 148.96438501570333 -39.78155068464076 205.3439000198694
267.61667859589 73.53871610095275 0.05040472903604076 0.033437249814816765 0.05 33.67381002415169 126.0858842059644 -188.62779468365216 -205.57809774783422
337.2447331974002 -51.967944970429265 0.03489520651036182 0.03559099051054322 0.05 18.7892082528315 513.7721185278829 -119.00681607342955 164.6071620428791
139.8086983273882 0.7940838297039985 0.09337645086602664 -0.01674168903963587 0.05 6.719933339153715 161.19921526456957 -238.88514486891268 416.9535232843658
351.9758308900249 -38.126566434967316 0.03784577077507478 0.045027628087111186 0.05 9.17801338858404 131.79896713100896 -344.8581818667197 -43.43562589618699
31.438031400830525 48.53490495569369 0.03977669149781571 0.034712031701869275 0.05 27.88926547646528 202.13814209679788 -1.161304559481323 102.15598285100171
277.88707624714414 40.57422834143842 0.10742856717243265 -0.031485927666186804 0.05 39.237133277913436 231.6944889704913 -95.42071285909373 83.84092559052968
231.0425250118041 -35.827196206237076 0.035123594300427774 -0.1023688327817548 0.05 18.348597838560877 497.40385181163845 -356.67340784823614 -12.213736151205246
351.2965745195842 -46.22969795602747 0.04297170363592495 0.029307472811419464 0.05 7.584700565552134 180.72444858923868 18.1987947270855 -35.51784980713208
358.2087551227491 -14.817537510932665 0.06324777806488169 0.018769338678632314 0.05 29.365158299368577 380.5268618839591 -363.15590892007066 8.651950599290018
50.413519732575296 -29.336753443059344 0.057286862406617844 -0.10314684385013886 0.05 14.147198836353382 525.5667941292918 -258.1121378974824 -23.167602375083575
114.46262586475912 -47.0904466144944 0.0315385058153812 0.0038079309706127084 0.05 22.884479722296565 4.692243057847264 23.49203147704236 166.3376966939632
64.49946054674308 -64.83208665157423 0.09597125770015147 -0.0845524486965184 0.05 25.74239795719374 489.32269234070225 -101.52840729364289 -43.49795520666402
207.91049223548427 32.53848972749599 0.09573173069670182 -0.032146769646936996 0.05 4.950272199988741 54.02344352037227 -602.732371923918 411.18119181917456
356.3587260794402 -59.30138158941735 0.03343099069261246 0.03703276458562902 0.05 8.533514063161798 -92.48886064912801 -538.63044952063 152.39189650207868
358.36965792009306 8.045230641565945 0.03841488223312828 -0.0007815316877366005 0.05 13.422337038409141 334.7192993932929 -414.2980600564689 149.59851724988962
24.53844269206777 -6.668452768836582 0.08967726999880199 -0.04921159814963606 0.05 25.56149540172256 166.57576263270224 101.74744617899114 -51.90898012822301
96.24436474441956 -74.63453462004743 0.06915658602909569 -0.023295994280159885 0.05 18.828318170142097 279.4413870783036 -398.27822398881534 -220.46012710912237
185.18648277685088 -36.47594543380739 0.046695424676888475 -0.04809510396722413 0.05 0.9687212586003886 61.21450538777563 36.20153746623049 409.0650509745798
53.65190634465603 47.87400325114677 0.04380816941818111 0.08654512501027564 0.05 1.9314729126250167 340.56461909071834 -106.56240401683567 540.9063310861716
292.53070451856473 -50.154685183204975 0.05082321599160178 0.005335778051999147 0.05 11.720810292991766 194.11341786258555 -326.22091180483847 -21.156254946847824
204.44527508893495 16.67343474366801 0.04658866565504738 0.010757595534553079 0.05 22.154598521734595 81.3062695678502 -172.87973433474127 165.65799176609116
16.191304769614696 -11.592530899043814 0.07966675270827639 -0.005799152986228025 0.05 17.98366035682583 -68.0012184081969 -759.1116316070736 106.03946889851231
93.45125248061983 -3.4736941811628217 0.07224261513216823 -0.0003532357054704116 0.05 23.098654054680885 292.42442827403767 -220.10204971800556 155.2387325322841
356.7592088167781 -0.3917981414032084 0.06366614539308424 -0.06357970378796828 0.05 14.046281455123633 -220.6710574593938 -268.5527504488503 -147.74663106127883
80.53213759469016 -62.07231677516812 0.04259765575319174 0.006606780290976285 0.05 3.996326483442489 1.2699878277401524 -268.83025859054794 -136.66712605815326
222.4692796756867 -23.591465890579386 0.03990076049790292 -0.035562738963572864 0.05 8.997212970498682 91.0196610672182 -256.5183060632757 -119.49918848801414
339.7309317548341 -0.2150928869210584 0.11257457640381152 0.04712910617134667 0.05 3.02916251202225 411.66699251400695 -371.6919486170799 88.42596042108102
103.88285119807557 -11.491578964483924 0.05659551103583982 -0.030891850724591843 0.05 3.152715359082213 539.5679925589607 -332.8161365756802 -75.92294481131943
214.72093131506543 -51.92690844018806 0.040513092793182715 -0.009956270940706365 0.05 7.558445017956197 113.4247215082575 -428.2220972684913 195.95493554857688
185.4136383379137 -69.65518291891267 0.037415927524077075 -0.06127541641328796 0.05 3.1316900994972348 75.36680799244718 -970.2518487839988 255.04569409873423
297.65283908594455 3.94104837509619 0.08561465834001347 0.01701791694358746 0.05 16.43739119592547 216.34285042246015 -355.170849925299 -290.3727724794291
340.22450389535015 -69.28090683295844 0.09988337501936928 0.16703212679284005 0.05 20.587966262132674 273.4053975390426 -328.62499262311115 -19.558006917047962
28.715216503097274 12.893906434038703 0.09719038893205023 0.0075526069041252225 0.05 78.26290687161796 497.09405876466326 -415.8793185549627 -150.67646759247535
62.46631312294589 85.07041890854319 0.08038003207026279 -0.002748904334288751 0.05 14.270092656978179 88.7998436329732 -204.42949897615793 297.5625449020554
125.83867918615194 -50.29010355508512 0.06531688987807782 0.004839769276278534 0.05 19.20488695383962 -178.75817037330683 -386.7543953157757 444.7991975056495
334.5279115518766 40.51185863678257 0.08679043647342 -0.006385168919406235 0.05 70.25898038489122 393.36836278283886 -357.7323798836575 89.12868981014384
326.17229460421646 -24.010928314582916 0.10944202108553891 -0.03800401471159393 0.05 36.931532999799494 -81.50068244464023 -650.3156710210424 254.31248695637146
141.8700666702503 4.152424187177021 0.08115198461617301 0.05212612169968618 0.05 28.037909691933194 196.66090693063535 -745.1664022406459 -113.39698076785066
356.9273893748225 16.77873777066639 0.01964734444169869 -0.010802601656225472 0.05 18.1423351801954 385.7711268730246 -218.28689123010832 308.0132342558452
195.83430805854078 15.936766294587914 0.06563541195999356 -0.0009758896882241293 0.05 3.5392959884992243 248.25194539518807 80.75279635200945 -122.9035391023117
158.47629209555842 56.24850338597738 0.06142210225891209 -0.09061810708646047 0.05 17.531480494102702 420.8975673499981 -280.59233553485257 -175.48316842995044
47.04713495841275 37.054185746476804 0.06747678367191368 -0.038979039979783546 0.05 1.734708751066108 225.93923279990315 -698.8435317491535 -240.44972026881976
25.487530185553094 21.057787140772106 0.0893915534302292 -0.0031141256684210994 0.05 11.735321413967656 48.43863302887789 -551.5280944939313 247.02295399423576
31.99222893614272 7.260777375688177 0.06797006833518271 -0.024581286320388678 0.05 22.482390029757617 -56.739650683826994 -362.5579677450472 -44.4106598351911
339.6798160770591 -38.69345637373789 0.09371573489696639 0.016359897591666304 0.05 13.28703367839902 417.6959583291408 -152.07703892132517 109.39484892083269
231.71866754874557 -11.018298523678217 0.05578080417047504 0.002511968313088702 0.05 20.703551744095492 73.0274817137647 -146.41774091828322 199.55159325873115
176.8123501920771 -61.45714768827008 0.06259937842598062 -0.009635985891902834 0.05 48.69678801992134 491.23069571660676 -302.11508094255686 230.45845509071458
219.3551976723565 3.7076002412594113 0.04968652017341291 -0.020997402099774867 0.05 24.16125909392769 298.85222432151795 -417.6567164671671 100.39344829283253
194.24271757780394 18.778056539406414 0.10194670349254742 -0.06352228955274737 0.05 11.311356048404377 -39.979756570199555 -263.58523823483114 142.45590996022435
109.49572835146714 47.372272571282814 0.04925021552708486 -0.02556382763718619 0.05 21.4840855266484 372.5059817386099 -497.7105246954063 43.31999665016323
171.9151116996014 31.806390369316958 0.08541656165960898 -0.008976673801052232 0.05 18.77744961411633 204.12539694793116 -5.131430200357727 229.0942319279521
79.61954628559064 33.51306581568282 0.06912107285971159 0.04084267547954795 0.05 18.846133171145343 154.18825858514347 -630.9022687474733 141.52353313890205
171.29733222965558 20.204633774416575 0.07305720949268268 -0.05628353616458437 0.05 54.251063959586816 118.05223032902431 -56.4869960436107 -203.45417989139474
280.893046871513 -3.6050631509507434 0.041267816019016745 0.03975928350975447 0.05 9.719548207712958 190.24988557138056 -313.49437700989324 436.8604974271206
28.151680587986853 27.796282892793958 0.07754492801368618 0.00845836187147162 0.05 22.52603708473567 303.8303580042947 -510.38538523440525 497.8446435289991
153.980798091561 44.10549010946405 0.06632782975623153 -0.07235866171486609 0.05 16.855764716079623 15.944834558267644 -233.96904755785806 -200.15974549393408
338.6767595427158 -26.05628498055644 0.0974797732765007 0.03848278991730421 0.05 9.692221804085355 185.68246250871834 -896.1553069596632 -95.50501137935365
358.0638631863487 -36.96603345650765 0.04108878224716461 0.007970991229129896 0.05 5.024590249059446 363.50616381975544 -413.8436889464143 -0.18887576123465522
169.621644271261 -40.09997928811304 0.044394387105211486 0.015197954840890232 0.05 7.433172468099995 312.38950431977315 -405.8829827111497 -28.324301161422596
290.14199312533225 -20.97513402536635 0.08221058080947996 0.013590846658022949 0.05 10.429812669788843 -329.6847025205378 -26.686333137149404 98.81609114864393
31.15236595613816 -83.52291695583138 0.03254855281646307 0.007368614525949311 0.05 12.35159074569192 389.56887817722725 -427.2908338286767 483.56936388296185
43.855365240583424 -51.49963983144444 0.0918863407406616 -0.001286392267665598 0.05 8.73536263613316 1.2248467634419171 -290.5106050629641 64.76356176868326
306.38475333674415 -12.4720812538806 0.07301991941723562 -0.011706183119139062 0.05 19.255628384303805 67.27446543546449 -364.21118661595386 79.84154173107714
64.62432695023132 55.62005681687674 0.10639090986077737 0.06223070669183578 0.05 35.162551996986394 -92.74243279762942 40.73825860296819 214.82059860752588
131.82617842109244 44.31716966851617 0.10798825823291547 0.03870222233579993 0.05 32.70074102532252 -242.99697324739543 -217.55431450361087 229.22974052303184
140.03126199544084 -38.86897931866056 0.0673390754395844 -0.025150550446564727 0.05 47.548243738703775 33.72914352925815 -334.68756147640073 86.34971861842578
355.6233308330286 14.158397778860348 0.038682135216092206 0.0223905736397218 0.05 2.8525113185332094 255.67903062097895 -614.1251252719483 81.82788495604997
206.46048781790785 -13.271385159739536 0.11062710021842515 -0.07354313952579387 0.05 0.5199228318680884 109.87568010844164 -209.3717349955101 -153.89612752368063
331.360008187989 -44.53729332558861 0.05448847007095625 0.010256651144101143 0.05 8.875347780596453 499.73577680089875 -130.37095663880854 305.83213524594225
107.59636371476698 -21.80511587554703 0.07374161964613135 -0.1332330187898875 0.05 6.500809826743982 487.0404440542476 -91.77380566177331 -323.7527677932297
175.20815456497988 24.647072249990952 0.07250527151223318 0.00506003642222972 0.05 35.081393451665086 -76.76645184808342 -445.7512531647384 145.78455883374744
124.10076084810956 11.709701045262156 0.0723926027364723 -0.01595716949775801 0.05 1.8318792250842268 -68.34212529018197 -77.489387144532 159.6480620898034
60.82733245577947 -58.21185387763563 0.06630731869315443 -0.029995882823422346 0.05 7.416065662917837 64.39417988600158 -129.51465850398208 11.207860498555206
174.33759931468563 9.79408868616476 0.02462788577793007 0.02416324530551492 0.05 29.263418947667134 333.8410032774075 -62.219572206194044 95.62827122051692
110.18595092678511 1.6095160522105298 0.02279010211909349 0.002469106375416724 0.05 21.12390625093549 -109.37499142359871 -243.18197089715812 221.54710589595544
3.8327632038114166 -38.26422988868929 0.11163835966937885 -0.10648095387916708 0.05 5.4377525258069515 33.570608952655164 -298.604346635477 -127.05916432941927
45.355806241710674 -13.636199854499342 0.08740079345508622 0.011057583048608391 0.05 6.208825696953959 328.9492917554263 -330.17337385577713 -60.225469788977534
289.5550920116725 36.9176345445234 0.031482931868348274 -0.0606395582739173 0.05 7.7742566656623335 335.8099226365587 -163.44078082829014 207.71530153664062
351.7374470611587 5.089609299390502 0.06745330037526354 0.05692114938575276 0.05 25.439804171665166 353.8318833032572 -160.1718081602022 279.84794571767696
264.51661355338194 -20.556823396774302 0.10227393666303963 -0.017704196765912308 0.05 7.331035383960149 16.78241039701649 -375.9696274647716 -54.8335988118497
192.16566983742965 60.715075038389635 0.05798446436430282 0.01329565032293805 0.05 41.39173153389063 59.74076059469155 -716.841357286632 -62.40783241438896
285.19538411474616 -21.65776847637919 0.07174084822569715 0.012805168671199879 0.05 7.210307066221395 263.790529248859 -400.7098134093586 149.5398103360235
79.43319810835082 -11.369737904978932 0.0393650057029018 0.05872909230856805 0.05 3.8040609170931625 93.42910483675064 -177.84755753197732 -136.2643573488533
159.17553279719834 -31.864841795269484 0.08406525293268663 0.013505235314461678 0.05 27.118579408211286 313.2891671565304 -79.67542757770883 -278.2648088601983
238.02404893287652 -27.51014970209115 0.0815700974011444 0.1010672138708103 0.05 6.3905779295672 -171.18159973144122 -131.30304162425352 -211.1600884857042
20.255294005402117 -41.78897893109725 0.023021581359006005 0.07113256857597779 0.05 15.409681582068465 427.24427549237186 -302.44760549606747 29.097211849375885
117.99143119659693 59.00488892799055 0.08805866266937401 -0.015676830904142385 0.05 25.54523582675022 -49.71672800296881 -432.52147854839075 156.6266012840146
99.87595550437332 -67.40910794919397 0.042344025945209474 -0.0064449358095789765 0.05 27.898148129494736 -178.5506521666186 -337.67602289674414 267.9216389298914
305.62440479939863 9.141009577828722 0.10863444947863954 0.07465826741137821 0.05 19.42741961483053 202.7098975948548 3.0770160737094443 2.3714580390902285
156.52212435198842 86.33615792074337 0.07037665903629531 -0.06231480662390297 0.05 4.443712596742386 370.66356340603534 -18.727527024854624 -110.19970748650476
164.81262058328764 38.831406478545354 0.06479459169292934 -0.04660749254208772 0.05 8.100740352131742 256.96388320385563 -206.3646285168031 -43.88395437291605
270.7914444167631 -9.278824522122589 0.09350468739742923 0.03050684637583821 0.05 11.754394972625176 374.17713531460686 -73.0224552923874 401.87404310477325
101.53057874923387 31.918516101481433 0.08300594862706578 0.02363591749512365 0.05 40.80361338357268 40.86697551508385 -142.27189313686472 96.25705856725929
132.62994321233458 -36.32777404406823 0.060663121069973513 -0.003694144369599635 0.05 15.445758446358244 491.9067587403319 -184.81609085811147 -193.66392664991113
70.57910595086682 22.16743719155288 0.06328296072781381 -0.024778455735711573 0.05 1.1045181571432565 8.167140124254644 -378.68104075844496 -42.88138080002004
117.98307380649399 59.503677214801456 0.09625347827250019 0.04022833572373475 0.05 5.982621914856018 186.72099427504293 -310.51873286850883 165.9954696894756
113.83034972057304 22.141363800895505 0.029524558955466684 -0.07808994689220185 0.05 17.57940386698263 308.2093685055593 -459.3914711644612 390.04597829329805
75.7515294741116 -17.587348292007967 0.08460993034237796 0.08258881974952309 0.05 16.01080431347136 8.779307285526045 -336.27929109359576 -332.0531608841436
229.71550701481635 11.991033464930082 0.08071962930359988 0.030741575316221646 0.05 19.052952578848544 258.3656260291817 -524.2432183559648 143.14278176835163
35.907830002126644 -40.639688953399464 0.08735535076111156 0.026561811781482914 0.05 34.461553785941675 399.56888766434514 -66.74420273264104 202.0971253881779
148.1953667451746 33.12752888200537 0.07767528010557756 -0.02901278427142784 0.05 57.85803118168063 325.5063691672868 -144.96850949377793 134.90108855920187
301.50953048252967 -18.07954089753449 0.10884328597647297 0.07310902893251472 0.05 16.438614662043538 799.0884800615481 -546.934462133315 356.9544184432566
8.771320048400561 -31.332934813479596 0.04213473982057758 -0.0473455967857373 0.05 5.427035401665274 350.12258620845716 -183.78431644571887 113.19401756854336
355.1499303623806 6.077557797955875 0.0548104345696343 -0.09866330243146336 0.05 4.219482317991853 83.28788455944309 -543.6081293986078 266.58815618790163
90.52633999784408 18.632751752205053 0.054727321083199554 -0.01098796893267441 0.05 17.641691666699707 10.784549902752218 -467.81992253411886 -46.39450807038337
221.89854522288277 24.979955094668718 0.08113675853772695 -0.060498168983257446 0.05 30.758838326592713 30.04778963215054 -330.82793594782294 -142.78995386501148
90.07920480440893 -23.120470150646657 0.09237582370203068 -0.0042810880603816786 0.05 43.36233631940023 304.10007693308944 -285.4818950034052 18.532127158575705
183.2125201516869 -39.690164607056325 0.06216762604236781 0.047357458293511984 0.05 23.18617839406935 279.7121267157525 -371.69911166201916 266.76343230413727
304.71954094827885 -16.319266049843225 0.07433283975564842 0.0677508594985788 0.05 8.705187706725331 469.7782437877067 -398.59383462634787 -24.56069290667105
63.317314636674766 -2.6377786290244396 0.03123553884528829 0.009831078184514563 0.05 19.011025159553128 151.58189376402214 -457.98675299863555 107.74374932493663
167.23908376776626 -9.184650630349623 0.06873467957344359 0.0006420590150920877 0.05 25.924855092933925 -196.0403179641391 89.66511362697224 -326.20844512271475
306.8795144258258 -1.001114729722438 0.09331176042716494 0.006826544761132504 0.05 12.68964895691849 9.164647375202264 -516.7148562066579 282.2525551639657
197.27829508171385 66.56172960401311 0.08532926247393569 0.0022838582976897007 0.05 5.040537356227847 139.34291491813627 -228.96156249350005 -218.70222648682744
37.281190786479826 -18.11801785306601 0.05036616564794549 -0.021722284135361297 0.05 16.181468133469025 475.92592038977267 -262.9313778374424 -40.47702632961588
242.10892074198694 -24.20872041374981 0.07969905760369933 -0.043765504803723404 0.05 15.070241782887269 416.273863518934 -448.95243419099336 50.658199432283425
118.95820699723765 54.282270397220444 0.10468412004627092 0.0031701308599709306 0.05 15.621915070632893 55.38384643060121 -525.5616906098369 229.7216513446668
31.17797622681902 31.715156890690857 0.08491631298460178 0.022267950761012515 0.05 7.112574065911628 285.58107968334605 -78.97727719449699 -191.89203855792854
196.74558220431035 -43.445889025687606 0.048591821937888025 -0.053347686153834825 0.05 17.713938432926422 -53.04326732680727 -20.53978751819244 114.60610792668659
313.7378401430496 -79.7780737548752 0.10204773870401507 -0.002974714129687599 0.05 10.462984303072513 126.27536140400478 -207.19936728250778 -147.17369270790115
119.97136922814445 47.04858543051239 0.07939877384424676 -0.06960915395207605 0.05 38.21327783908916 546.5883255201903 -161.4097973835043 60.99936880091714
235.79092147616544 44.31083009453109 0.08919377555322794 -0.005670507612497874 0.05 24.221560514624503 160.47568630026277 -326.8422132477516 52.93747478017539
127.40937907212002 48.73628988676734 0.05546023033276115 0.010814138484535819 0.05 21.17782726474582 398.9208115682294 -280.52728913484043 34.37712965576685
126.9855258516065 -13.820816074073463 0.10909406188563109 -0.011833795863014229 0.05 1.6191572017655895 59.3313430340111 -25.006328036412356 -16.247798791570318
96.00347160022176 0.6610021618012862 0.05966092057813244 0.03375230476084983 0.05 14.483464108768235 69.17215181199603 -143.71551041761606 -149.86991213611995
232.02987829587855 13.6007114712871 0.08796642848890279 -0.024225557924183093 0.05 22.49887129823922 453.6248867042307 -55.6070581434648 -124.38243176857725
284.9830706011107 8.742320830206486 0.10261702358708047 0.0476523663817173 0.05 6.376643667005393 238.60519038167536 -315.69131207768453 304.8023919518465
89.9676512450794 -3.207641116552655 0.09246189299766572 0.020655449690278972 0.05 38.136731700372195 -36.82011355163982 -126.11034407394209 -498.72978459173976
65.22274019194523 63.2899858240743 0.07267421237742866 -0.07080003242625228 0.05 27.168566550662444 178.3319584041004 -103.56264603721343 -230.59217200960603
75.4634176347444 10.0746937479873 0.049140032039126424 0.05288599315798428 0.05 1.3723468731897492 -44.29146751314357 -165.18375919412097 520.0671012288738
213.691756483143 7.942020210109467 0.08396399360711015 0.1769011819169818 0.05 31.648187212239282 281.5105106537663 -14.883055386245815 -65.5479837904547
146.18060594084216 -2.1809297032701216 0.08745411565875028 0.0374269224860643 0.05 43.31242862837143 207.22165497766383 41.46720320238069 -110.73568103310183
332.6145304940335 -48.43444500712195 0.0936944080947828 -0.0009844853310909648 0.05 3.3275179464377285 -185.9054882795768 -161.53478627255822 290.27236778965994
269.7006869388914 -70.84136529622884 0.09220239473506453 0.029457615118032854 0.05 23.612003035358725 141.8447593673345 -569.446022565346 16.567184999671227
248.3644073900781 -6.643965221039434 0.04081099975188507 0.024677346998676804 0.05 54.43460975894323 225.95700054038383 -367.0886779996864 -212.2000423651828
186.48319457678886 -66.33106496373017 0.041342713052860525 0.016939774629026832 0.05 8.30018415381116 443.5737958546159 -668.7969464433138 -209.87745817666183
306.81619451117734 83.48188043952057 0.05612878092604956 0.03824167457650899 0.05 4.822045570928598 201.1025429877875 -96.83766614708622 -163.98882124097653
218.57640340633648 7.092000892161105 0.08700811833553801 -0.04391279807732191 0.05 21.56676655619554 175.93451124018733 -238.77475083861674 2.5790070291894622
302.09268579104906 58.361547721607025 0.0345912510065054 -0.0363613423852081 0.05 6.7386138864817475 85.21871763627924 -171.75296545306642 -82.33480208417123
286.6425610752744 -48.549946194008236 0.09602434842943053 0.03133451791615999 0.05 8.012075348194378 181.32692339619445 -503.392383264636 294.9969806335936
82.85331964418054 26.05535514597198 0.11239925063846878 0.04020996078468085 0.05 10.623021479184954 382.1818764179129 -168.07159508593256 -16.18627052946347
325.70099801900443 -22.892854242921086 0.09164937092194636 0.04317554653235276 0.05 20.740541299152028 101.57808953674032 -604.6947188497678 7.7887202638559145
109.44178641277247 -22.10281537425732 0.07732993781626929 -0.08280683512700178 0.05 5.663797320391802 20.981250721172614 -32.41113007768604 216.74371031032834
31.173693002066717 39.923420044848676 0.06676826661634849 -0.06427999647913149 0.05 16.4898465847819 191.13957872997165 -525.8364818081575 -115.17928631986237
45.09045749244186 -21.66354560243632 0.10518709169518425 -0.0039232781291963295 0.05 12.648190451144002 282.8629967890269 -491.8350884165691 -168.92619615649198
134.9817970590549 -12.034963275391512 0.041568405852647095 0.07314932442860345 0.05 10.199325193355602 302.8911564887512 -709.4554123074031 -294.482378940942
48.01347618302153 30.78635768828211 0.0958121766539417 -0.013853057245346493 0.05 27.203425220604647 82.9295746572313 -342.34398789168193 273.2641661840167
301.4560090226799 43.097791736569384 0.05631849950004297 -0.004618374639061377 0.05 0.9817564044621117 125.57375195159433 -407.564394055446 -31.549293256291293
197.5991651889803 -2.2051992558311353 0.10538362108463084 0.041233648353796816 0.05 75.16660209769819 29.089582844307927 -293.085034113684 369.2075869112412
321.94257003596283 -5.6171596764518235 0.09341166139255175 -0.09773931687602742 0.05 33.17172544361192 323.06087917164706 -342.6236555576388 -106.31157939895465
184.99056115223638 20.6549447742288 0.09313590766532065 0.012743233038506885 0.05 5.945517641426849 363.8644652033956 -57.94383688902093 43.527098047357
329.54812159246444 -62.05926043372924 0.08667782743835861 0.11115508176931198 0.05 14.200881354696119 11.732631492478788 -234.4669877239933 90.14296463651527
119.3926841121191 22.493242889335328 0.07148401023128814 0.042304972775768 0.05 34.46349634280641 -294.5007434420165 -363.9476766428557 28.06324112128576
256.6594448519146 42.263005643208196 0.09029959801672804 0.0808092161417348 0.05 1.8021553372416257 243.54320376173555 -343.79719009300237 76.59934978872559
295.1274516131126 -12.657967448859425 0.05800013802228099 -0.021824188017787502 0.05 8.753656178530832 548.9445857863827 -120.27341736268943 -104.0931638952512
88.94318681384823 -6.782629739641499 0.047217054325025876 0.021191375644520553 0.05 21.042900064908057 -47.47913784439959 -610.3156493716479 242.3258930385971
272.1005277429536 51.05231928023514 0.02490824969817851 -0.05401091083962551 0.05 23.083348278102346 277.7842295019413 -238.46835792697158 155.37249784528007
37.231031194667366 13.127261925927282 0.07678178335622055 0.06554653560522211 0.05 9.025419805755902 265.06875436662693 -418.83602992757517 -403.6441744394081
228.0324859814117 32.805372722711894 0.07581729511958768 0.02859728063212778 0.05 56.07023964525787 365.21486814406404 144.73516753738699 -50.38565964305573
349.9293604845945 -48.56319125672629 0.035465691076115524 0.08281924473658814 0.05 17.66403148147543 565.595458545872 -33.14254019612952 -146.89211218707473
45.84753245559017 -63.3140083435921 0.044976742647364176 -0.026911912049238748 0.05 2.7163425293988244 690.2409887836252 -397.8029354071001 -18.08915282330709
281.7314105387953 46.38946292350831 0.08589241815996873 -0.010681499938143145 0.05 5.9777430969811 177.43568661046584 -438.50691609514865 -104.19457427968874
75.85181911914731 -59.38104265166095 0.0693619744457099 -0.050082866648172276 0.05 8.763911010384724 721.4854032454228 -279.59796742116987 -220.97296999460548
295.09672878839285 -10.921409031168848 0.0976235288405094 0.011050154921181889 0.05 10.763990039102195 -31.14349356250466 -331.28446515338226 -19.746577423215157
79.61764079146849 -11.44208155784083 0.0774895128736186 0.055563674789967966 0.05 1.7506124534174596 448.92395354109533 -324.53837749047756 133.69202919553558
195.72818776737375 69.59801182845824 0.08087778371415855 0.03439471985163457 0.05 20.950919775256576 276.543428102547 219.9785423465073 179.50107936862386
328.15726405338165 -17.164098326167856 0.11567030845836945 -0.06271066851635916 0.05 45.46479813881222 305.47567772961884 -470.764299076111 428.74717393141486
335.20706297512965 2.3131949643406493 0.020410757809893765 0.01774988662276558 0.05 6.87477671470973 112.6711718696608 -312.4615110651445 213.68177742338796
95.65888887229758 7.4836154944200235 0.05731752711965177 0.01687279858391593 0.05 3.8996115468880403 169.43428528757633 -345.05391651916113 150.07732514246362
82.60584517306442 -82.87687390236486 0.06084903534507968 -0.005766853633730401 0.05 19.36912413994999 391.45414291344434 -162.81853806230325 272.72837196792113
252.80280562333928 31.564889011256547 0.07378176852288165 0.1049670137259246 0.05 12.760950760922046 290.5748296624882 -659.6235594176424 -340.96125196262926
265.47114332133845 -59.063481474112166 0.021074284014021005 0.021123085070260422 0.05 19.75434869275285 199.11450155415864 -227.7210828335776 290.22469418877097
34.71639703554812 25.325838604255186 0.11075985835163893 0.010575384347100588 0.05 23.930858560749066 211.3767374416851 -178.07865406498132 57.44358242957216
99.77873328198878 43.1993245881268 0.10266583311149557 0.10306241322619156 0.05 3.446618856895923 76.50482096299174 -345.12916137548046 125.60795621066066
116.80214679298938 -49.662442518908314 0.06332047214391978 -0.08045793401739038 0.05 2.7310861465543166 122.72821877482731 -290.08347864174203 570.0660025605721
23.36979758538213 -79.73573425547602 0.06667205086198957 -0.0899097460618394 0.05 2.0869568928835815 246.11846654850865 -274.81983188847096 171.41517621262025
107.26561984724474 -24.87827025815372 0.061306515139926354 0.08391990845486724 0.05 20.968669408329042 64.29642412792171 -552.8016571248255 359.0819644602301
63.48802444436632 -45.25112949666597 0.1059443301698253 0.034375987289184014 0.05 11.37266230178919 188.75767531600167 -297.37701852385584 309.942340378994
241.24104317765304 -29.55315371838434 0.08831166685944347 0.03146862644996072 0.05 7.236275019240276 299.67659545603954 -398.87366873369257 20.536010329036426
94.5577659975407 23.00338491379135 0.0828098443916152 -0.05700059637824853 0.05 6.007200894506543 286.19871228938587 -378.4046909571964 33.93916946027733
176.63381303665798 -63.43651476782977 0.09395642579401597 -0.00721924523452281 0.05 27.70722851007754 391.523913626823 -464.7867486241804 292.4885058389243
188.35873867295265 -9.996514273891052 0.03751536666839761 0.020789868801645187 0.05 2.922027495406341 318.70101280956703 -428.0176798291818 331.51714151067773
318.0507180924664 -51.30795358312341 0.0961265246220131 0.050274729683550616 0.05 16.798582064974987 177.00017408351138 -322.27801933282774 240.0419761252042
98.82722209496657 55.7266547928781 0.05848238201768674 -0.026411430385167606 0.05 39.85597506379245 40.9482162371886 -57.87060563947625 342.8678955035929
76.77283141255391 35.861676778115104 0.08660010028961973 0.03201267740995502 0.05 2.486842558728354 173.87494982339615 19.225776674009012 23.710414664158524
170.36230792778827 -47.76103120067072 0.06740544829974082 0.025415367963277816 0.05 24.85125778106666 78.92106367319347 -440.79538696297845 -68.60552446639512
257.0908290703687 -10.652839370545145 0.08033888562729086 -0.09311224822988746 0.05 14.09595624331265 207.46321899474742 -430.10574815305716 128.96721920301258
91.20251000035799 43.16876384237894 0.0771524926398317 -0.011845459465010847 0.05 16.85173502386319 548.1699364921549 -82.85656602883199 375.95026375782805
271.69380982164 13.39801260837745 0.06479989172154044 -0.06158175945654782 0.05 1.4909133342122638 92.1340191014133 -148.03340012121978 405.69612601909745
20.699928467772178 -26.071272784639124 0.07650833696453163 -0.0015413466420736888 0.05 10.591874482438417 291.1996443664591 -242.1709232588738 10.178906490690835
54.0557612269377 23.961021700281584 0.015293987714093404 -0.066832980894303 0.05 4.748165497681436 149.12509968949556 -506.2446761850141 32.867653091331434
239.8586072275992 -40.739445020406514 0.08553521989263047 -0.007674609085920145 0.05 4.244067505776431 342.83122353860387 -394.27704633977123 27.16398833176951
193.72069505640965 -10.951877390416662 0.027337110660006658 0.022909039869576382 0.05 7.601027717012258 193.76912271088548 -282.1171160147862 -43.70895615841218
202.45745437529897 26.3237050007931 0.0478783167496728 -0.08719260545063073 0.05 12.084646401308365 -168.6633660414925 -232.27335259962814 429.8939519073407
187.05340207049875 -47.395534174185464 0.05257692738430997 -0.041206707828424664 0.05 14.09786556787832 290.5654237721813 -731.0730605421535 422.41482961017766
342.28694767155264 -0.002939440929459298 0.010151482125187794 0.11712451045921182 0.05 24.646086244270307 298.2008592386267 -622.0334297419258 -26.55668081689113
139.95790422442167 43.543463767272584 0.10894899320075657 -0.049789182684045794 0.05 8.92585293971793 -41.430465457992 -110.9061099587415 -267.9739780228136
91.32470443975657 -6.550206272249564 0.062498935157290436 0.010113849180151416 0.05 13.249147249514232 11.289680453824275 -618.5090021349191 -77.9537597352115
212.3928391107153 27.17757377983643 0.09844968962876877 0.026275684321809774 0.05 2.0658886456625183 140.43842588083587 -251.0788456537561 253.91333920781193
7.157032440100364 85.50116561462063 0.059480649672227104 -0.048077024792745865 0.05 31.116080997918406 330.31131590336395 -162.63941009860108 349.2161776712776
86.71261306300909 22.026287055425414 0.060212234297638334 0.07507712338115942 0.05 0.981892794383906 -3.8154641450207976 -381.51563339122015 -130.31132129159184
117.92132499849976 -45.04822309559685 0.08288165575356632 0.08808666211549167 0.05 8.138070114514676 185.65680625725022 -168.73101750801172 -152.23179469085713
240.5750527687711 -46.468835952744094 0.1089347468243198 -0.004333272792774505 0.05 10.37597606691394 -19.88781347070244 -277.79843936784334 -309.9799645148801
257.93951045582565 -44.366398277137876 0.058652305591224696 0.09382806511877832 0.05 34.878697664701726 388.8494338294362 -506.15794249045916 -82.23293414056255
67.35093123134268 -27.618392420910848 0.046322936227984 0.049092343648123135 0.05 17.42115853093513 -35.73508840108147 -436.911618981683 115.89632978543172
127.01775692134898 -10.199355065041129 0.05382369145632282 -0.02978200168283372 0.05 1.7872604481575387 179.40039886148455 -16.250820680730556 -101.27479791780854
139.81151352651952 -79.63361181299628 0.06966583829886508 -0.011086244418363351 0.05 99.88405069158793 372.1887491525072 -234.4673801512322 79.4119473436412
342.2726410931105 78.19609652504762 0.07987682751499436 0.041670608850353535 0.05 5.321331483832427 125.3883695556495 -124.15631526853807 254.4681097336251
196.5634757869378 32.1932454891216 0.10957708481451456 -0.0858774503832568 0.05 13.34430409716776 333.31593420378215 -201.67314805421358 126.32122144211849
192.86813976239546 20.887647317652686 0.042849743480386726 -0.017134008239891942 0.05 42.03671512007879 337.66536106881233 -351.4632691207668 -188.08376220053725
216.63527395416074 16.161612017640095 0.059403292059764246 -0.004256815840662543 0.05 22.328003967093558 362.32309689240026 -388.0191170588193 377.4288803706882
162.22825036528351 -16.446338257257977 0.045848345987359984 -0.04123064886768914 0.05 11.716114733906155 282.66307596079656 -723.0288015763701 42.802014641668485
85.96650062878963 -23.412194939577994 0.08129669199380074 -0.05165355567350714 0.05 21.1735574896486 191.10773422993913 -298.6049071542389 26.617775860765942
323.00886542143184 -3.6682850818448944 0.0809336703963841 0.016474600785772394 0.05 0.8880510215614149 249.17570419671995 -96.9618268142184 419.3885546171286
147.28904167639467 -68.28312713699081 0.09852194449647156 -0.012447831583430343 0.05 15.063846682818033 267.80141529595363 -98.42915426846619 -101.37775909743391
97.04779542179206 39.14830412328227 0.038729240707567 -0.09789109702401334 0.05 10.540048933590963 389.14520429436254 -195.31516129742442 121.00377035502129
342.33994135860445 -19.725146840186934 0.07781365070346657 -0.08269541313041598 0.05 13.111607051022643 281.8461560810225 -164.2210783193255 -435.0086219140283
349.1125015540013 -28.369411307190905 0.097638919345155 0.08175679451495133 0.05 34.35797133873021 560.7675218081993 -576.5916579362079 457.2192814342938
40.34259020637358 -39.378265447522 0.07814523969543008 -0.018862699734361738 0.05 11.239955849047744 57.584160138341105 -514.8576282031611 -186.77185848285856
76.2923702624991 -47.74130464291516 0.08957680543773061 -0.013827845242407086 0.05 27.6547513065674 248.67095662728792 -431.5482722998503 -47.745880803301446
216.4522654656474 33.64095856808535 0.08088381669406353 -0.05989923039618175 0.05 60.7930594537642 5.61834714073612 -278.5498550191321 -11.023122221660827
347.74812889053015 57.693983624556324 0.06351992745551316 0.034278271560120185 0.05 42.87533770755285 -68.12138691274549 -233.93394725752938 391.86054863140015
278.4197273393996 1.8939656938321583 0.03459609699927069 -0.03094261767452604 0.05 7.510632416159814 217.42597574549137 3.782554104907149 -4.623088732982261
254.56187225692514 -42.37884940762359 0.11097025392060078 0.06170216360801644 0.05 9.3721308413103 45.99562561659741 -446.149206101009 -96.90761352040812
227.51210044202054 5.1409740927406755 0.07121018417344804 0.036706890708769806 0.05 10.547514509732393 530.9031453243459 -511.82998223160047 100.56775635315216
336.5900729832909 -8.656524472077594 0.10701150172702278 0.004343885894033868 0.05 4.647877861837183 310.61327891412964 -448.9656871084213 324.45415695181595
156.38749248079944 48.024149831854835 0.0733949019202298 -0.0011621917937337722 0.05 4.48290922617009 237.7316923373682 -261.48909978445147 261.5912346613087
359.34871187381384 36.71830787180304 0.07167968585169149 0.1054402806875826 0.05 3.1715351234965086 177.8114158951626 -377.13413277751704 186.84548607488165
268.8655656248215 -19.475540973204158 0.11030475819292551 -0.02855565064850667 0.05 28.42563799139102 63.817797376068654 175.86965600495586 3.7386380234532126
86.77374190079009 38.019391704237 0.08443521024216016 0.010975475997424763 0.05 23.344646986407085 25.556577735111546 -259.6903600623058 202.42672238239146
320.01888004395477 24.827520769347025 0.061320345899615436 0.023821560302513353 0.05 17.928300641043318 49.538087236759 -388.04045843158025 142.8661883077772
311.6882341835778 17.45957054633722 0.07698853684320062 -0.06355550233753933 0.05 8.423409032695737 145.5322059166151 -289.4562944217819 -345.8898112057369
188.20092332900927 -61.70082955329573 0.021403541140783577 -0.061375816944047853 0.05 2.382920534313105 462.5760757141961 -261.3167090384995 -91.29548913908542
109.58363922485705 55.83737613316001 0.07881041841944603 -0.057091917064875715 0.05 6.43015939007203 168.25755641915077 -467.95305059568767 102.61967607949514
153.11297854642336 -19.742026047690562 0.05077408979872744 0.032632869420902114 0.05 9.807181539598734 199.73044718604496 -359.03110891164056 217.1635236244187
215.9183449552536 -37.46309037817624 0.11243558998084735 -0.01839388375085918 0.05 4.290790653383984 -383.8750365912474 -8.674253182987343 -227.6223159761431
223.7491045305283 71.28450465588297 0.04822752690183374 -0.015179118187773307 0.05 6.3951103634675475 89.68430285976827 11.880398304680114 -110.65739804663716
164.8028324796395 44.264926676351266 0.0760340649859812 -0.019964555650836466 0.05 18.53504531809848 130.02521972550863 -539.3936356432091 9.65077065712157
273.0965569826414 70.46873294460931 0.10400488916559003 0.07086884234984892 0.05 28.517641169528545 301.76368755861415 127.07843835196286 -20.848253138098556
97.45733390303106 62.50880116672955 0.09563889396603753 -0.03501473965455851 0.05 3.9032985560002267 164.36804549517706 -184.86457656930753 230.60913825126045
229.34724490141227 6.6571635692787465 0.040573430961086565 -0.14011954669071558 0.05 6.3249516996366575 229.5399086289577 -83.62402296841788 -52.250127987950506
59.717550067456145 66.06454784923747 0.04864009662758528 0.10969930760559676 0.05 25.6667760386145 217.02512227339872 -297.3132480110628 -149.99232158168132
49.08816595812488 52.04265305938015 0.08805905817995696 0.05389108115276732 0.05 9.366019040499175 265.6449622017317 -427.30456518762185 -57.32583336572681
339.8244153064237 42.72799315885795 0.07863349064231251 -0.010716019795562262 0.05 15.817841082871185 81.17705239542575 -23.69776434331203 144.39901118590552
32.26693159700064 18.73497853066005 0.09995105374847091 0.02817153763048294 0.05 21.036060570229363 113.75070239856665 -292.3270547734544 -36.87589047475706
179.59125542685976 -9.24617986964956 0.07157793000435175 0.033626392793872514 0.05 25.175461453167586 -34.862238333805266 -607.8364795808851 45.718819367055865
183.33753621364434 -14.22120196574118 0.08959518557769264 0.035594898384196834 0.05 15.985559186377923 90.78933090734486 -143.87294322446823 1.0362300545812957
152.8834289343936 -0.8487306170638452 0.025127926772743114 0.01371374061125815 0.05 7.567387777380398 -20.56359161833305 -563.1355356148592 150.94264574667955
91.56802932772968 -30.106244016620074 0.10658060215803333 -0.05809518129734791 0.05 40.475071036092245 67.13858746707197 -786.88722966624 40.14250550728098
220.6988093027325 12.015921252935753 0.11200481083857672 0.040118003792279054 0.05 8.974371164067197 39.88891627212166 -305.8638434274646 295.5527568674736
130.73600014521858 -10.739428049315642 0.04769599280636494 0.054636472370875856 0.05 42.1585348226845 357.38051917380767 -326.97745003635015 -60.66662984968512
33.1815298935216 -51.01825498993853 0.07115752115904295 -0.02065898375804072 0.05 25.355087418685013 223.57455330443466 -443.0956450203274 92.7495578558756
323.47938427278524 -2.54998934948185 0.0722602340442724 0.08577741391812758 0.05 19.047732688963407 -130.39045112911043 -232.17599610225295 15.779594856193647
192.90417748940726 9.969363511840307 0.06966697773359631 0.022075356317584685 0.05 2.9029683168753677 51.657896184818725 -284.8844528478738 -221.82751190937267
203.50145446835006 -39.068168604656016 0.07703182357123417 -0.04774026051704145 0.05 56.39380174236576 94.36493013691607 -292.053690796958 19.438457387507107
99.42599999794835 -2.1666678985365317 0.07104107787654224 -0.05719901328555907 0.05 22.944897037661015 47.969304543546855 -417.694440684096 311.45025856567247
245.99268787775173 54.473086186575415 0.044673993107486876 0.03178570867248518 0.05 9.313338331717679 -8.487486718588912 41.71879023078418 55.99239597399654
310.2504020595654 8.552638057554397 0.0432554777065719 0.0411711909997163 0.05 5.4913609774110945 453.27282541356425 -94.82270607476559 85.13286612346971
125.73550252662704 -0.6943826614498612 0.10370292219361832 0.03053220449018922 0.05 15.981707109578249 560.8367019837667 -510.555366860145 349.7417575522407
38.78983372728367 36.55131821219675 0.08113021592460923 -0.002668786092913708 0.05 72.08249843850857 217.81345075130872 -639.088215107297 -57.035195410329635
141.2350634500932 -24.758441845708543 0.09506221282910787 -0.03807535424032118 0.05 4.714699693496702 183.00023081831182 310.3372110863485 153.96783860027438
277.4726457609877 -41.18542901636109 0.06954344442781202 0.0591412226801877 0.05 21.076643628186407 398.70124415622263 -182.99212107911166 -266.9514552622092
198.22307700714586 -26.583880974047357 0.08183382660800875 0.009074854159042575 0.05 8.291595019065905 476.6825601940073 -262.5835130385461 92.4938497417709
294.5143894490954 -72.53487378265412 0.06841825401917179 -0.034961545179269464 0.05 21.84669806711317 352.5045673163602 -400.08016880765416 75.12536026355966
352.10953745826885 -26.071112841090983 0.07104735050018407 0.005068911987252525 0.05 42.72440063269734 381.4284738811773 -30.873839249293383 116.44028767015283
94.5748785698406 -68.71980009568772 0.10927455992463142 -0.06743000850981808 0.05 8.286072735920527 218.44483920054833 -441.2736794774502 230.59870548426488
30.98857552971312 60.44255968769197 0.07349901134415338 0.07930116261276679 0.05 16.179033719070496 522.3637881699012 -209.40387405033871 92.73972993336622
158.64436213776492 -0.6026323430726179 0.10287204547916562 -0.039812781628168835 0.05 13.34430409716776 174.86582797084395 -177.86541308582122 -162.4437882786468
177.1834760792986 -38.32459756786954 0.04479124710881721 -0.11942546122513696 0.05 5.004257532633826 570.1101961200368 -191.82505383410407 138.10241143908698
75.01934314000376 56.47157955753473 0.05971220952990497 0.09724532401760506 0.05 1.5084585290241694 274.3530312101426 -377.0507783484502 -178.3410217904786
159.58425475331745 14.859458255412566 0.05102893055887758 -0.050822411849665884 0.05 38.27635338891899 297.4423825326413 -69.9792079682536 377.5904484044309
221.94544295301665 7.0926306672432355 0.09545937154482975 0.0011911762393237017 0.05 5.380355811614566 58.3974076813908 -343.68822690482887 24.45940431501516
14.111537213190978 7.193944308221399 0.058845031526953306 0.024379420054883114 0.05 8.96429104256229 134.1065438597023 -292.532803785085 79.13607266611754
173.37678872872365 76.52486036940371 0.055593402342800635 0.03770619071668628 0.05 12.780570609498078 712.6641547662175 -285.66834802049004 -65.38691396181986
148.18182973448108 22.36690735361464 0.07849596308518558 -0.0009296242375410272 0.05 5.088306805299698 618.2812653393929 -185.19728989952097 -173.54909294041244
272.7754925016323 -34.95855185605965 0.04090508053274755 0.0704650506198984 0.05 29.564917491059415 202.1379965898138 -120.80987510996212 293.7106940170518
96.65524099383968 28.676043666102665 0.07421959595534822 0.006496059936617846 0.05 12.887111290538368 172.62399791279418 -529.0317943538873 -39.133126937081485
345.2282548573826 -11.897302230031435 0.06543622698191931 0.0841600136956749 0.05 19.94766101170459 357.78980505164714 -186.24420885141978 -111.53853658488481
58.39793572214913 50.2445366373025 0.11074454563001179 -0.1261126422886547 0.05 7.501684493172258 244.04014989777252 46.988068406307775 -63.016831142448055
330.424726121246 57.080267120391404 0.044006268745172106 0.04741914844566639 0.05 21.829710141494928 275.0100071945631 -601.3915903358301 288.2982717485272
39.48446195313444 65.6553091831269 0.08388168266227813 -0.10164066926939913 0.05 15.210393666132312 -116.93076032464626 -281.1725774002446 -11.886008480749389
148.02088614756317 13.443338639574025 0.06383159376030134 -0.025869115346505718 0.05 16.542725253708035 133.96685903598654 -407.97809739764165 174.51239767053193
208.49780222498663 77.85020494116925 0.06251872859088037 -0.06713363794075677 0.05 2.7310861465543166 127.00807224847354 -420.53702123864053 -40.91568614802283
111.50066425961602 65.29621567064424 0.0807178907187891 -0.022941103098237818 0.05 90.96455676462608 268.30201440249414 -208.17783034788107 -153.26314550719755
58.224381316403104 -36.411642479282406 0.03795751310428863 -0.0802800215518644 0.05 28.24328714021774 431.16001691754695 -630.5726679536492 178.6840635137154
29.01677681126896 23.58313297480006 0.06684027048049734 -0.009008024381798922 0.05 28.06038965005046 112.71829743160143 -11.322170594444628 178.39328807907847
249.08883190519168 -16.050763109724755 0.1060895733000129 -0.09536535432255233 0.05 3.970342038144515 -59.77829445320708 -191.1651262419319 34.832292080380185
355.89943884738847 20.787786011744842 0.07853655591593434 -0.029271052881487687 0.05 8.560403947833331 155.4682097695068 -465.44472423712705 -95.24190434432612
325.6554334518274 2.176666653721494 0.09075956169463462 -0.001728205947741696 0.05 8.573022422590666 531.3824762708937 -335.34091942085024 -40.971507114356015
79.37834039086069 -5.235685544607317 0.06122857934411563 0.06174641839435035 0.05 45.56574610729134 320.4460132739331 204.47526331208633 231.36718238330042
257.58418739070646 -64.88795569857788 0.10379399545249046 0.06949271904021945 0.05 10.249061117046974 509.2995299246419 -536.0937247111276 -150.94940935319153
82.24584606089341 23.21772726161251 0.07805367141910269 -0.022161307156925103 0.05 10.565708118931948 180.37334941716216 -316.3527922521718 -69.81883375155628
199.6992144080847 61.38239133281214 0.035896716083592795 -0.04794049461701761 0.05 3.960856675772089 280.5166066249634 -345.7608816229746 -295.30772164312384
146.9992504796931 -9.5508197161224 0.09456802463172798 -0.03945667585653609 0.05 0.8822167306234157 376.5379619916108 -231.86772009752644 431.5553517712887
149.63257745635852 -18.878744777963792 0.0980094805545253 -0.034298611598236786 0.05 27.98683463564358 185.34766878834668 -125.65325559180783 -245.699358151862
316.9611306539659 19.64909457879507 0.0921335712186322 0.00853326085749154 0.05 11.093912766931263 338.3117193224069 -72.33648340113464 -82.38255995254161
79.58049970823375 -2.8599133158750445 0.09590519256473184 0.03958187100672053 0.05 33.46257766112387 535.448122877324 -427.62386134150665 -213.40319244542758
56.97578515088445 49.74656455787614 0.0958036766838275 -0.021350746582428276 0.05 31.35599725713054 312.2274315779911 94.52206444040894 -102.53822409546368
184.76362451934025 -20.055363476748077 0.11090546262195922 -0.09744379280457882 0.05 14.13470573811495 528.7736168996555 -443.5506139589278 -236.96336395501731
296.66182405075915 64.1206106911636 0.08001130455769201 0.022790622873919163 0.05 2.9819282787647636 86.4110429505482 -363.25091949492145 195.9850440110919
354.17379265813 1.6260976191691703 0.062207504599390395 0.03915214480747417 0.05 3.872417333987136 141.5438368636036 -565.8494150416038 208.765931068983
257.25329333912356 7.392223779633816 0.07372743310653762 0.01636136147774876 0.05 5.424956821694954 373.5331724441337 -254.97553360815832 -39.46304087983414
45.805986747572014 -8.18305964155055 0.03805494640548979 -0.0620277946787892 0.05 2.9141425535476495 234.00123496247582 -522.6922288684107 -55.60551345813619
173.5484172211568 -83.43493233561453 0.046994886028200344 -0.011677540203644587 0.05 13.28233468495846 185.64003626039107 -258.85204622308623 296.8699090640947
323.1960749186011 15.80084929914109 0.02590601411672977 -0.010790284351227496 0.05 23.391821123160344 194.77337746789 -434.26128917280954 36.44761645687824
241.50750996795668 10.683429407858952 0.10788470480284662 -0.04348071980575739 0.05 16.112688274402878 258.2510348366569 -211.80539927552428 302.3078783320063
325.1843687054152 -27.967704070225732 0.06691966304187802 0.10036358027126703 0.05 12.113919434345416 25.372633613031468 -198.9813820481305 -240.57341457374133
169.70469889752928 16.331341282254954 0.059351542480653885 0.016683251735337024 0.05 22.29624051963945 193.5988500359554 -668.5949587986795 -131.4740754143363
106.88553577448867 -32.74085372952027 0.02207284386706765 -0.017037758503110546 0.05 8.783781876278207 208.16047309132546 -300.8543740249398 -272.66118415715994
185.41633868313332 44.883311745549165 0.049826609755156515 -0.011506199498606593 0.05 33.69913072647506 94.50142351424999 -278.0511441397012 170.08328236997124
72.95906036266702 14.573436838918651 0.07584904523491831 0.004027975706790702 0.05 26.566610471152377 140.41177404796875 -272.71280108127024 219.938178013753
307.90357648233424 10.579208823160366 0.055466194523861256 -0.019054719595224624 0.05 6.979793402455187 78.62437387321388 -603.6396221354926 532.8999664190555
251.4952821421483 -25.209705235107368 0.044980772319302975 -0.05837097631289216 0.05 26.430437694487946 384.96780056202283 -618.1523726884168 228.8877864511082
207.27566686459562 13.455783043636018 0.09133495946233872 -0.021433628987458733 0.05 5.211002414815666 207.01042359760305 -54.10545973417317 237.25989285685
207.30341796647622 -57.01207432937623 0.09598238027549799 0.031976273995883694 0.05 2.233394270291898 270.125608714945 -47.64517219693451 5.485286957818033
335.22074846834954 52.82547330834538 0.07602736718116265 -0.19413310572727982 0.05 5.336712187525638 466.7122493799703 253.75727296045966 82.59336180719531
36.25468036989522 -31.302782254647465 0.0719307992074043 0.002996872259095348 0.05 31.62831240074893 260.0670948496631 -309.2124689185853 137.92367319265898
130.03275725992714 -57.25586816828744 0.10309262595288193 0.004656714255919952 0.05 17.88858212391368 -19.574548835204553 -450.0304736413999 186.3707824775362
168.13276675201732 21.142129958002702 0.019191070641708885 0.04863739965405317 0.05 6.413874737309232 125.13167978755506 -389.44245714334244 -179.3539113917566
284.93372440153286 8.940217439579259 0.10388290884785234 0.006904482192477412 0.05 9.775770533995114 578.0068186688899 -298.5369215948706 322.51012464846383
294.43970178197577 -30.639870245575228 0.057460464812904455 0.11446108577576386 0.05 33.22048096866046 288.9084546417044 -349.5471249008314 -252.97958871947503
325.13784657466573 8.735625214645138 0.07676970329957822 -0.011055205704660783 0.05 5.5993652433061145 419.81654868439705 -596.4735375807855 3.813489511003901
291.13103743376564 55.47835560486684 0.08562511155749375 0.01573879503781533 0.05 37.34847304018855 331.747184481334 -3.0153756222458696 -109.83860707997931
157.8948120658218 47.710808639406245 0.06209570117774543 -0.019956914431225086 0.05 3.5858381905919687 372.7013863719027 -399.0428811928249 203.91568346503607
90.58086620011782 -21.81855130393314 0.02666400971599847 0.08131437895937424 0.05 5.733864151203711 677.726287708268 -17.62384379775841 -414.6467688049531
122.6215325588689 -3.469930459643354 0.0575238514666756 -0.002237492374009886 0.05 31.80059679720699 477.2984233526239 -276.3465992631744 -257.91513019044373
73.39790413888514 40.607126418331816 0.11148199270224568 -0.001359295065938011 0.05 16.733617486491045 506.02777449704155 -522.374767533365 -63.20583091627428
289.92663743185943 -27.517351203170087 0.06790783943504186 -0.021047015459126947 0.05 13.328312825727544 580.9386123391065 -190.80949071735043 252.94109220217385
33.79963062511655 35.26868576328519 0.08324545769848646 0.06160871543407108 0.05 6.489994847525114 139.53215723954284 -452.187317565554 350.4053841192512
97.6723746612332 -12.236467339166202 0.09835138306762148 -0.05297303937998355 0.05 49.60429514515314 395.93126620100753 -332.42276768053006 287.1769334987806
319.2589422540999 13.126033007524402 0.0838076773239056 -0.04498552261116094 0.05 3.3055655710085743 293.4746615199288 23.713002543068455 -128.8920434641085
216.2485859786047 -33.956377706720374 0.06895806930773163 0.06746592518225604 0.05 5.069198878617102 298.3958052977816 42.65503192669604 343.1196547115321
75.35936968664426 -26.445656257419504 0.09026610121101042 -0.0028372999953720805 0.05 33.31875888319078 23.842584545684275 -547.5822548939788 -112.438678107416
172.36652754628813 34.25298694724259 0.10666458073868501 -0.003651329522647725 0.05 11.484962174701899 62.51068607590332 -379.6571533013245 260.63575364252506
183.46495935524703 -13.991174606595 0.09694478929045136 0.005547440359086381 0.05 3.682390043012428 212.87842793326317 -176.74055483144116 -98.16589793889742
350.3530684293487 7.019850158190956 0.034973500504903665 -0.03945439548275364 0.05 45.56574610729134 -96.20737920012982 -362.5204463908881 -100.62365592528738
280.55343159889736 -30.199344348389126 0.06532098343343296 0.008026119164780882 0.05 11.277586914042608 -112.30574626067238 -232.37284246324148 66.7020637781162
194.37006506328726 7.9322618670297365 0.05528291095970883 -0.011093471208693747 0.05 23.095450436768594 130.71902545011613 -374.5906290907644 77.15477477594763
359.63093704425216 30.092927322712562 0.046209929754306156 0.0234773546688207 0.05 10.432861954912203 166.74706836758554 -177.0544949422324 115.5660189261218
106.51653464307012 -55.21094036520737 0.07182333729986423 0.0522183825993458 0.05 6.848363740005889 359.8301320595584 -111.21678711468402 -76.33082741679078
271.4301318101779 27.90795511277945 0.0540214897829383 -0.021199821921504325 0.05 34.390858271030666 397.664097591908 -119.56532700670789 36.13511476500591
352.73730324363714 -14.694729585125781 0.04498514935875342 0.08892696939160541 0.05 51.3890089924221 305.0995398540654 -193.25371829368981 -46.67821205289431
273.225788559611 -73.75848470634425 0.06539198928720058 0.010025077388149735 0.05 12.361180245451775 -278.40233783280894 -266.1220381730926 -184.0530621779466
53.81088091688812 -16.1853778676385 0.0840842278306273 0.055552112868822806 0.05 16.369290712882762 76.93646466697399 -564.0948273699538 -64.71789705066315
26.44976887769864 78.30069866927313 0.06616539893209095 0.013424586377674439 0.05 54.38714617653004 19.71895662133926 -556.9317787824193 117.58693107011969
217.22719983666528 -3.1590843934402804 0.045432148065261524 0.0108549443979221 0.05 28.81492810304542 99.5712367902384 -783.8355086527206 223.16760446086838
257.0511269095859 -31.742000126530368 0.10935295631136288 -0.035326070601609076 0.05 10.999066789001771 419.2034824025105 -379.3341114258288 125.52373047700051
2.6206734413416135 -53.14845108507232 0.06531551386979406 0.058420430519926916 0.05 23.921928326894264 82.49370738402044 -473.0701872236722 123.63123528145452
207.5882385364225 -43.26902450719213 0.09041697083102451 0.0022641357009467802 0.05 2.2709280656151396 248.69713761735136 -141.06233034124412 154.2851142219355
168.86106292040586 65.2937478236837 0.0911539908924428 0.06653100148086231 0.05 27.313470388844923 86.63362740462478 -340.9048194594902 -52.953289881733625
261.5059027044975 27.089865793494464 0.05905557929206884 0.0065892622374564315 0.05 9.354859616874604 10.321865475458651 -282.94088029476274 -124.5934766316092
283.10448892306056 23.923570371005617 0.08806975879532697 0.06562316154591712 0.05 4.059719888566511 281.96855753919704 -421.1498473283588 -215.4810797691061
90.56061100583167 -33.357292471559724 0.04484432245694814 -0.024604961841810886 0.05 18.876567616335333 100.51968445061038 -272.7749017552255 -8.022883336184584
253.09850418011723 -19.533719747034226 0.08440614846444738 -0.09686944517796003 0.05 7.878759735439168 23.418753855487267 -209.3126097545803 120.4832182451157
244.40509023771506 -10.51906512875475 0.07089014816547667 0.0016784714521142462 0.05 26.80401991620918 148.59213266739872 -551.0862212845145 338.50056027464024
63.85094194928888 3.533792664147283 0.10216340585250094 0.1264084355777154 0.05 15.78377693220904 346.8059667943452 -491.2672542571672 200.78596669891385
229.36148843751954 0.343459080726019 0.1034229909539186 -0.014365316515433301 0.05 15.065742898160599 79.47760660684595 -398.8516017306108 231.6240365837788
232.72867140433044 -38.25548310146622 0.07354746260702538 0.0006088962912782908 0.05 15.138189324937075 -60.85548401448557 -147.61457420809865 88.77359498760664
1.618731265927537 16.004343692025657 0.032044100661708264 0.036559550213016705 0.05 92.81459582108072 210.56149935716994 -301.7173339530413 -345.568389734635
261.1752237298091 55.88678970240988 0.07944074969875148 -0.05279688259603414 0.05 11.967072811022133 -76.63258133382482 -155.66083018976084 31.804217183156716
38.916822604899195 -37.285113006479676 0.07667236336528904 0.007961776648142163 0.05 0.888871525286659 199.53168752317455 30.480461256800595 89.50661470103213
101.62132308428887 79.69076456049794 0.11087632492695443 0.012247350669430447 0.05 12.000912517378188 -72.3114955246536 -193.98841064103203 74.83506661521507
75.34797259770819 68.43442122390442 0.11134693770930104 0.008300994798006401 0.05 28.484310827592886 -15.494702146391006 146.46706226809505 91.35505398772422
358.35279451389755 40.411274616540766 0.08573226497367958 0.08452073792216068 0.05 2.9382852031351683 55.08142651552208 -533.036817414746 -21.906332527165773
276.10999994684533 -0.4708641684089665 0.06554927738015626 0.10665213023887783 0.05 3.9619612481745365 205.94031300736617 -200.94772700209202 -43.13701445358508
288.45190857185816 -27.472137537244326 0.07414371105810846 0.030963610175508933 0.05 21.015871253212186 13.642434129112189 -108.66755447105973 -73.52099410777517
302.97054435079 -40.728219728887915 0.04288288749944025 -0.011847526701425476 0.05 10.443651088422136 672.1891829936565 -120.97629793191584 550.7695609001041
160.54390427521048 -75.18910867839936 0.035431443680639774 0.0009590068001903663 0.05 67.90793133130657 244.4754241554617 -376.13470495296013 69.88968577583185
94.97326734954314 -8.471417376964595 0.08937992615815782 0.030725418829629998 0.05 22.364414316011537 163.3118502598482 62.80207759426162 74.6601272842981
169.8898193263974 0.35111873937598664 0.05903381247319861 0.012964749317294912 0.05 4.085339787123781 -107.34866059197611 -130.13308338959786 -229.90178632029335
18.4611181980416 -38.208231861671806 0.0808444330130571 -0.05548754891544674 0.05 15.445275654849853 42.67725977474015 -374.262010223954 144.62662380484278
86.41103367978317 -24.365190253027922 0.0855837316499386 -0.10149737245264752 0.05 16.307607365620527 255.19667746038704 -582.7808878999717 -12.709451115160299
79.75687982524364 -15.307548311946771 0.051097216538298795 0.03248995162089324 0.05 3.6046518119163875 81.19025933503184 -579.8060772444865 25.2104874492835
96.64242311167737 13.887825567953906 0.10625543710726171 0.0054123384503224695 0.05 2.37896005117575 241.20685511835504 -222.37393099817797 441.9073965059561
199.8128421439368 -34.852052565352395 0.09336700888526517 -0.04836520469976628 0.05 3.488927508256176 591.4999018743412 -102.64437872660599 87.27163691830017
96.2181826414146 77.3673955213352 0.06976909769351392 0.027515393601657282 0.05 9.758599001879366 20.510827473202767 -23.904520104824144 -10.419221380052669
89.8083023659964 -74.27895917100612 0.10477758397808179 -0.0867924568275029 0.05 4.9712644228913865 266.3200938173953 -19.939423545603233 354.1642986609384
51.312668273840735 27.898177490917515 0.09406433540165637 -0.05194335535125163 0.05 55.336906080874904 356.2220674932652 -157.55826278382077 92.83237434798627
306.93890796432623 -34.791618957609714 0.04820578560736677 -0.04512872399326527 0.05 20.51670715179521 124.65314043759425 -34.92084407810148 -264.88998676088585
331.09750760953364 -1.759387061990693 0.04202966983110512 0.004611597593825761 0.05 25.969603051767642 539.2821729693608 -170.01341184522076 -276.07129230231095
233.7145424120501 -13.341842730550129 0.04334349691326045 -0.0096500734032504 0.05 13.951209605036846 -41.76536931694184 -294.77280225522003 -153.96375371022623
79.62614906590086 -74.83925465762078 0.04358233876579476 0.11093687132288418 0.05 7.802986441254793 299.2337188034425 -547.208612650687 175.31373194679819
301.66476284195613 24.06047738930678 0.02287803169604885 0.10832823073127344 0.05 30.84017978442648 145.34372767262624 -255.47164265603544 343.5472070322407
172.38328162164564 -12.386293933257887 0.04933101485598401 0.05324110940853806 0.05 12.0307413775521 -325.6012098580982 -299.1087212446282 -114.66546030116461
150.2741886076792 -21.42161870422338 0.09170036681160232 0.01452661341142587 0.05 7.983884731891711 174.3683897285704 -439.54544154959586 -56.68738970395104
37.99516706251913 -6.368864858254551 0.03954485609445202 0.05483213754442772 0.05 2.029937692490935 166.4065423292637 51.43323951042953 -78.08254754151079
94.06917342843039 78.85719093900988 0.08907764953048458 -0.03160334123799442 0.05 27.275534303485774 -54.88737623557745 -292.1057780997808 275.72584883123
183.4245291194421 -62.36256796950924 0.059329794740116126 -0.023427803910951367 0.05 3.162498517233819 255.89615221514072 -138.66601519918845 198.2408755057828
95.12672739289619 22.08693481724898 0.0708302167444288 -0.05986936871883693 0.05 26.64997702734576 -218.7042146286455 -524.2857721356082 10.129444558986464
272.2588866373673 -14.912573136322436 0.10577901301826897 -0.010350463912079923 0.05 33.4447077319087 69.99549720643054 -591.8014310869044 -106.47021890553557
68.1571390397725 12.815519162110212 0.06577239506259391 -0.07116925473690008 0.05 6.5110674260218175 88.2376795225714 -492.2862140627183 -72.45642379255699
91.50754767073416 59.092420160844824 0.07301024053844518 0.008985425543606956 0.05 52.60651356583363 135.41820683016545 -685.1861609428611 159.37508761743163
119.72691074585923 -0.5449945906185747 0.09162216220870079 -0.0774607891607452 0.05 48.42848880244085 403.1292730943484 -137.21504875869428 213.68043834761227
323.58889408694097 58.96283388782817 0.09596349425881434 -0.03143868150401645 0.05 2.095876010261767 -32.438343956137146 116.6920481220792 341.3465060884911
112.67822624128169 18.594884238803722 0.10600659191200368 -0.03450920776442339 0.05 12.794691268066943 -93.06759869011938 -428.07896976116535 148.85202865456114
129.36707427295173 -52.208265127186934 0.09750465606975078 0.019240474191100556 0.05 29.451461128625425 121.7958017130876 -416.87660414582655 -161.00480388794466
57.59321884619908 15.308015094524867 0.05733500683329695 -0.08399258815384682 0.05 20.911222813629415 128.34811758874707 -367.5219726533792 10.288605427265892
106.20634670089552 10.039006397014706 0.07236748166798712 0.048757760847893156 0.05 6.06341348940382 75.09418395461958 -254.26427939565048 265.624166882785
249.05896557775262 -32.76591463304673 0.07084025985843612 0.006751565596254371 0.05 19.332050007236344 32.731106711892096 59.06776722653893 22.553008876471743
342.76483143032317 -7.59072864683496 0.07996471681949724 -0.0019980248992969834 0.05 18.42902751928365 403.0682806870826 29.256649916575043 81.34578311960811
250.80537743677536 36.20792299726763 0.1005309351558148 -0.06329356937397436 0.05 6.164527254492711 504.6106819404284 -300.60190410400594 359.51162686003954
222.0549264749645 -3.29092579618283 0.045179011052339346 -0.004025969056906042 0.05 8.046555181478215 485.64308229965854 -449.79176403583466 331.4091790112873
121.72547555369269 -47.728189515923845 0.09370189158254383 0.01249524385379233 0.05 0.7051163774406184 14.565776390159954 -544.6646089886224 -18.767535894977755
109.53606301414233 0.12502520907617448 0.10844958500490054 -0.013289258553427968 0.05 16.20617764912777 329.54138530170826 -276.7489037555624 237.70797896602434
88.99780195112793 -1.1129890145178611 0.06990668450580029 -0.09911473505721108 0.05 12.364526701678004 226.9672255029976 -557.6255571903205 -98.06905537529829
161.3174068697485 -18.59349733591361 0.04074246625695488 -0.05415050505687759 0.05 9.095259408420322 332.83979072729164 -337.0874014249031 264.1932104817695
11.114689865062093 28.447661323665994 0.09816041701746969 -0.04184201764365387 0.05 14.988241454005399 205.82870670415463 -637.7464632676215 5.564348430463774
244.85245925697933 -0.1372475854916185 0.10564880280514322 -0.035935391562494354 0.05 9.768707347201532 324.3318544175393 -196.34053614335863 190.76276903777847
323.95228403848574 48.620421493013275 0.062058699060849376 0.0638078061081675 0.05 13.041424811342411 -5.357087487738482 -314.48040892157553 -62.329610368171885
297.9368562862448 -3.918712482986636 0.06078571102918984 -0.020319690683477425 0.05 4.964779931839707 216.76006632707845 -105.80231865335296 -65.44550979251377
187.82212656028622 52.33585616250949 0.07457525309704516 0.012121483356967808 0.05 0.6294373547786046 216.3712925043775 -62.491692323905 272.7672642425138
212.11402195515015 16.17794516398066 0.09979646999974379 0.0005230095817898113 0.05 18.26669034880314 460.59080568816336 -206.72748787119212 76.30696315348025
281.10721824515906 25.019086599547865 0.07640477786945254 0.027046918244029692 0.05 8.069452839117188 163.5311368185229 -171.8137554853158 77.56931682754231
264.20301343266726 -75.67933829501828 0.06507601875282187 0.0178694711145285 0.05 3.357552259134395 213.1514706928906 -407.94411613730927 38.388012951350746
221.41650725609006 -27.90827387891748 0.08641485698780582 0.04524679727938523 0.05 18.979381983942453 -190.127356570068 -519.9122978704356 -352.1296942183314
136.68800832574453 60.91087317443169 0.06780813506549199 0.04451147254685678 0.05 13.50956722007762 401.36337201979813 7.326079974764184 -8.340371549501647
140.47120435250562 12.637102218534618 0.05231875489141191 -0.10505660761815228 0.05 6.207001030331875 542.9829867850638 -254.5884567963812 412.175023112323
349.78315778539445 -54.97590421146654 0.10508399788971601 0.00139517215253726 0.05 11.965925679961558 136.51137946625522 -489.4977919096859 -68.62312787031041
79.90200748825536 66.92239644609684 0.0758117087113539 0.08964666496337151 0.05 46.69728537112665 305.79415268904444 -693.6165949583881 152.7025465352164
70.42630566929434 33.76029156544327 0.012299031923152626 0.010571185715742018 0.05 38.90104564570713 153.23591284818716 -297.3210428643683 -62.22003494493451
202.8994291691828 -4.120378057741933 0.0903450833025885 -0.09205014514103689 0.05 7.302283594844422 235.0334485910327 51.970387901022264 -23.01475336531236
257.0881616252657 29.10764061062983 0.06252450277245414 0.03410331274988834 0.05 31.623307218141335 446.8013796269762 -386.59852038086524 17.509130467131698
167.38718715134593 -13.54583546389745 0.09933901863307604 0.06286439050760924 0.05 15.440972571634957 135.01138961049884 -189.76060780017923 397.2795465080068
326.2430069116107 -17.21460956483694 0.04240301544931091 0.011106710780317757 0.05 45.11039900407792 46.67516708145496 -29.483511279778327 81.27833532626823
297.75805003295784 30.461342941690962 0.041201041571628405 -0.01739499012154997 0.05 11.848759299863685 52.73533359186396 -216.72043273212802 359.156208685975
119.07655159513543 18.240552792425255 0.0387155024307666 -0.05874112221137874 0.05 13.442584350208879 273.07014701624826 -583.5289573382775 25.789564906546715
281.73089005569034 61.36584999152792 0.05616127904002988 0.05397722558887639 0.05 52.778285161562124 108.20037454503978 -114.93793036276446 46.934775866728316
3.9156651568515635 2.438378166025727 0.05241285617683422 0.029938311140425927 0.05 3.095322818944615 235.46772442073538 -279.3802076081102 72.17208332856119
101.5494699433946 55.76312243018169 0.09063548097188812 0.023143108137067953 0.05 24.927122836173258 -199.55864843097743 -430.7373728505305 210.255276888521
168.17639229488887 34.02433947309566 0.03821234910268423 -0.0647152543907957 0.05 13.471890209738259 64.05911515326548 -280.41079737396103 372.18155088989045
90.74424612286833 -56.79757983646458 0.08256145016184435 -0.020049756086134126 0.05 23.724255127238525 248.90726798322072 -479.8239666312852 -111.74043825149298
9.933416728931041 11.39028369219214 0.10154330223068864 0.06651424256085167 0.05 12.750060056030925 151.93724262656184 -488.9393518135613 -282.2807167326988
244.70362633426305 -10.427993663582258 0.07282369928559906 -0.018704434755927094 0.05 1.5800797730939151 297.57242213171156 -603.3220966595104 56.963668959666755
251.9136183275194 -35.489734687291765 0.05027335558682089 0.05367521155277892 0.05 49.37358838924816 262.5554399186581 -238.0678703341711 355.5897194467035
5.24905998697371 -26.71230067055382 0.04117845315655111 0.0017512091539619741 0.05 7.802246430769976 240.4655198085365 -642.2962029210478 238.02759302735478
79.3052638497347 39.53835253981874 0.025783245229490825 -0.07980711944190072 0.05 34.83555825593616 494.1137756250046 -618.2768275682915 151.37082841836292
157.3976737119766 -3.8451220426362656 0.042132355125090726 0.04425205081972834 0.05 15.242083494516462 293.3385747400606 -379.34571943638025 378.6465529846004
289.7183349946864 -26.239817699420534 0.034957975009474396 -0.10390114043451262 0.05 9.156388178990653 314.54212688184606 -460.1213970086062 248.70149908635653
103.744607832509 12.213150936420911 0.09981687224305125 0.003726299893125018 0.05 4.667027609986958 63.545534752161046 -352.664660488813 247.52745548645484
9.349145217509584 47.47428437282425 0.0640604353754819 0.046682491888806056 0.05 7.048059992680084 200.66029157841166 -185.30535190209804 -65.55580412918935
50.39468635073508 -84.3617108853487 0.07226846426719824 -0.048154325177146365 0.05 18.445170106423518 123.24953786366957 -403.6596682976518 6.605314702265829
76.42429662911535 35.06754803515136 0.05283990601486188 0.053709697434520386 0.05 37.24609474177553 509.05081795493226 -374.2019303844904 200.00183644694363
135.25670571650636 44.06566839440367 0.09298226321829106 0.0447686135087978 0.05 27.98683463564358 345.85673372842984 14.9130215132883 -100.13804325427898
24.824258746674687 -48.22736448614221 0.09298452491161968 0.022651788931227247 0.05 13.545931585115527 67.17712129513339 -463.36089926337587 236.84528535470238
108.24323838889791 27.663830396655 0.08643969081149327 -0.03765317043042289 0.05 10.010197651661905 259.6461846029157 -301.0280744245119 224.83157864634907
92.49224323339793 71.64789737757728 0.09740571267013576 0.10288472763447275 0.05 16.566103126722005 97.03420180962377 -363.14580782396735 232.70191082837695
85.22754525898412 15.075464653042475 0.09871926051205171 -0.007616400376624111 0.05 20.451148126538452 504.40930496840906 -411.95439119048774 -33.47960573547786
91.15376364414247 -2.361039818815438 0.08166239575912582 0.07216624683558545 0.05 41.01665773103877 514.8300410633897 69.47098965416251 52.03764114917791
226.37669006552042 -40.0295356640509 0.084390124242814 -0.018939198605183522 0.05 3.2221708130821716 177.933275220597 -338.2050391164547 84.9795865243072
69.3512013064146 -43.434011283238696 0.09062053181267005 -0.024432341982033725 0.05 19.473808010872048 114.7447495835021 -464.21446942521766 -267.9310009028345
151.46127153122217 -18.676263808008986 0.07816223144299972 0.01923830069698012 0.05 26.648361131606094 91.02525952558179 -122.47586131537639 38.65616923823198
165.7350147505164 -3.9662841569770357 0.05329810794491685 -0.03940829604126486 0.05 7.484329001051582 36.25018260956048 -487.41804068567905 58.165993232195675
101.12510326473986 26.28912746391678 0.05868538527461942 -0.11487469453494441 0.05 39.294159197984484 98.5072132248941 -29.59353549782378 162.2227100529112
41.37652360100149 0.6290984529738523 0.056357676032048776 -0.049404259238589134 0.05 2.9743244191993474 315.303684895766 -444.80915739304584 252.67180510373657
176.9430012893128 33.396904508174075 0.024204532300523107 -0.02515483243898048 0.05 8.875347780596453 291.11271448914954 -515.1105981618804 140.21700748293543
242.51382763909976 -1.9409298206691115 0.11384310325414337 -0.003251707118863823 0.05 10.697314776414087 85.41480262320648 17.329213134254303 89.88758844692799
244.62257298745214 -51.96499868506576 0.07701233014973607 -0.027338800058295594 0.05 41.7573374911505 270.3395272951367 -202.92201598984497 121.41613967248658
275.7666994901478 20.401363552562575 0.050391319866686546 0.079868108739367 0.05 39.72509762823161 -1.2275471467476962 -215.5835207349047 -47.28081889700219
253.5446968523136 -67.95652018465583 0.076556052034501 -0.018693627422597815 0.05 9.676035515779569 494.66828875808824 -445.9837197444459 74.13276315739408
338.4182387786256 69.96010130361947 0.01952436892021714 0.02915547223622514 0.05 2.0190573415596784 359.4707598109876 54.77616202954846 -178.02749167165146
147.6642603112105 -3.621896060976694 0.08083251446146655 -0.03749318074519891 0.05 1.06606307859611 227.01703220432827 -429.84942540368775 125.01608940051635
27.274103128197943 62.76974113473905 0.09653119894390128 -0.0648009282269215 0.05 5.709648651064949 45.73777673453165 -495.38050303364736 167.0343803536507
11.28926940479993 5.957983684706699 0.06236162807569401 -0.04777571103287096 0.05 15.956073978467694 196.08181407132145 -144.65567259047728 -111.62973086355447
234.75927692437713 28.59364622782436 0.07155916223224645 -0.10117022686906024 0.05 3.5028029755002947 508.7108050683992 -232.83100816914856 352.08492045804667
246.7413848732705 2.691841167212176 0.0199372149432413 0.03526683916081125 0.05 9.044820347537883 602.8732402194512 -373.7583512904574 33.87715422140681
72.51855409210287 27.38627201528104 0.0721954021205844 -0.03322955017281518 0.05 9.896974296891203 129.29537095085448 -440.0537994552301 237.48044680336727
274.26057516153014 35.95678975755624 0.042246844756402835 0.06460159275351587 0.05 9.995852627629105 488.26245529701833 -366.4788520351158 208.86613100725228
1.4105642153737175 22.33803831705739 0.0793102157010468 0.06863881586316183 0.05 8.403813666354468 134.7199125306123 -463.3999455585322 -108.60507237822702
163.04162602073094 -60.78690439275993 0.07036054851517815 -0.020114199830268367 0.05 5.575667897254958 419.4145136322336 -423.24257399252497 70.87272619282258
184.14196796843123 52.99745407093151 0.07097896629863154 -0.03381326903346997 0.05 12.17916062312408 187.54255277720125 -82.26835796982468 163.94424825808977
205.39223566731582 -85.95313737876258 0.07380136306734375 0.03995435494211798 0.05 5.325177932954449 -212.46324462735328 -32.203251685076395 -144.06713884902354
77.02660980677175 -58.54700535209492 0.09541115967763814 -0.0297209629025639 0.05 35.576356311561774 -237.76222974479077 -332.4482167253561 4.273637456465309
279.99914037592544 8.198234921126017 0.06850845341173306 -0.015250188058634779 0.05 44.66622913198121 -57.89408103752419 -458.6895530038644 76.54029859416907
261.9062555454936 -0.8078942469554112 0.02190612589690022 0.026254433544158566 0.05 51.90670044328291 296.86916388016465 -397.77494661538304 -204.70519981848935
21.636989627813854 56.95177723445084 0.08302844041404378 -0.021634120570051523 0.05 9.813451646939283 -89.3040171417669 50.856287908849595 297.6503300059817
325.3947820348705 13.662245603559404 0.039857068819240116 -0.07589882899466238 0.05 22.16356112991709 236.09591892032896 -377.79007738204433 -146.45031114819045
96.63398716335783 20.72939114747063 0.03606359741595977 -0.012950843880882327 0.05 79.72677658012593 272.79625949000473 -158.01065825306765 -42.80682356757151
148.69732957427507 22.226849243571642 0.041243967134467985 -0.07247868179265428 0.05 15.343764516309433 339.66868479398545 -532.3245865046746 207.78303431446645
132.59156207152938 -20.161775180652338 0.10403018975211209 0.015275334451714617 0.05 1.7968776100258437 429.03106052633666 -489.13123830025006 474.2024958994635
186.7938215112733 38.61850494768331 0.08377657366093594 -0.037354228511572135 0.05 26.882675027111564 258.2026126916718 -155.73876978621303 -430.34822389365786
257.9966644973901 67.89038719211763 0.0718965803680629 -0.021022103164244924 0.05 21.214777056353096 214.84161092857343 -58.8794689663967 -49.54339085550238
189.92407671370745 51.79636711347017 0.09480739516447767 0.030225760828326016 0.05 15.769737140858417 25.99210762615988 -393.48194494222554 387.92013872499786
46.21158486403755 -36.41292132364243 0.11042717676176861 0.01978342233362314 0.05 12.921050940478105 451.48225970513823 -29.0652213963715 -67.01053611258267
285.8311987565938 16.58924566282636 0.06032479310855332 0.062473841937471776 0.05 59.93559478003599 45.55067095925415 -307.2163870843247 17.979913599781725
240.43316103965873 -58.05794809705747 0.07872685455904449 0.0004544627474560997 0.05 19.824505353542584 43.113290007652324 -362.01368380058955 -104.78037090593708
267.72687497578875 -24.967025841839078 0.0833755777298899 0.039202902639014346 0.05 18.344180383207565 41.006125167043905 -544.2732149508631 -28.69661445632066
98.6657519744349 66.48089038423335 0.057459869764308946 0.06180178918934085 0.05 4.75927787312919 -161.5774182121571 -729.7123170265518 -4.401169225830337
77.41274252994307 -2.408215659903082 0.03371064245971511 0.08124181216153381 0.05 8.338402362634111 322.70069420519434 -130.66159449037463 124.23467036810698
262.8011123044665 5.928839966327218 0.1134616121627039 0.054542006756221166 0.05 6.9277562386542435 230.86347646768195 -467.13867918820165 50.72203776919605
171.5334554114297 -48.07582160778049 0.04857045793616632 -0.011949491904238095 0.05 19.79313220809875 325.5986514329061 -232.6152776792253 116.524050011316
235.9056863054614 28.92175333686239 0.0740101427329658 0.06861624971796607 0.05 7.910117683945841 105.65813053742504 -181.14054282693792 305.6915284102838
298.4976917645444 20.20167554065684 0.05691154457846581 0.011342988510919636 0.05 21.665693524098085 86.18202990718096 -306.7821818024542 -116.64934789558734
275.45924605973465 15.874422769481106 0.06704920137320158 0.029778496366182433 0.05 11.914420839001059 348.7347865880922 -404.1723017221501 325.6080267307185
19.64045592241137 -41.48726144864105 0.0691887342021682 0.052727299096849194 0.05 7.4983084664903625 618.5209556644998 -493.97213436608854 -182.62822606543872
65.5621563003053 80.71318702630533 0.026788490182183544 -0.1301368619862899 0.05 4.3848017261176 10.730902949588994 79.01282196280698 -88.13433951172141
316.0014468733683 55.55655969326899 0.04741096042996751 0.09570531426873514 0.05 12.288885485359605 713.6258604865452 -283.35123087608395 46.65587331767105
5.659199550276803 -9.320759637766281 0.06629280399334903 -0.04202415854639005 0.05 6.9277562386542435 148.6639907327949 -314.0935668001398 -112.40768102854716
178.6775418198943 41.99039110436852 0.029155745616211037 -0.011835536985974917 0.05 7.660721578043293 170.36129183123262 -833.8786666583086 23.100260835337888
287.7497718291492 7.004030077472916 0.039721679838833124 0.053989752694544355 0.05 16.46346866031592 145.8778884525483 -457.79715467958465 -428.25942066008525
0.25400958144321484 3.327706551618895 0.08760958430422616 0.05738676416735604 0.05 16.089186941728034 218.32118341895722 -693.0489283583222 111.36879569701256
299.354963634473 12.321185627304406 0.0977920878828864 -0.0679389192958345 0.05 51.74610002084463 -146.00538423401025 -442.14552822923645 12.657320310916525
98.28958038899377 -87.10750070300621 0.08373366959660777 0.003999530573847949 0.05 11.20658587411611 110.3975192750029 -453.99774462735377 15.563534625279075
339.67910014268864 30.08409236632428 0.08936825265262849 0.07679491510020824 0.05 10.758379163480855 -3.608390387290058 -375.7679043583156 -20.756475859331672
53.48535835498151 87.0853152779511 0.08472390015748221 -0.004191345416350777 0.05 15.508166060488305 147.54624118302286 -360.2877550898888 -3.502863862055449
246.46274481633475 59.93823732154861 0.0805112615609691 0.07549447799316378 0.05 19.488479337218838 177.11056495431455 54.27920960429134 140.86853512194295
246.3256497693234 9.338111133232188 0.03582006837646157 -0.01775250116951657 0.05 25.04090439603867 114.24406488215122 -293.23661967861 -153.82062136621292
43.819980797557406 58.79318303943459 0.02632308932511984 -0.024175785736702184 0.05 15.275415208755152 210.5851897156163 -301.8180915516179 99.65543837900913
259.93195874224597 2.01048774112666 0.04629715519374544 -0.039672566669985254 0.05 6.7905545829326135 268.3554170042964 -455.99575528627906 7.7125273919730475
205.66805909011043 -12.450138911898154 0.07103820521764725 0.006744674145395282 0.05 9.293033291266484 324.1102726641788 -269.5260439849197 -66.23238110078826
138.31073751540023 15.629196678499806 0.07219112754185875 0.06693486351579947 0.05 36.21549093143782 -215.66926303535848 -428.2140336473245 -21.11806466004333
75.68857026351746 88.2894397150248 0.0716513486654391 -0.0281971166777179 0.05 14.095833338740208 305.75842545272485 -406.94045634926965 57.57952687946488
142.87983130254392 57.46660926092622 0.03334524092695612 0.04791499411109012 0.05 11.651586205419964 -149.06405533658517 -467.0131323460048 38.01260766069244
236.83061979018495 20.420340824311797 0.052535824886658755 -0.10691297169461066 0.05 2.550710677573503 246.3175101150817 -267.8295958555754 473.5849328511132
42.69870470510063 -50.78138312584093 0.0996708273957112 0.0786829325693459 0.05 3.6078027004745015 346.8216494306135 -111.79514895451607 153.44884386189915
279.65397210465557 66.78885381113294 0.01492353861015494 -0.002093008236274521 0.05 17.279410887472796 177.14723166623955 -151.04548905505752 219.40381254186
282.002208670939 -7.529194785180686 0.027469445671129078 -0.017051482350306443 0.05 3.2902713019502734 404.5426189317035 -505.7976367231753 202.331768248485
193.97982447405806 -34.913330444124966 0.05384949824268048 0.06451036519401411 0.05 8.883612407542454 192.04066115886522 -356.21962479292415 -181.36668768281913
209.4878771691207 -7.886253786387649 0.10102444599702576 -0.0004934471904309379 0.05 5.095499305870998 247.09746130015466 -670.2050743170885 271.8370687943682
27.34344662927176 -28.430942728785936 0.06524132269094163 0.04457271494137713 0.05 6.455934797111757 646.7147209389636 -154.92290062982858 142.6682939709832
74.99570246130368 -29.32452251192891 0.08196684068536442 0.02642475888354148 0.05 10.570759333246858 268.70629464229046 -114.16833628194644 487.7969454271236
278.40930078759453 -36.79959865382054 0.08274366230508301 -0.012655214478289828 0.05 43.68025986722104 480.54221898703287 -480.83765717817846 -146.1921707420925
251.17533400577648 74.09886883871614 0.08682217089386857 0.06088370969320052 0.05 5.01684376292144 473.9373789526081 -244.45246740247416 -82.46533472329378
342.5547726710094 64.79700872037245 0.07177509729070941 0.035767541753906465 0.05 15.506497340784184 -169.8268710741096 -193.71251010072538 -245.0064314887244
61.54914273401977 56.21261303177616 0.08423409106388946 -0.028919335827907067 0.05 21.31991313358783 41.21446388945685 -83.71792945194537 -90.16108629088339
77.88596918155922 -17.332861334861803 0.08762758467741061 -0.06353699074846453 0.05 11.97971072502585 70.17518734159017 -373.0303455860465 152.78791677501675
95.8361667549963 -10.562683876804117 0.0928335216425964 -0.09429393229215963 0.05 20.719034431764445 -30.580775826213227 -182.7176178948741 -34.497711386739994
340.7449687326262 -10.869401121909853 0.053698548936566004 0.042625245481632865 0.05 1.238509060588537 473.13203815633324 -197.42963072049847 -9.275737649805663
134.35827728943917 -2.081802904138132 0.10190476409316429 0.06421782945080381 0.05 17.874700182708978 524.9120629442082 -229.01338859225552 -113.12473153718037
163.99188194045405 -21.148069305961556 0.030877051006396927 -0.05577399483734111 0.05 8.307483826065367 299.52497079327554 -167.94313506791826 123.81581754781828
306.91010477011184 2.5857947872594464 0.06498175290567287 -0.005007078876779339 0.05 1.7267605686490275 157.03677569084905 -190.00424259860472 34.714517691048364
67.49846607401227 6.3839920731942685 0.05987324676147665 -0.024473626891274403 0.05 13.186629588255528 280.994935130951 -336.36739972052044 -186.0038894031392
338.0891338333863 4.726698077043819 0.02027450833033617 -0.0005899003847179111 0.05 50.741039692344124 110.4856772458586 -305.7763084601411 208.6961672854875
333.1740697476964 2.0143467112997486 0.061724371960729885 -0.007302836739035595 0.05 1.8792122000435918 139.50606105199208 -291.96375666682906 20.155074673944423
286.831999801782 21.16535678642627 0.028412805545747766 0.026354919259804772 0.05 30.758838326592713 606.8356681681303 -65.06116962520835 300.24848969835807
262.1441741955916 -66.24301688326945 0.10465249667175258 -0.0463676940818183 0.05 12.306916851885433 24.106411086356275 -362.58959710395504 -361.0115095245079
84.95214139914297 23.805464900768445 0.08927467706733339 -0.015574888332694336 0.05 42.03158049984499 78.53525342991186 -434.42234008753877 53.81719287929616
64.81193505679119 -9.75424386134899 0.03400239312142528 0.011121142657051566 0.05 3.602323423507406 -44.77822854001582 -152.2201518045544 123.53151437312447
6.471488309442099 0.5897878555942458 0.038660830325991435 0.005985228997348895 0.05 6.029548206031261 369.31127391250783 -346.0765145703203 129.81230077018498
135.2839433708005 -15.549268304832992 0.09180467231942502 0.0460491855948411 0.05 6.919764754358655 128.10169541666556 -110.21450294613317 111.17279053623645
238.10936720137528 -14.513094578551483 0.07726797019080323 -0.004110703327321387 0.05 14.383552995281573 230.2803952103648 -345.5621904533512 -41.46192013289745
120.99423755333403 87.72074494553347 0.02759016001190684 0.06577584215950953 0.05 6.250144408007124 217.17236278545283 -247.11844497361875 -47.065936328284835
274.97852671981747 75.86237698709427 0.03807119693809957 -0.0014176847512871148 0.05 2.5557141270278443 95.63083771441978 53.74942410295495 -471.2546097319764
345.9970931002124 1.7156949136758377 0.04938518457710783 -0.03480276711271099 0.05 42.10405793730036 230.31889576812947 5.554684993467276 284.3688877587796
99.29981608478549 36.2826007896481 0.10414065688175911 0.004062104499486737 0.05 9.291583107694555 457.6652920089701 38.643536400179926 -20.63042559978004
319.44664568067947 -1.0363247132764555 0.0896312128106338 -0.057515733348794944 0.05 0.6384247530430383 233.0609832055643 -465.4637771529931 -7.445777157619737
137.7373633914103 22.884827431562485 0.040616837775500736 -0.06157469237672977 0.05 6.928420574939764 129.1634521322552 -231.85006270239575 -127.1329578826277
39.883714915056224 -4.15655329050997 0.05305219744624212 0.016621550226409966 0.05 18.320461605583624 195.88534211418877 -472.95414247552924 324.6082546154019
220.51591836707053 -26.563301830121645 0.09334914891444646 -0.04914894367153095 0.05 5.966203897310151 203.21687546981093 -196.42889679237032 176.02400584166784
281.97639124034845 7.053832198795204 0.06625054931319085 0.09016441727189822 0.05 10.108359327899624 464.1298298799982 -294.4618201320163 197.97385831202473
250.89247418686213 1.9634015840118355 0.11211671503329868 -0.07165027238886577 0.05 3.8168043002767895 231.82022026972282 -85.55571585947553 4.093134644052988
316.75918213867425 58.91414139459154 0.019553995345481523 0.11614860735261079 0.05 6.711023518120754 395.92196463429406 -737.8871421602237 67.83410790988356
226.94848965708155 -37.87559017895562 0.07420224439418743 -0.04338384860709372 0.05 2.431979806219436 132.81370059226634 -497.09517196748334 81.96621850434445
84.56345208446115 -17.330428432828633 0.07748689674179987 0.07143832543995113 0.05 6.923851278181877 445.42125285837824 -38.81089828236355 255.93785506300475
249.00876905509625 19.54272091770913 0.05970151735158247 -0.011001570065092689 0.05 7.296223620935196 113.70852049273343 -379.719960047143 103.66029937735169
104.82287288140263 -54.78642682301002 0.07497091986858906 0.04993997748964032 0.05 9.4992179870341 138.70438471420977 -135.05147388644147 -10.57460371438745
85.21371560102727 59.49143944975148 0.08044432021488634 0.04038341102519972 0.05 6.701978712851944 306.2732147529102 -677.6020568610031 -26.585577556680462
353.02215191675907 29.72470695138527 0.07718061591633352 0.08677247688830686 0.05 10.311834614034906 172.41192042582267 -34.12343832992178 -91.85134000718432
92.92479766825348 -19.095977260846084 0.10470005590207321 -0.01599850508573394 0.05 32.61510943867948 223.70606564779789 -380.65110415581245 298.09963107886136
100.05792586962477 -4.792236615981125 0.05872261313834226 -0.04134622395422359 0.05 25.37287229496777 269.48198238263683 -244.1151582338292 285.22782151518584
159.00698764390083 34.38033375481174 0.029255304660148918 0.12816242779306858 0.05 1.865091205158436 -210.80935440530328 -257.9483826747968 79.5967021368523
174.91438214298856 -31.391234856793933 0.03256808237952735 -0.01036038190678893 0.05 9.734782088233187 224.94246774756724 -566.2601032918453 -82.8218245766798
294.0637435062993 -35.16969209315241 0.11058502872937392 -0.04964410287224853 0.05 21.79509614966471 707.1837584633936 -363.7313840156374 -316.02412427656816
354.2765058087788 -13.737483190173691 0.08200298341375367 0.021702881911473532 0.05 16.359106764473555 -151.9073045377861 -440.09768689284977 -324.66079907565506
237.12022285625818 65.79079998701786 0.04190292712738275 -0.014963395680940881 0.05 11.05379826467998 -3.5466078065787485 -438.7445542375717 179.2363496662198
340.97815632467643 -9.190475518785933 0.0641915700411404 -0.0014663295710251518 0.05 9.692669151230373 97.80716754423486 -340.3580193586877 259.96337655669265
316.6589663185192 35.650047982529905 0.11547309101735959 0.022744344811536095 0.05 11.458116968027891 294.98449018564065 -248.83034459415333 -152.1062561828436
283.62879765431086 14.626562277863382 0.07277757867140489 -0.0013991539329558534 0.05 3.362395259341241 209.71391810336942 -745.7365217518479 -124.81078959818927
131.49851711303435 26.701291988271546 0.0771918785551573 0.03623124706866524 0.05 17.644575606020705 125.22969023607628 -174.95875993685135 82.46254007458252
277.1738721142135 -81.0306308769879 0.054186050080309967 -0.035668962181463905 0.05 18.242322882995094 82.44265609630573 23.39215134282449 217.65894967303007
204.33354674201556 34.59402834557166 0.034306436295945986 -0.03630962955768154 0.05 2.7254371727706763 219.7635390018297 -387.5551234627782 148.9929916721229
118.88659434698172 2.469647467682685 0.017222771163042605 -0.035391072589392975 0.05 6.637429905332524 745.7023711428561 -290.1829920477382 -29.828141286675503
162.19631792974377 1.7989787303172124 0.07807720019286091 -0.018838778845912806 0.05 2.217652350044103 344.2958591716531 -312.8355658952282 24.866442232414087
232.77041161967463 11.309461730028648 0.06111433482555273 0.10178257941973141 0.05 6.969495761350449 -34.08937007435014 -373.77139606553817 -36.79726234769353
166.07082378773654 87.7001380436872 0.10217991647526192 0.04151958088656265 0.05 10.463505586638412 -122.94038612288205 -298.7807961629328 -256.3029444749871
282.37504856255254 39.30328766947769 0.10121245654977673 -0.030044554007180018 0.05 14.22744319658765 586.6572301151315 -454.04551460036134 76.34482836592308
210.75061844734486 -11.16214609927523 0.10237887255622757 0.0030169419721794957 0.05 32.22727886588622 191.70794330082936 -391.99789245722906 -155.32340840139614
224.72464192059164 84.42723959550042 0.05563094964128901 -0.01697881108313913 0.05 17.81709566684432 588.9621590714066 -269.55792734844556 64.03771095113783
52.94071650509728 28.234910403747893 0.08082712097507261 -0.09981714636774311 0.05 43.13485772771734 228.7236703338206 -261.3691871149192 232.03893088589427
285.8590573926588 -51.53145611560326 0.031608849685222484 0.001458627412778293 0.05 46.114462561597016 54.84922339904338 -269.3673036776513 51.74568191218354
248.02517204564302 43.81110159523736 0.08338496711771648 -0.012091587061265714 0.05 17.201300267720782 506.4065501236057 -107.21357049451939 -213.33392102702982
208.90700550577657 25.935010909125957 0.03664828312651491 -0.004769765594135713 0.05 12.607382676119192 303.6999369868979 -344.6706511267191 67.3870300626503
348.49201140870184 -44.7659267965093 0.06649842924670324 -0.036343220398172255 0.05 20.7257830062649 170.9675966526615 -305.42967344041466 376.23827410814476
42.14562459478209 5.846784616038422 0.06115971213357296 0.02294411790464268 0.05 10.722222302677173 -56.269344095003476 -548.6103047648469 144.07772352599764
139.88018127740256 21.65065904649805 0.049172944077993996 0.0045543638406589995 0.05 10.304155110794666 421.1956169921573 -739.7327203042385 186.84971733428046
2.138016772246898 -2.314416108717456 0.0571452040562066 -0.06705361524699074 0.05 2.0774396296269244 151.33135558565203 -386.8280140773105 499.7522980911065
267.13327311840663 -83.15930383209674 0.0644233353400403 0.02413803130080015 0.05 35.76396440437728 251.5513489330554 -212.43990363398882 159.40932628457728
134.59818868291367 23.205295022509805 0.10758758427289794 0.03953130727621239 0.05 3.7723049049456012 499.27488324357927 -600.6518583496684 293.7089919415747
238.89263260411676 47.82027350818142 0.10481954873571353 0.010780354727065056 0.05 6.922527710045007 -30.168438073548884 -31.237315633046933 494.64396147637297
192.7227632392359 58.31873361730773 0.07889181392750144 -0.04945008166536962 0.05 12.538883246140651 250.05895590650888 -319.61699403807256 288.9779215067432
230.43683850302557 18.356561428748595 0.04293563670900591 0.005188348403022276 0.05 56.59602665194795 -215.3145295509285 -51.80927328007837 -308.62115183306986
43.7405436320705 -51.82438495181631 0.07768126869001235 -0.05797037475524424 0.05 1.2970949145130173 66.15784459405234 -196.11967569807885 222.26101515387464
176.01628908476067 -39.4260955957427 0.04410424204250263 -0.02393654011173902 0.05 12.645801733460667 181.0513577676685 -25.592179484467863 -245.23302265394693
293.6031622670423 48.31433298120659 0.07515469284537724 -0.027245402771848014 0.05 32.92638727699029 122.17219695456217 -24.237930929892684 317.91424724535227
16.018249453876063 -30.438159649263174 0.07346696268166775 0.004759648015929748 0.05 17.93625791291473 210.60630027997266 -181.01632361640867 263.2847375547693
293.2151268342374 67.27229993158251 0.04053545938728287 -0.07081253265498029 0.05 11.160446167752516 251.48718191820257 -244.2368600436591 79.63915398377407
226.0578686954364 -1.1250715258876094 0.044562054765565406 -0.0369924910268535 0.05 30.75128569819453 315.3703237636385 -431.9528430519862 159.93712535838068
93.60020166545316 -1.5721444903840909 0.08888361074657025 -0.030079714415701217 0.05 16.983338172998927 337.2962662634278 -472.95514692697174 89.69247524253217
344.4809380209806 7.010561396614055 0.07182230379797216 -0.06705041203220344 0.05 10.26413424109433 318.05433769156537 -604.6905897862089 272.86981789237086
16.522262479952854 58.80979090093877 0.11187218026022472 -0.08071628338923886 0.05 12.082213022908892 198.0553240938485 -185.05736584534853 82.9547411761533
125.44432430134147 -3.733350609575024 0.04951926228797254 -0.04078890001445812 0.05 20.46211581798463 546.3176125039367 -478.27558368044595 319.9100749164131
269.96594372743624 -11.534710582986081 0.052329135462715115 -0.08432099647079891 0.05 10.694967167061073 123.10592014943332 -57.398579084146775 50.124934321291306
142.72675671074515 29.406213269274595 0.01773038180054609 -0.04066923578463823 0.05 2.4628878407065296 -48.59627530076392 -355.5122538720837 50.36205484946427
219.54372612684702 -38.892623077248686 0.07563514639201863 0.0020159586357780257 0.05 31.472629834242092 194.63929699394959 -206.07650856172398 137.0815807281309
77.36974229079307 11.516405077663679 0.033355851281051896 0.02151180675351485 0.05 9.411798844554964 385.8083301800132 -167.96041188542304 3.5490486839856317
190.73214280974807 60.2185651619862 0.056608178553308575 -0.015295702935972568 0.05 20.80182519518208 211.66883474834356 -239.65309527766212 -259.7812934844359
6.771979785433659 9.324325665611966 0.03832217934287585 0.07799994201299107 0.05 10.94784725889711 34.245896263747625 -176.3028154319506 491.06088645049226
140.25083321127462 -32.6159013844294 0.0795287895329535 -0.004878224270235933 0.05 10.586982042814029 451.39897755678714 -401.54717406056983 -211.2954047700366
44.9247101697903 30.965762737422445 0.09023778942080929 0.04103187214541607 0.05 21.804179922813454 149.09119021779986 -160.5491597012634 137.7844657337083
162.66553936059893 60.6682564901587 0.09538040922101199 0.0011298655408681578 0.05 14.550838548578161 321.4694255733222 -196.63057940534912 270.2414631331733
182.2601081334402 11.552864931212067 0.07676159476224442 0.03709091340366008 0.05 26.304264014843916 333.89842266644575 -594.4599974858946 250.05898988567873
115.28657284497487 -39.81975416994325 0.07222217732004754 -0.057124786837724234 0.05 19.18918936328732 373.6270120509207 -706.581192788763 -246.91451602106156
285.2932371786293 -26.30938911397662 0.09106677178750777 0.001773216323489979 0.05 27.707033859061106 -19.57173211965886 -462.29522940190543 -144.91848289005674
20.10494289265752 65.87045403431767 0.10987471987918385 0.001613586374998733 0.05 10.46385066103528 313.29143235821414 -232.73019703902168 1.6565219560152045
48.03562946494562 0.5472476871382805 0.044922937905653715 -0.006736163244242795 0.05 11.362813096265391 335.49642982613415 -39.24052381231485 162.38481667938248
165.3602004301578 5.600611839195752 0.051429844795451984 -0.06885647347146732 0.05 34.670494565515526 171.75944075290784 -471.7318226151692 75.8546765348013
239.67502895903183 32.16152646155516 0.06231396081773055 0.005632899444890297 0.05 1.0019945977781055 283.77752837997673 -413.99042757387645 265.5360932256482
323.3080723289046 -61.153500239433555 0.041374146458080796 0.0456480980136781 0.05 27.50594198746904 -39.831090189264614 126.02088529513065 269.97598472668994
288.02339796101944 -37.74608777132995 0.06769014404253104 0.016587060313023 0.05 33.478337625729715 373.43834601325153 -109.79583746946949 89.57149922055379
249.14060130332496 7.470094497977072 0.024720729130510044 0.043031375398213424 0.05 20.419209486212473 351.9296221438294 -527.2311993021569 210.79289094505387
79.74045725023494 50.39714927859211 0.09299174440531122 -0.04894956899196384 0.05 1.7399202198848325 93.21837054512514 -483.21109766218495 118.46947762207978
220.6378552286939 15.916889171651263 0.1128554831767401 0.1287866955547396 0.05 14.130252411046888 393.14020367347246 -400.7622501685314 44.61925608261744
12.69841208369755 28.299760874391918 0.07895078214746709 -0.07528389463331359 0.05 12.234170559283882 137.33383079272534 -137.87412885502653 396.0508821502053
218.49131576780783 -25.235073533589954 0.06205190495929269 -0.005359360597952462 0.05 18.48018498009943 171.121596389162 -429.2050937027317 -78.40306735244269
210.64539982254843 18.794715644570303 0.07763641790861242 -0.0583791173367001 0.05 24.830164178853817 377.8807463886732 -333.691114607838 3.654696082788604
6.5432994999909 51.7564028398807 0.05940336270733737 0.07271458178072923 0.05 9.149235369599939 304.7876793773862 -504.5474711432261 290.9502330221395
44.5362302498845 -8.47832299140883 0.0818999162336389 0.010184466186642 0.05 46.20055472312921 146.35834848037 -440.7062006018024 -176.9133491004532
132.85092991151433 7.83068948958786 0.09919346808872431 0.10614858175694711 0.05 29.266413016131356 431.9635335915927 -180.27228477128585 240.43631952437158
347.5567586012635 -27.207541682202287 0.09339280591810484 0.007539745982334236 0.05 25.51979128503672 229.89536631701466 -89.09144753094398 -161.84491039805988
67.4879433610863 28.677939281113716 0.06269330516410276 0.06595709675705806 0.05 10.05669361849204 -224.3238929956138 -200.29321344407026 60.10160499298257
151.6786622468468 32.44803754439851 0.09819511075917609 -0.030282337740618483 0.05 19.064239109003783 -31.803306130939205 -142.9142556145545 179.57271749270248
320.9454025021272 -2.438906996697062 0.04137969337284142 0.006558445977379634 0.05 9.427581840490571 263.93284166357853 -284.62694892118293 218.1405811329209
73.63657193688398 -4.69262474336766 0.05524960259110978 -0.0009341006765559825 0.05 37.74481931339883 391.1376510957939 -215.71512865449563 47.257904582634374
279.2353576723965 27.23922302307087 0.06597673105573731 -0.0012359596641237907 0.05 34.627714425631495 44.38264247967979 -236.58566084272394 384.47002517697507
265.1153574633762 -47.32856781605289 0.0650566609845884 0.0648722102557097 0.05 35.107602382721254 239.0903008971611 -251.41408955258757 16.592888979139857
63.124685178994405 53.660096117743635 0.034434432037184326 0.06080605385134181 0.05 3.2840551792279045 308.58110118774886 -279.7973433653648 416.0567234034287
115.97209871981686 6.689659084637384 0.05152314128896962 -0.011954276700339583 0.05 68.97862673830862 -202.6818371415754 -125.33416045732145 -91.0487353201419
136.14226184108807 16.135137013667883 0.03979389282375689 -0.03301975211895139 0.05 37.90155335889296 515.7653965604761 -321.8734249281816 -406.1655670317306
333.70083027126464 -57.474583071359824 0.03633981114234652 0.014155515665227492 0.05 23.66708388193471 147.34826354797806 -570.9303963233649 117.52415691221131
122.75371467996621 21.997818347973812 0.07506919482079355 0.04027467082119601 0.05 9.79943089094026 -53.927681857010555 -362.2551842351916 199.12299149275833
52.21593912862868 53.173564664217714 0.047751861208956026 0.013578169085634296 0.05 11.896772705490678 107.40501478490015 -319.20781484236255 -124.94356264729561
301.11785657914714 -31.75913475063385 0.07645094156643917 0.019984949209525864 0.05 13.10094564511595 338.17133712464573 -364.3220821324139 185.95310158054062
120.75392688015552 -11.113186696516014 0.07605893691807486 0.07850985688801367 0.05 10.311834614034906 -304.1607390722626 -297.94924373180174 -7.562147892079864
100.57963065018714 -14.295561981818851 0.08619450980062271 -0.0645176394956889 0.05 1.6402800790100704 240.46192070653427 -353.76965580975894 212.18258206012496
283.46453798005706 29.689537889469328 0.0719277339322324 0.026453430840323422 0.05 15.846781420862094 120.08090011211493 -61.77585339009863 -155.19250724910117
203.73568655802913 -17.719265414897325 0.05385457591395082 -0.07050063301005807 0.05 10.067042363566957 498.20185308786205 -274.34461726571055 -72.45775775443326
240.72755615732444 12.547255327741343 0.11108829944889931 -0.0288500502071286 0.05 10.352189678379201 -42.518058324156414 -344.3740517345547 -302.546219390884
192.55466131370505 57.6448098841764 0.07124121821761764 -0.03817956914597584 0.05 29.430595685967777 136.51857544070683 -78.52137575718098 -8.409533573415054
307.3858178966519 18.059955380893552 0.10213555755823389 -0.0648922561689867 0.05 12.291407842998142 -218.6968832019537 25.491479810777605 170.7944068313223
13.147902856197462 -13.050260972727271 0.034205837861929655 -0.03790985238725339 0.05 10.591874482438417 -49.34425757206958 -462.4718248958431 311.28933855448065
221.87947658186195 3.827580551181602 0.07638721259787062 -0.032118883421253616 0.05 21.200248984606695 -22.101206868828427 245.70247393681075 -96.25688454472004
202.71093654770885 -29.8558047516926 0.009341021102306168 -0.10725708251353971 0.05 26.518374582559822 531.8994864951603 -78.63106432530645 217.34000874660728
149.18279884176917 49.027294886897096 0.06237261189247967 -0.010531788552528119 0.05 21.49541162588725 532.9542125761659 -233.53370033250764 -215.2643316012847
347.03276821453363 -24.83668048844227 0.11251208333617546 0.010646374103345076 0.05 2.898392154333278 206.96189294650367 -85.50133806338519 327.0481042570697
170.85770553498858 -6.952205425406699 0.08122472667108904 -0.04902451851663735 0.05 17.930594596077984 412.4033084731483 -144.62838345133486 187.4794559032201
207.49274350910505 1.3631072216683375 0.030295723530869845 0.026912235604592855 0.05 27.66190131652743 -259.9280110215353 -201.081978455428 -118.5728838344209
177.1419027915398 24.940743835159726 0.1072052425965957 -0.016611900618823963 0.05 1.1142519122053733 -74.49206751524969 -554.6180352688957 83.64746983119679
59.0823895540482 -1.261785103541746 0.09360571139277996 -0.00455190649943856 0.05 15.758985321294716 176.9822904825096 -672.9661342815941 371.55860914061367
197.55655969620443 31.273242050477304 0.06124506532968921 0.079696629894387 0.05 7.121513447462545 187.27003907511047 -315.2088687038338 109.6169798477149
276.98045875768446 69.18230102330493 0.08674441871746641 0.04519819388649249 0.05 15.76676535732371 184.84100284417968 -363.2644157261955 207.69801841890921
232.67527343255335 -67.80888376678001 0.11466301449499694 -0.03219155408383492 0.05 28.06038965005046 263.3989791885047 -150.06365037178662 21.636923836811906
169.75596206974922 -8.497771853487349 0.07255363315095087 -0.06537461342364279 0.05 23.991313419778546 601.1838816699297 -268.729577993411 -28.83452223577669
47.84908304552493 -63.713368294784345 0.08752170523524572 0.03295111482651101 0.05 16.936777048304354 260.21558610225736 -327.25433874157574 9.823293946102375
320.9740735894586 2.1958885992850994 0.10620298238458092 -0.05747932287740848 0.05 1.37410069789895 147.69355846457898 -445.62027017742884 23.531931334796152
294.76680386823944 9.30101895443025 0.06526314591151516 0.04542165145843825 0.05 5.261424067023267 201.48266949878695 -780.1781410000008 -114.60760637130105
70.44061081752649 56.93529338812897 0.11292348639108996 -0.05122199215862128 0.05 18.401984562134448 169.33767488855753 -172.04082474101452 30.863997484489147
148.9914536652045 -17.091504476366612 0.0897064426984564 -0.01040473775611328 0.05 0.4426305582422833 239.53321034603883 -534.2592166048021 176.60664404127942
185.02612026309424 -22.286187729229688 0.0850282816144301 -0.02403376642004065 0.05 5.684018299370326 124.35096768990239 -480.6309250061825 135.4163630389977
30.49296615563339 -63.91517367547599 0.1143681650647661 -0.05877805478375803 0.05 34.49950914910425 193.37266661714324 -130.7926584333534 -21.322732806381083
339.14058033862204 -20.65703326713536 0.11023726647453924 0.0027491272865330712 0.05 15.211730741958888 257.1677779228176 -163.2316441221776 169.25589529117767
269.3445040088125 17.365331934186457 0.08453735874453217 -0.033451328480583783 0.05 6.905431440079164 328.46163747525577 -289.9137005419911 449.0029852803508
109.89175426325208 -44.135270042052596 0.11014412998224188 0.01640111881139425 0.05 27.194429285714815 72.73996613576261 -524.826473380413 -128.02165985856487
67.30757157725495 6.068583458039247 0.050900367196011986 -0.03853692160254085 0.05 21.066735809116725 628.8630406348673 -406.44879968617136 0.7651230986540014
102.86016399446281 0.967665684713689 0.07203492764751074 0.03996088791671781 0.05 1.9794272586766664 359.608795274686 -307.13333369917495 -80.83055484962784
91.44368893517702 -31.7028136747394 0.07681090097659493 -0.040569456496750686 0.05 2.371041783138129 464.8125684713532 -541.8970755048074 260.3419431605381
244.30727053696032 -30.121372809958178 0.08289168688614956 -0.03204620702928419 0.05 7.502712478115572 -7.681433906573119 -512.4654212342567 -20.075469041977485
173.3565618647154 28.51720326235057 0.028534015802688995 -0.026917595749012257 0.05 43.72952784863919 425.03724707097615 -38.735959395221585 277.87508424639327
44.45549920332297 -66.62622014731978 0.08963952269704656 0.1400654340366536 0.05 29.158887391458766 384.4407073414967 -285.9313700676086 370.63384037136353
303.08917499336604 3.1027490971108596 0.08115555644290051 0.021998895002696767 0.05 18.986040934820416 -25.91397819789205 209.72338742691772 51.53270098619383
242.68776310499263 22.786703242991535 0.06765003930701385 0.04587601430268039 0.05 9.654096002034626 85.04765725305997 -313.41624819478307 49.40630766563686
319.80231680879467 -59.636408100012424 0.10199125722218061 0.032468478431718 0.05 7.088832662685476 169.2184449491753 -578.9901395984641 -43.958196951576085
201.99290313546328 24.73908625913403 0.0325162071620555 0.026953087533283508 0.05 12.91934324041397 -319.4948491755732 -511.20635713091417 65.3014413134851
275.9141758021863 61.940569439612005 0.02997109541547749 -0.07720117431878497 0.05 13.220002242034942 -74.34739752050899 -7.3704901477320846 -178.94614074265297
332.7020601314623 42.72973463816347 0.07098299145055664 -0.018606008807837186 0.05 3.3966630517583347 472.4635583583214 -500.66372289763945 140.39915889472664
226.84100147871948 -65.30490839967028 0.08526002771358066 0.02769186356471983 0.05 1.1673112376461057 350.6485823397969 241.96574138437836 -166.87278385974196
212.47407534147828 -24.151335681813553 0.10734307590949488 -0.09656753857096696 0.05 6.349422081408765 86.43952045036218 29.249868538501175 -130.46713368299334
44.63290719032792 -15.358136098619212 0.04567259068297069 0.02164647049583121 0.05 11.993566093867905 347.68202807485807 -230.90998094170817 120.4225433934759
181.8719682922396 -74.3180873628672 0.05960057665825369 -0.037118542472925724 0.05 3.2639146772916745 142.77909276249937 -203.17896951758908 315.5884336380747
160.58094799727957 -37.17883325322032 0.05445231092208758 -0.011747829582375111 0.05 58.00520870855786 373.98291887246353 -341.63987790179675 209.37860532555524
47.72599820336547 0.024853759888380737 0.08850151018129315 0.03640759179547533 0.05 17.385895558260255 294.1919794317147 -434.7161863972308 242.92935875124502
266.70439297872923 -52.80699486559256 0.04288349117891421 0.052149499089823435 0.05 23.58094346687179 211.4869179692728 -279.91750197833585 -297.32831658543586
21.321278089810026 19.450550492023392 0.035468190773474184 0.03285980185151216 0.05 46.77228714035715 277.3350179936223 -155.90515734702194 291.52454680232063
343.621908258618 69.79328367543334 0.059407387907156606 -0.03367202343788585 0.05 6.608961699943299 379.61281758232974 -398.5007973919762 -14.233110137740965
3.799745009281697 -32.204465256098594 0.044641340611488056 0.09002389817550507 0.05 10.087966680764966 275.283146886152 -634.7938237698265 -130.91699764435756
86.94575290998235 -21.295251860962352 0.03385995507833495 -0.05945527303854968 0.05 63.847402001847485 363.33753504347686 -355.2744982506706 -293.8440862395746
87.06268599003597 -78.09863410222674 0.09049752352503404 -0.02761492175152913 0.05 16.242401237047737 -141.20047752702078 -236.35224548479405 -227.30632087812245
38.049830327859404 40.650606660867595 0.10675057395072662 0.08515450135570855 0.05 49.119903848701604 64.21633920845508 -168.78121710589863 -23.896905886768366
6.713714022127905 17.32897918584204 0.06663279505353192 -0.052266239564618934 0.05 10.94595858022111 310.06040239415177 -480.0503514365971 -171.75785361470668
105.459112682878 14.850837869020385 0.0276411193519277 0.08465657840604404 0.05 13.986590879784341 330.29950939673057 -124.51927353664428 599.1719289436571
176.24541683983148 -49.5615644123084 0.017767072891946345 0.03442508499945073 0.05 20.361614854234887 145.76185695075418 -202.02696361640153 -118.99001196913449
355.95108563112905 5.182584566336781 0.037784860375718266 0.03775280854874973 0.05 6.293639250753975 799.4172431779177 -76.28058214424897 189.78636247844267
127.88836719120162 26.275974953548378 0.04153396425296907 -0.0019744588733112793 0.05 6.342189225514553 568.6641814896957 -442.0681342412124 327.07904480789387
53.21335946214364 -39.909214295935584 0.051888322442111834 0.026844618197348433 0.05 52.02082592818572 355.4235306459856 -381.4599303968617 -43.499491162074804
95.3379229933616 -46.31998675011724 0.09702632857848559 0.05315870151042068 0.05 4.588021376234827 153.68099855027117 -117.56608896215792 169.62929744308622
151.29840612796522 1.351986958145522 0.07704972969523927 0.02853276341693756 0.05 28.88819544466299 -31.829948565857933 -78.80900994955087 358.0033222023302
97.58983465827643 -26.743759441655772 0.05372928657619114 -0.08037181961461833 0.05 1.728402624989869 369.2790374740636 -571.9421857327982 -114.39026514395735
164.07895079367177 38.02132004617836 0.10742169828815773 -0.004029448972007176 0.05 5.624651933154836 -101.63470657491399 -513.2474344929738 -78.65495976168754
304.7548849040127 -18.490743638421893 0.034382816687553275 0.05995091040922501 0.05 17.999509451103126 11.499928129384017 -539.2503554853297 22.951172399587943
247.9427527261297 30.481306702104817 0.09190905301420682 0.013251190509783493 0.05 12.485336304729236 401.74187538376816 -406.9881703664922 257.0452027934554
219.46612897897535 -32.17711651594599 0.09689179329399034 -0.07801630659618812 0.05 33.27020786593929 309.8894259017623 -149.84225117954483 0.17283913321063693
304.3068984477719 68.66312257160129 0.054908696779406796 -0.006139441142173807 0.05 10.361706778628722 33.347614974634354 -325.4019820495229 60.43745071740295
143.11813655331838 -9.589382697878342 0.05813030126954 0.03669283642693594 0.05 44.29078708382942 540.1091804743473 -158.4939420172651 -80.47793037305973
346.0628614991301 31.687336561568667 0.07387282393489869 -0.01053787674616921 0.05 1.2020517689915333 492.0281856515611 -300.4617445180841 -39.45268428291807
229.34228124692223 11.124207122884245 0.0949579905335709 0.0660558572092181 0.05 5.5352455341996585 224.39700469688768 88.39827971879748 -176.88451620958512
138.25131402229542 -49.47369592433255 0.10753322003911481 0.0584439954787767 0.05 6.253954175060283 30.750870330681238 2.5159408783939057 228.08899455762247
295.7627616810224 -11.537783094409894 0.0734621997238778 -0.05589572218677758 0.05 17.00999516301737 416.9499032452528 119.25739233361446 305.5495049088405
194.72509449544458 13.10987975951136 0.05717731806027038 -0.013524129375917033 0.05 20.90087988689785 -147.49591359643495 5.424294859321094 280.5803163286723
325.60998389945735 42.32237117204602 0.11113337105886267 -0.0682079368267244 0.05 23.810172032643457 666.773502312117 -485.88691670757555 77.9084548781033
184.94383120406795 40.84340713437101 0.03774504060931538 0.008300296792304191 0.05 3.1448969726613414 -30.137268270232823 -731.425445347541 -46.98401868113194
305.99466362547054 -2.7762459866398785 0.0680546763492893 0.017869435404149227 0.05 13.235052979360923 350.2583029543967 -155.24291169673512 269.4128527310412
31.555827898897796 42.58184506931351 0.018675427404245548 0.025466743513515584 0.05 17.543409865578248 314.10227171650763 -243.72087055274451 327.6266932927237
37.863877011049276 -67.22737228106996 0.11416092742258632 -0.015994083806859495 0.05 17.136119855433936 153.77419034373452 -218.58009811294147 -242.3739053362495
69.1410469439192 -59.76137096293772 0.07592446076777204 -0.004639977787599532 0.05 17.81608514230464 229.58255880062967 -407.29408242349746 148.26652807156495
89.60119429924677 -32.07203822626934 0.06755182603889565 -0.03403813914373718 0.05 16.81419607795683 790.4343380002998 -233.41701094660363 -375.5947979871054
261.1951047091454 40.33276066730095 0.05381394890962454 -0.034212291707459326 0.05 4.63071657964298 37.19561860022827 -117.50512447060416 134.60446740772204
254.36115312973368 3.341493141485445 0.06917771516780369 0.05723408178975873 0.05 8.174422309232828 435.50288319048013 -396.12541624253964 229.03229761049326
148.7612158067588 -53.708714542448206 0.05470352408465495 -0.0011453925142048322 0.05 27.251209231502727 -150.57226345752014 -276.77072580344986 118.5226767867834
309.68038610371866 -20.080686860620034 0.033469493025339414 -0.010661682573497172 0.05 5.508141975992315 70.69631282390273 -443.8681711649257 -126.66961294022471
134.01728264245597 57.5176263107414 0.1023828051472353 -0.0034361918420859226 0.05 41.347615779113376 266.5298340256017 46.33044970047223 482.4195167441733
48.395186305938296 18.451034737889728 0.07194837935687892 -0.0438953908072144 0.05 4.868814206625399 243.31241477450945 -429.9509503873656 29.139096087340473
119.4761674701443 48.13841250409505 0.06814411625717898 0.029172557336261718 0.05 31.60811879496813 261.87547042698077 -325.6984326954996 208.27853901223966
262.6360138348813 8.49118594867772 0.05990145018726145 0.014261156145805528 0.05 9.927610306330525 -340.27588417672655 -105.11912825649142 -244.23868474448085
256.0016820356724 -55.63997099915321 0.038285327173246175 0.036512773435112805 0.05 32.26392150784296 142.80303077472456 -492.6690166115462 260.3876957987676
286.93832907383535 40.40265699735089 0.049091100555188616 0.02456225965344589 0.05 8.274163977071638 281.87228642640235 -315.93239938524164 121.02214807474107
127.95584190896436 41.194224549848826 0.06911865696856956 0.053909676143142876 0.05 2.161852338523624 -124.86059816524306 -497.7557834151821 115.21220609753077
115.94780492031964 -42.12772932934778 0.0669727156331763 0.053238426075844066 0.05 6.314819107007984 153.0538917448039 82.43705504963123 390.64183159731783
208.7521170040118 8.486433928239222 0.09385760902976337 0.030322270107063995 0.05 14.27293794218977 137.76354267315008 -368.27313971452935 -5.314378531246469
117.61580860741621 -49.9473225545469 0.10050005191431688 0.00649834851067067 0.05 52.14531106844189 333.7922580492502 -465.07415000620557 223.68045500786374
288.46037885579693 -10.028130751124467 0.02898555542446135 -0.04308570447550879 0.05 43.79808680216044 483.2022099845828 -353.46120550191034 -22.927146556696115
332.14761534857195 -6.324848285554093 0.06152258044389369 -0.0200206215442016 0.05 16.9700649669838 100.20277819909823 -278.29469417009324 -37.64193090369636
227.2577187662411 -68.83445841481124 0.0304751426792238 -0.05394748992338555 0.05 3.239168380460713 506.6357512774779 45.50721439688624 -240.14724015122158
216.4471212189617 10.799254332848465 0.10696800301310838 -0.003597658354047951 0.05 0.8981721678262761 453.7047754502147 -125.84003482288955 158.79026824379082
31.085853124245826 5.116634851083511 0.07015766545144864 0.005491592564466136 0.05 15.275415208755152 151.83090929425526 -240.2340998154806 -460.00792843307113
183.44312889287644 64.28829541498224 0.042190834299384194 -0.0012674878416817428 0.05 18.126607515405194 218.03362805494268 -271.252540818236 -80.61236051504801
215.71669423191747 -27.09355946608802 0.055643489425972525 0.012667165021401434 0.05 3.5891674226078245 32.572513397138266 -569.3844999529831 -89.03406886817785
271.4561880581274 36.03723864058198 0.03483816255747052 -0.054414740499654786 0.05 14.270292458818323 459.2304443445128 -353.3078406619576 -38.76953704445137
36.47568526916442 37.93159415749387 0.05812221655776195 0.010347288620523178 0.05 1.7654910547914673 705.9225560129705 -268.95754138314334 -71.030261182392
7.264296528300977 -59.723628108165926 0.012302162691776752 0.10096427186868215 0.05 5.7347989107195625 162.22720253537676 -254.12819926763848 -269.7438076711208
222.2555190501183 36.28714395785751 0.0660166493924137 -0.03611971630597321 0.05 11.43557399741892 316.8260741375876 -226.61956849074235 127.76707716190317
131.24462640728294 -20.312556509453263 0.08189856137237972 0.021963132007260296 0.05 20.660061152906092 110.4994554808528 -90.58757164355518 313.7650391959167
290.1858276871976 -15.848542158031487 0.07255138975747055 0.04333116956121499 0.05 24.587454796742094 109.61094680012178 -388.44728432401547 34.12174480772087
107.08465039397701 57.322780806634285 0.037049647850748935 0.05177594236485889 0.05 22.420337379756173 337.9611916762598 -328.7332585300082 -105.51044347946379
264.01842947840856 42.73672792340292 0.03701024465132319 -0.043562522728224834 0.05 14.980602234816159 -10.936257304285363 -311.4693829686435 -111.65689172718197
115.03470131803736 13.176451961000462 0.047547692696539245 -0.0352567970175473 0.05 50.948110263234575 194.03243008392775 -102.56162671929417 -97.8024279733082
354.6249423102585 43.058602532915806 0.09825095419625973 -0.026014706376354554 0.05 47.97437264760833 -216.02747581013534 -68.04478566528559 -167.46245681967778
213.10221774457438 -46.60027974766782 0.07360805130144632 0.02277706744155309 0.05 5.8641336293497 456.7459980288331 -750.1001327155761 409.1672593874002
245.3277136600188 -61.78139205673969 0.03668670267591523 0.007780207539433896 0.05 25.9228942109518 300.62026798374654 -249.82019823201173 10.909067285587696
87.7257558834845 -51.52158437567255 0.10097218952869813 -0.0746321545632851 0.05 22.250518451594843 91.00042514396549 -328.54127594802594 93.51701875494568
129.809092108364 -13.919171256745633 0.08318026674278656 -0.007793118455964838 0.05 11.70654372682326 323.37765071597056 -544.142836042321 713.6193861793803
23.634748245463385 -27.27866917256217 0.0812620351696487 -0.028446863520554245 0.05 1.414734606461106 12.828158796863477 -187.7475563239766 -21.41591111530778
67.07558174735645 -40.15765646250809 0.05735869399397231 -0.03448135272997365 0.05 19.68933671899611 349.85183109870775 -328.87008591186435 -317.407456705738
164.6311921658583 -42.109152122947684 0.06665293269739214 0.026437269390047768 0.05 8.19349169990305 21.693101054319527 -210.19227845324258 50.5168914983077
160.88372696854347 -51.969836808995275 0.0912653028706476 -0.037875834668468736 0.05 7.636191982189526 167.3173077008803 -330.7548707180753 -161.03623138232854
78.31853477695562 13.492754669737339 0.0974963694499631 0.06095009770040909 0.05 11.155491944793335 420.60469939133696 -48.95910243247857 64.40481022677682
66.05925210049236 5.719231825142483 0.05330758448120054 0.03212198403728285 0.05 12.336134960144408 77.90153861485977 -757.6048054984817 118.90844589099243
111.11125297981467 37.9555162810912 0.09569245368365609 -0.08842161343054694 0.05 49.490014633696816 312.75272809259076 -13.57267067888688 -102.33312207351247
127.95444935662091 2.858614275025554 0.03789496758070876 0.023649005314104223 0.05 25.87280532710895 179.3376860460488 -412.27289776319776 153.53952600067686
149.3791369217809 14.238327586639109 0.03462300231165383 -0.09609126656463102 0.05 53.30025464643381 224.13785575303223 -478.25037836427043 158.10216886559306
302.8513388336353 25.856605916101845 0.08743904086607235 -0.04251696076023943 0.05 8.199584440559876 85.25343101447575 -405.2617889692386 267.6824430984316
40.20381173195632 -0.632434380181366 0.10913635130645472 0.06137502272291009 0.05 83.20706394172427 440.1532715497621 -84.48359915860456 315.5603948715454
34.17622826859721 -66.66916735752872 0.06096097697759162 -0.009713777605339024 0.05 19.26187338411779 136.28838285487365 -388.55872982229096 -74.51715928298712
189.42433814018685 -78.57457117777075 0.09295251790004211 0.07467719400578972 0.05 6.097766865450573 -103.39725541000018 -484.64523001666976 -125.44044095056972
315.1919363394073 -31.525327004991162 0.09840397523451827 -0.029736363411183117 0.05 38.101951293152126 -111.34252643564844 -346.5729546348844 381.2808155014387
26.477503093100367 -9.130720929305982 0.1030447937334753 -0.020836704510727583 0.05 3.999118421876049 337.3179643113441 -197.73256419547164 20.75073287120158
356.1762222612681 -77.76957001369351 0.0452955838872533 0.10617985675377506 0.05 7.9988117084256025 -171.09946817339272 -287.56427857551427 167.7268316270248
282.02655132808366 11.50016952989123 0.07485053448456869 -0.006406034981558216 0.05 77.97734302569135 397.4386069120228 -387.0641905574595 3.167981030719666
240.31409749155296 31.380311829114365 0.06298224116374884 -0.04583591319324844 0.05 34.225264245673465 -83.88266458400858 19.16249316523937 258.46590545984213
200.24495275478316 6.639971585903557 0.04462847260899627 0.05824762978985419 0.05 8.364855795611492 -75.20119502867266 -296.02093813956526 420.26255807284747
87.38272457573603 -10.428055108240846 0.04437088309285575 -0.04835553396907918 0.05 2.4829307846139432 148.07526039993343 -132.20574881357066 319.55259184433993
152.40471436167348 11.879890632190437 0.016952961001431843 -0.04086444105654458 0.05 8.272257692095131 445.99344786473586 -8.82105816962735 202.4975770741008
58.47280356554076 -45.40650212164097 0.05580882141853749 -0.0296759120442291 0.05 4.60996697819233 302.13262925952006 -194.5456077826526 208.61880112506256
353.04045558995205 56.49261606546124 0.051977574971595164 0.04309182224244895 0.05 11.57590313208846 107.92501026426237 -95.98655306405954 276.56819443642456
162.36887844620117 -6.235663669006385 0.06592961712448742 0.05896965928303915 0.05 18.878454871746058 -67.57737981427198 -349.58017880931305 -198.74626233130564
135.91753559055311 69.29853839510842 0.056195949290699376 0.011795163498696845 0.05 10.292838960131265 148.64173460744792 -296.4723042626212 113.65869981106746
214.31049650359137 -2.990816919239008 0.11498410000309267 -0.06561070163692859 0.05 5.745730549345936 77.39271324912056 -52.82633402389877 -174.35029300026588
181.67771624024806 -48.194845141893786 0.08702951314121887 0.01575008488871083 0.05 11.979335463327557 699.3746373119986 -206.06238369074265 332.1574177279277
351.49349681226363 55.033891048589204 0.06146637691295731 -0.025544394458278028 0.05 45.5659494477319 -35.701745968593 -96.7719562737812 -95.50080549043057
42.56786216802904 -13.532364581716163 0.07347045902713178 -0.02218993457410385 0.05 23.342900569017896 292.41267157428786 -323.7896287797127 136.11647727372866
106.56417278391386 41.88735434649077 0.11467175210927727 -0.025812189316652145 0.05 13.50077260345489 66.35230204428495 -294.1214948054594 205.33117468833524
252.79319972955514 -35.524554276030194 0.023624848955560607 -0.012334354821721584 0.05 31.44961319718114 55.38155022391459 56.08242423900657 165.69805592378782
65.92012131439667 11.16581824460712 0.09156056951806923 0.047997921198527416 0.05 30.51499791260422 318.1815109421961 -356.62219753531076 82.24472682267444
280.1587333890775 17.08933331165185 0.10913807796744801 -0.012240529793710934 0.05 13.670677008062505 170.70224570966383 -348.12326923290277 181.68474316078695
106.7352544614183 32.199628699413765 0.10619710071474175 -0.015548649091292003 0.05 4.249153124135955 287.83866071723656 -494.34781592859053 172.81405600866864
170.1283542283396 38.95949154401931 0.020501342757387908 -0.0985171602238779 0.05 27.80223194715578 266.8506755131384 -121.11554350896185 103.81487232757999
276.1788451912003 5.030974949468255 0.07942473743475253 0.02177862930592425 0.05 19.922107204327553 -29.49193348045958 80.7919215454362 -129.24945633875336
202.16911661125013 -2.6341715961276515 0.03741440935872231 -0.02192923052770249 0.05 18.328016318864194 -32.978314124599876 -343.03647730737146 -211.7115282574328
170.90543103575254 -6.697327926161147 0.10131249611128412 -0.012823528112999742 0.05 4.867263509079206 256.0897539977672 -508.2144057175261 618.0857157422713
161.4630974764436 -37.01928246794719 0.06809480418596614 -0.013098782487001377 0.05 22.150219373905315 145.20845347714652 -424.9962416500414 -194.99838348746752
322.92729951203205 -18.780347946096224 0.10609966896691092 0.03708994086850821 0.05 33.429414114128136 263.23461863841004 -224.8468720177563 -14.28991521798271
280.8108804466984 11.037964200644776 0.07997328323681385 0.004853404372490927 0.05 29.060212229102657 144.57864400576074 -800.2755018993093 -322.36041694260894
82.61830211015895 78.65556873034878 0.07991785314519295 0.07535273366408299 0.05 20.254039819728913 266.67587976382464 -488.3522410920096 -114.47140529823807
131.27970573345414 45.16659597678909 0.06161437599044639 0.02876387771899766 0.05 40.65813468084122 141.0053656260158 -536.5232789642162 -113.39807310367655
157.71910801595277 26.78104364994144 0.07970419528307948 -0.00471468988612918 0.05 4.281306192158166 234.85670417618948 -872.3443559732428 65.56621445386398
81.21726569509494 31.683486101681297 0.07122363197109349 -0.09385127631095626 0.05 8.307102098033337 115.51982727293152 -836.6786464641582 375.48576110675253
174.26436202086435 49.842949091100486 0.03554400869495389 0.0030529910351577445 0.05 3.3216605175128273 351.6546628462303 -381.99327034735177 -152.93845603591225
280.1386513358899 -14.776468692874907 0.09729841071532519 0.03615398806227843 0.05 29.06058050877012 302.98635682928784 -273.1702297402506 28.5922066800054
78.80951574302969 18.61189917200294 0.049995273280232455 -0.014338194822707678 0.05 1.3473734278454466 -126.89374725076078 -257.0629006054682 -295.70931080567107
96.3996380996976 -41.88464575308437 0.05806482495864329 -0.03634735011373508 0.05 9.037073874542443 553.1034738122041 -99.15114727151942 -58.080075230752385
256.24811496179467 51.68771065269421 0.08111751615422702 0.04890747795633238 0.05 11.856385227650579 245.6372123866263 -479.8080219349408 404.24449805039467
13.408465823404036 37.92778771624001 0.050790885820275467 -0.03798532136399574 0.05 16.524265704230714 225.03748421092828 -405.26399389620957 -378.05438098549223
84.2150224911046 53.08756702320409 0.04576065660379269 0.02610605378794822 0.05 21.74977328258159 466.4217463001303 -311.84794185998777 218.8857518615839
264.02867807317534 35.474976251499164 0.022051298248988882 0.0861417607613736 0.05 16.273168998529798 263.99041104345554 -169.19711241889402 -27.802113087287196
329.7581443942787 -51.10670049394314 0.10769144305469558 0.003640313534389453 0.05 9.149349629746428 443.6498354922594 56.97612797634366 113.47855791932162
162.7120909892208 -0.48616092437195185 0.048933061832297176 0.10867897185528744 0.05 101.31081546113131 278.0579094232649 -32.09000491527132 100.97853433589194
186.5180887117191 -30.227960796128233 0.060187920209995305 -0.04254617739947979 0.05 1.5407489645208747 -272.98994555658254 -303.2966276059233 468.6076998667576
289.4784559100253 12.249699881719721 0.09123419751196704 -0.11228292676007445 0.05 3.6195935018692644 80.48984661168251 3.7783034116037015 45.79332964404195
252.6656787963266 32.780382978534334 0.05809583902075777 0.01609165900244773 0.05 5.886188343084501 432.6812978774558 -189.45231960169576 -354.75176780993996
209.04946907746873 -13.600454996859414 0.05264796593316978 0.06586467890032638 0.05 12.741731480812497 305.09938051601694 -448.99121762192203 221.06995005330668
65.15811095724091 43.89799376732112 0.11059476673163426 0.03396999025727215 0.05 30.091491958756528 220.64807476791123 -183.16192375028822 51.85275110692042
243.37922876210655 -26.345831893274518 0.05386287024100178 0.04944912917798029 0.05 8.18751454061923 -40.43225600016015 -200.6379369923128 -65.77791593045774
44.45855362087288 48.64544034501994 0.08949154341758048 0.11274245436766485 0.05 1.742029641219813 -44.66469883056635 -495.88143310148376 -98.63011082861973
306.9188326763216 -2.01242763029921 0.07450286238403603 -0.017721116161650084 0.05 39.285998483166246 453.4456613287615 -330.6746284062182 155.59374439357248
36.86857414588905 -80.02872697080865 0.09343345301782624 0.012120102579736194 0.05 13.628346166747455 170.9516096667491 -214.67442466544546 -203.3553307151216
138.70827865802178 29.278089511028487 0.09768247800455088 0.012078173014790635 0.05 17.252239132097635 68.32081295636519 -527.5508142096526 326.7498360286613
62.96054870288772 15.169468928803829 0.035568495999259486 0.06809585688525005 0.05 12.652344084263094 432.385513047652 -182.94117860390173 -261.93091385039196
260.381965919469 64.35613181594718 0.0619829038690507 -0.0046814281191421645 0.05 1.4665311664063225 309.73463595157773 -155.304919952497 105.06579722807703
103.463333855917 52.54682556439466 0.03036191673402322 -0.07336248807101842 0.05 22.102890151770055 221.307159138823 -444.85991955325625 -229.76743306202997
345.45285099333887 -22.591841231224496 0.07917214851040777 -0.0397946985275151 0.05 1.8907347381459227 492.16274055075087 -227.68298608229114 140.1422803333058
92.42550782907892 -35.02043172026028 0.1072929168561858 -0.05989767732853311 0.05 85.77311928503889 661.353405878615 -452.249562441142 -218.12243867382261
261.7007035236966 -70.35399031033802 0.06475400242395835 0.006157787197290417 0.05 66.14766087065593 42.616412421863345 -370.2189393222093 17.652238519515464
193.17801324718144 81.50474920497426 0.03912287114046298 0.022968635799156516 0.05 24.953313108623394 299.48421964752396 -310.2377784317048 324.56910925882204
135.19568024335967 -79.00428607664672 0.07733491858317465 0.004331577727451608 0.05 5.5634114128254355 364.3306274979156 -40.261542969617835 -96.8999106861886
126.9008712259724 -60.12019707395683 0.06792098781147327 0.032041232142093576 0.05 2.2201338265881088 112.98218080535459 140.19347286883004 -220.9753398747132
286.38414458030803 -1.068372342096862 0.09995562724932983 -0.029361770070764168 0.05 25.387614855964003 186.5537535234686 -263.0368819472531 -180.16423301536523
187.67172383667952 40.97326572448575 0.09579162597885604 -0.05725282214155525 0.05 4.8190378834158185 680.6411059630168 -538.7412825452478 -218.00546988674148
298.31352650553106 81.48299477730883 0.10132078557844082 -0.03535957532009137 0.05 6.781385006380679 -3.7393656520453646 -141.33147554123582 890.4485165010781
268.80794497933164 -13.336938296708961 0.09967419024696689 0.12902001519549255 0.05 21.74416103643137 418.9722434442051 -198.5458563185169 -126.47252748735175
330.31787800440253 49.030745146889814 0.05874419128207542 -0.052399178289471146 0.05 36.69337060744826 -23.86714916199898 -593.6296199394628 -270.01614835039794
163.32240124696804 -5.599890917535326 0.06936685483545468 -0.007753997342331583 0.05 44.36450952195108 37.12975857557066 -365.27631360271516 -62.811663947365545
150.61696327707284 -68.4440264611434 0.03950706671734894 0.021117303539387677 0.05 15.943112525473978 265.40167096772564 -636.5381820774066 3.0557484584286883
204.12485640650263 13.804188146771327 0.04686072758496085 -0.05435635294495149 0.05 35.576356311561774 511.801442868427 -239.2285330406403 -72.60830622409435
286.6743968553004 -59.98357851976244 0.10097726193825718 -0.01874181435571938 0.05 14.676659263007021 169.37429429051898 -310.89964713948325 -38.17126907373438
252.07067359671586 -24.491536106626928 0.05957178673519392 0.0379503917907109 0.05 34.37458239408951 300.93034156052863 -346.4489521389227 -191.20638317287083
267.8798331396958 -72.90516985979951 0.09222919181369327 0.006006303466549089 0.05 12.778368566693546 26.498285928156548 -312.8554482144823 -106.58449961440368
91.61357076343342 30.94082011521796 0.04480727926015993 -0.06661626164191015 0.05 7.546203153958913 353.8596274629158 -457.7940363171248 -155.33063083253026
154.43485576228636 66.03369864334667 0.061651047563411776 -0.0013320515525234208 0.05 26.24733391582372 187.88078424066052 -217.5784806209051 137.58092961893055
2.9939745870610786 26.09812415835307 0.06727529204064853 -0.0008605263820841832 0.05 66.46211495086816 351.5370773147748 -182.29801255229756 -115.54066946856179
316.38827083573864 30.944385251248587 0.08895035046076627 -0.03075082509726383 0.05 4.796905714901681 101.3587829029459 -496.45800721680166 -128.9512710653051
199.47737463697564 24.55149615802718 0.08173130570322917 -0.10419536501159316 0.05 0.8584727842926692 132.93745440689466 129.07152164151734 456.0621730161203
170.38086812963158 -42.602385363199424 0.09791619814495856 -0.040743819141363824 0.05 12.323904260609794 546.701071220802 -346.57749850175344 207.0190928427019
79.40264887143984 12.76196179805792 0.06784063336343404 -0.02317867672397612 0.05 45.04216439119188 224.70171173423034 119.79999313502913 -57.32688126822778
280.93347198655175 82.68280698618558 0.08247073807470051 0.00693324905537896 0.05 8.6291714141098 326.92849308244513 -45.7398905486896 246.8511010549947
53.84912698256255 67.56890659195673 0.08970728432499175 0.002604030553720908 0.05 30.71583301616524 249.19193466346536 -99.11525830023783 -11.487710252046632
67.63494935325754 56.62547575386892 0.09509218211813808 0.04447332618009916 0.05 21.187992517288006 -102.33067592537941 -88.82096223895539 256.41685843323717
172.58887111388714 33.86731078058993 0.10069101926696145 -0.023869971552917882 0.05 3.1061584679828775 383.2850674602248 -430.3486383328549 -99.1562318723523
224.8896004922111 26.642443619642734 0.07781816880005188 -0.037865769151384426 0.05 2.278552357787904 328.1056448287673 -650.8285784297526 179.25525779817252
103.3000814781377 21.966097248612385 0.05690615477479155 -0.08202218064305325 0.05 8.19349169990305 314.3509081508184 -495.94480341087586 103.49864981678459
104.48828683204353 20.706533356335257 0.08154076620628059 0.028487226207936443 0.05 14.840787270250138 29.43351837817906 76.84310909382845 61.781180937563256
282.716391666509 -38.55140940860152 0.09391166377362459 -0.06328912308920961 0.05 8.757750431319623 491.8532171389708 69.40723706413479 189.84926975361742
113.01413448769316 -47.99022499303762 0.034188340330793654 -0.08047402703836183 0.05 4.538110317693097 212.977929274316 -780.8131899400984 41.077926647157206
209.95781631599627 -3.5527809210679555 0.09906561279497872 -0.035499494442212565 0.05 43.62741355933128 -62.149978961485715 -351.5543634911826 149.93514599088223
331.58863252914193 1.2959454150533327 0.09949528156873466 0.12497541354979111 0.05 17.84887876817324 207.54349265965158 -525.209882880103 74.59610134734433
85.49174387737223 14.349010716312902 0.05708206658085757 0.0387862757184174 0.05 17.002545737430406 369.1417855146898 -66.40276955222913 -133.0753938122907
114.04709326041656 25.848109898760068 0.0835355462570222 0.01783295222727143 0.05 11.142096073814585 244.59413705284197 -540.0502127275015 -121.9482537918467
198.78648497667425 65.73154477769312 0.10022126683896282 -0.11121759051084366 0.05 29.53371762470188 434.7697714946744 41.12731998889018 -203.952252776865
155.63108849470902 -55.82860997566467 0.0464698818089786 -0.0596812734708546 0.05 30.646416344176764 167.17956819985037 -347.9099104945131 546.656903508215
177.25844023871173 45.991442701760164 0.04745940794371961 -0.004234792711291785 0.05 21.63315599932904 57.91777957047216 -265.99356933182224 -203.70546743253266
0.2319913169625232 36.66695326090181 0.07890184010710688 -0.008433803980949787 0.05 81.49269042239767 243.84091761366207 -594.1046938819297 -62.30541473548119
92.9817637757223 71.80277571831265 0.06433835471187055 -0.02002409593214829 0.05 19.23864511699869 -111.95364392558372 -105.40352382828794 89.22299734125048
158.99383722174719 -4.25036026116888 0.11190475308344561 -0.09369588484034767 0.05 11.1596866977923 325.6248324627918 -535.9380358506563 -368.8526731650763
121.98265865364526 -38.8305047878355 0.05926939973976397 -0.03723849725702583 0.05 22.399842494520087 128.85765185071736 -375.72154250862536 72.16335804753241
6.671800593042578 64.84520047051 0.03632360424259118 0.02878642052992582 0.05 1.2626520740049132 -60.00630577501249 -485.9708886898732 72.35057250788996
55.97670769238466 39.68133916369966 0.1134646236406942 0.021646924622719513 0.05 19.940415304943862 301.13295544422897 -324.74177780360975 -71.39678445812227
275.83903687611587 35.75562225453895 0.060205775901811975 0.14099628997469343 0.05 4.40165907162295 255.8897133683447 -159.62420028538494 338.06376502514973
286.8623562610387 -2.943459759961438 0.09937173148281864 0.04998970184475571 0.05 5.093130709954396 120.13095660574685 -68.55739728440642 223.48934265480892
247.97659664662916 -50.222250123942786 0.031956243977415255 0.017455493863810304 0.05 1.426495327182359 -30.09034881450114 -722.2127052037092 209.28567441088026
73.47183931279275 38.22778617041338 0.10665262115263574 0.018094426504994713 0.05 13.594159362421522 91.45083590688712 -98.15021413067564 20.407013161742192
30.182563803158224 -17.297427094890484 0.08610933737756565 -0.014236952617741808 0.05 13.59909238679444 260.8147529593049 -231.37245981194135 -177.0849664383087
180.0368560827558 65.61789968123541 0.10364620992816098 0.029890554641776867 0.05 22.521248889546577 32.27550369405486 -254.73274637424305 150.00554932269125
359.01728953544165 58.79780240857345 0.08884068744789686 0.09085950080253144 0.05 8.819829633710974 112.41561149343572 -385.59153556606793 105.95558243966946
121.55626468685925 12.420461935500729 0.07828228779610336 0.044455049224651856 0.05 7.909838360481275 153.44610432145848 -418.5136176039508 112.32696984348165
130.58237349364165 66.87690696023465 0.022814190014997404 -0.056590585853781926 0.05 7.636864827129485 232.67636644991984 -419.1283187097833 93.09283833818999
275.08220978014157 24.367483904593712 0.05185165501774791 0.09024499893943469 0.05 48.11126787695196 589.820608530654 -495.4495722455883 -40.7659444390102
29.549947442100326 10.252044852117448 0.03559807202584975 -0.016881884576635538 0.05 12.174192280478321 124.20418168215394 -420.16743605740544 -365.26264024534566
226.00860617131724 -18.597670572653623 0.10022271490254386 -0.060443983862941954 0.05 4.733945492687548 371.9703714682271 -339.4856890445298 374.19676420429886
207.68007643523674 -21.783608645494514 0.05114940046658911 0.038457232702437553 0.05 25.48113995554334 -138.01018031282047 -345.2263653270836 -359.15902477962646
158.36098947152905 -20.798245202517585 0.10762300102565892 -0.008137394150943706 0.05 9.643734635373946 18.871064323991703 -411.6799366571135 39.88310756603911
325.9931618843105 -53.31573772675981 0.0352105321429077 -0.010819946239510018 0.05 31.529243099008102 255.97110363049956 -535.2102563270269 251.8845249680561
284.0620309905002 2.305384107979102 0.0703212913637008 -0.08370966821984775 0.05 29.776046524396595 94.87568186569024 -21.074815876868854 80.66581902003956
57.657862919648856 -61.20227643461341 0.06898935433256947 -0.000608710503985933 0.05 24.563589325652703 229.8593189423237 -353.88589557526853 171.2881989282614
117.12436339187764 33.527297535258604 0.02298488561935441 -0.0007717008212101573 0.05 11.791195587222058 -216.9928276734159 -530.2031632996869 290.37434731279905
146.8168789204168 -20.177676024984862 0.051512175897762136 -0.02511179711077316 0.05 29.25471559201273 271.9856148171003 -457.22617538269765 -36.78128205687753
231.65600220342222 -44.20682154345005 0.06375413556912957 0.0306476517158803 0.05 34.114903865635284 84.78977065975832 -201.25327446161208 130.27011878735857
114.072572775497 27.9454378704027 0.04744615389607265 -0.014752113549806586 0.05 5.3816985550534 304.4567610990764 -187.70632635848736 -177.55023353515452
137.57738442072016 -34.03697336891106 0.07892561003429921 -0.058365429948806336 0.05 20.510658888953397 387.8530534834372 -420.9581145879887 5.7646041856330825
35.45478963475615 10.482469375574613 0.06980362040572241 -0.07343766231927523 0.05 8.596315583852688 -62.55384616601128 -450.4590453546633 -26.55707328051878
14.454369383540156 -54.68594991435616 0.08614149814227945 0.01534935581723214 0.05 2.0640106974241648 390.370551055521 -79.55046668390636 220.1870344575277
115.85969201285008 -1.414807827130681 0.07771328999548421 0.04101728064841016 0.05 16.329048188638907 397.7420752767116 -146.86261798445216 458.1359730574506
61.4639753148155 -9.19262137706569 0.077040827607741 -0.02652051342174287 0.05 19.486865382390786 533.2163413987716 -516.0763191158721 28.666592243885678
309.830366419163 -13.572499833061626 0.10535351384500191 0.0004138706313530139 0.05 31.09954949477265 186.69371207205265 -267.80529770567364 307.8983515904369
92.69190203993384 53.15923546206992 0.09986818163752442 -0.01350634987922806 0.05 2.271696225524591 392.68506427701436 -453.5619764660984 238.29384093036995
347.24015211050045 2.0830018472071417 0.07998761854709802 0.02948232375081281 0.05 30.58737702709691 500.2459482680004 -591.4830029614916 259.8396504434679
357.46374225674526 -10.443710062955956 0.03534873815310369 0.026319004229951065 0.05 16.54771887893743 405.26904819454865 -324.1916087694141 573.4410295695068
142.03548306394362 46.17478639675792 0.0968739710954416 -0.0035575857462577984 0.05 17.907899874385706 -178.68486302208697 -162.45520491507176 150.14610135603732
331.64901243470047 -45.59059278565116 0.08400402712906141 -0.030968881991845568 0.05 11.204975423980972 417.28196027300623 -336.84306772301613 -386.63020367725414
171.64575893195553 25.469359528114285 0.1128560027902219 -0.031583864216544626 0.05 15.139462705780502 550.8684900328967 -22.519754280738823 81.77993005429259
333.86764169288165 -1.7978424958410975 0.06632644442698599 0.015948009025157712 0.05 8.613825658144242 351.7364928846721 -575.9423582805639 297.38573330374936
349.1037356399795 29.609043171892335 0.07809971550695938 -0.06817030195166456 0.05 15.515431230357708 594.2936622048337 -230.19947786159048 218.00750966240795
296.6799375717033 -75.69745637718272 0.07905695155066339 0.05995239974944747 0.05 5.100880362867415 319.3867908260898 -12.759619209355606 -82.38140898031276
22.537147584213862 6.966407255628858 0.06677687511318364 -0.040709642521276845 0.05 11.94916388156287 -226.50292840525515 -219.3086879291115 -39.64642050561615
186.97990289581105 57.54951101028377 0.05457685929136269 -0.008194204220627693 0.05 2.0665546747049452 263.42141757373713 -207.45740220513437 223.75034833794484
83.47420985078426 62.06352464542048 0.08011939902982523 0.00496798480344782 0.05 5.52699309617112 -65.89291702506415 -254.13469809857787 237.74480621294447
332.81365571532217 55.22006644872415 0.10261882468585548 -0.008067964612390654 0.05 55.333016705640304 311.0704226950321 -394.7032934949219 -22.523045162989845
273.855750455384 63.52429132453498 0.07544002730015698 0.03131055185136614 0.05 17.371341631777685 341.80088297776837 -344.81853864480587 -257.90165241507475
97.34814052692934 65.83123636823892 0.06040563917231401 -0.010923111373511563 0.05 10.697276400673871 451.76339424679725 -521.4837642818372 4.71154704904945
95.69399760327772 -5.810318415638681 0.07192184885518893 0.0011436368640690454 0.05 10.473185658582185 184.00064816827376 -206.68489065552092 480.3301049481029
257.5798007841165 -27.736485184642717 0.059546064244591745 0.10299005657600822 0.05 4.684445060900789 521.9189966524425 -350.8669627795461 141.60065819467462
200.2326823159667 -5.104635970513525 0.04425107529632788 -0.02207682166213337 0.05 12.611251436509313 166.37315499365488 -129.1635335683563 57.25528559101703
176.60901363528265 52.978412555278425 0.05798823734958014 -0.007398200555157344 0.05 17.317736767524487 229.14975673352527 -226.21504821953621 36.088626418465246
118.84864039090473 36.986990351926636 0.04787594563936248 0.027567742821119172 0.05 18.78417934296455 -119.73606448258852 -314.66703135799366 -219.4770976216351
234.1197494873087 87.6501519092683 0.09147522313735901 -0.04599426254124155 0.05 4.863590613073346 387.75413250267263 -520.8501752426658 -97.76637122584322
49.284072490156085 -47.23780154708097 0.09198254003253736 -0.018029513873659052 0.05 7.824274993616006 504.2564053011536 -494.7687013524078 251.29788524786446
262.9490114913369 0.26147100306540955 0.07491791420348126 -0.0077195650581389965 0.05 9.579931664338073 318.7487533962015 -225.83449801610465 -35.19889363439731
312.54249306181634 -10.11374547786006 0.05854172092352927 0.013218434417802264 0.05 21.804179922813454 284.359688705832 -10.983687754306004 140.9147954093588
7.957649944191432 -26.224771757976278 0.06237535361496627 0.035045818844918815 0.05 15.620143576877123 143.36472418892598 11.750056600610378 300.35676337782854
51.65326007138331 -3.3833516578288676 0.062044905941708084 -0.05191914160881109 0.05 56.1492366503635 357.95048900055434 -535.2739691701224 -192.6953621310907
102.52990678581862 -19.625021930700132 0.08139684233829736 -0.009066580462530897 0.05 7.8783585947744745 300.78338660982456 163.35392228238265 369.3553434466839
83.66774493149873 -59.415419636340346 0.03779073440192482 -0.05469644869999811 0.05 14.270150477785215 131.57629327388494 -609.3234889481927 115.15199373212923
83.14121308432657 -13.390829410164159 0.039064414677915105 0.04931244991122101 0.05 9.927266652088226 132.32197863816785 -549.7396629829971 14.324160848546505
112.80728740265296 6.380467320105939 0.0783356736449703 0.02332793228580713 0.05 57.477872887187004 183.6952886444667 -178.3537497349858 131.33592024903498
332.4598808534646 67.94367915331254 0.09202870905758576 -0.04568697530245002 0.05 8.851375979681967 -43.16536502824775 -543.8015205886705 114.5436525175648
228.34542920853488 45.1892750571542 0.04508772169328923 -0.01199753651538046 0.05 3.510451674880255 28.271962238015647 -483.5646909857819 -148.0875919265253
43.69624966427004 81.48344510111956 0.08837904387523454 0.019803462303641307 0.05 0.35792354416033695 306.39200578503954 -315.7801169221035 208.86944720183257
1.1423715158743106 67.89394507718005 0.07551978404109061 0.02499363845432755 0.05 7.377653025623595 -158.76957140427515 -320.57980119995153 -231.38253493491885
57.16185559761448 10.252648502140195 0.06279351799782074 -0.052461227799896995 0.05 5.669169591751343 481.0201462705665 -71.89872763895778 -189.05479723389266
157.77045251844532 -3.197297624132208 0.0434981165238848 -0.07366668877355503 0.05 14.288600612366483 -70.11590544724919 -575.3738054889061 90.49106663342138
40.08814668242939 3.155595938579562 0.0616914119853893 -0.004000780276723592 0.05 13.5161879302319 430.7861541807474 -266.5668511833711 130.35755891823788
135.6678216619375 -6.625880293415763 0.0725467685616834 -0.028462733294177558 0.05 9.859190473394584 151.40722190329728 -615.2589469662146 -315.4265685068422
94.17533608510453 41.7558948074881 0.09553588473542862 -0.03164105546114407 0.05 3.7872575387753145 376.5042185242221 -326.69875334336155 -258.9952175875939
240.29303246010957 28.78388717973084 0.10497787972741612 -0.030577277665798486 0.05 27.507156431524244 228.01935755572242 -4.0967749493695464 418.2089189285223
178.96628972369714 -65.37048562293849 0.07858948960739554 0.03564705137466435 0.05 5.136070790085476 11.145977040247573 -163.85847642737588 2.0113840276805206
269.4775817752555 -41.83252672832298 0.02982603692889363 -0.0025626928846203337 0.05 7.7742566656623335 520.5353802196307 -452.83797174571373 11.496483491586126
336.5343660407994 -49.10981149554939 0.10294545829227797 -0.01703694347344317 0.05 22.99540358761225 130.6403959138068 -214.0468736854233 143.43537802703344
138.4405635906975 -60.54318498586847 0.03185661149655483 -0.016378552157905044 0.05 25.775767048189724 -34.87689196216235 -255.63506565878657 335.88129939418843
246.97315067898802 1.851383773120901 0.023993164880310447 -0.0910853131596218 0.05 6.086988285239567 38.44761261014099 -518.1235793039214 110.31185712391431
229.17498686787033 42.63873767962591 0.05339432722831794 0.06950805006361797 0.05 15.341419036803003 39.17359833922163 -482.31049262178476 -68.56379827434185
81.55537258395766 35.74555516442086 0.07770916090181568 -0.002947076106785339 0.05 26.023617851973313 425.58651807100455 -263.78425444229856 166.08478776886835
9.798445965869798 13.503513541886853 0.05464064369973709 0.015357828070436588 0.05 25.661136529637165 88.69681460757089 -298.5686609251772 435.59369372753133
75.8701567329376 52.86002639231128 0.0241809528870498 -0.04822751737622463 0.05 7.909317357460185 422.85488142938937 -629.6862879058203 -220.5496668720395
179.54313255246254 -33.62454911642728 0.07861621781076367 -0.16744808979025175 0.05 40.76379371180703 427.3130079116976 -467.46959512597175 358.7209477561435
206.4756585507137 -8.250421799180552 0.09791854652760801 0.053784278975628666 0.05 8.246386150080808 205.1104529312532 97.50673898237045 258.88980297023335
177.60803529615367 -56.72304383173638 0.09738897879501773 -0.02117690907821869 0.05 11.033994769536697 96.20889092169315 -290.01477469960656 102.69909965924128
152.36094076602458 -5.824059834377647 0.0841337071441075 0.1002046612207812 0.05 5.436028469745987 372.16762780788724 -319.95733085775396 191.75129551718223
205.03330208250208 -66.63869032165456 0.09004972816911594 -0.03085040906106926 0.05 50.62828213312665 168.47378439662364 38.17880244294764 -43.68918966266844
317.0184156327552 -5.630265155164623 0.0912492223284409 0.08435441329759394 0.05 7.401562202320336 64.54487025271752 -65.8932502896854 -183.14759729107465
47.80004153539246 67.73992984109897 0.07987855695662449 -0.00886758576527093 0.05 27.939533142532778 434.8172037714894 -438.5878927425787 -8.204005909831004
28.23110663506736 24.347697186185883 0.11073544060908125 0.026129427407512253 0.05 3.104170825526101 166.55202906461278 -305.35102661628883 -92.56372920008405
246.32301425259618 -15.373620359118865 0.09702595684102588 0.015909672946592797 0.05 0.35535844899192304 400.57092956265353 28.130174999151677 360.4963805425854
236.42324542278854 28.573119501952725 0.10064977286332799 -0.019548676610721707 0.05 21.379274254168823 185.28435165457824 -474.54175614336623 -25.168486795064155
164.84405276771489 -52.62300160647136 0.07702686450123353 0.007856637738049739 0.05 22.81990993671014 328.94119227536544 -65.49197785191635 239.2967906491672
227.55961649869974 -39.403081754371335 0.08407628478634255 -0.0052657524507073415 0.05 27.002923604049293 278.80058397224013 -276.1037994420741 -20.219639259485035
12.678368153883937 42.3372421073658 0.09640658379035649 0.07301612950937625 0.05 26.952190456489102 251.57120590020725 -223.81799844343146 128.3520506503192
152.25008223167688 -59.528856933679336 0.07913416900340153 -0.003092498869420152 0.05 17.36197376996403 344.16763473755225 -431.68635906322083 -317.944208192263
356.5442412852792 -60.947857868090395 0.08239524289460265 0.0545115855935224 0.05 2.925135217311003 439.9439136607232 -23.501279204603065 -36.883570294784036
328.81307567753373 4.585816089028317 0.06316926296586423 0.07762416800818289 0.05 13.646584034796543 176.94105554065663 -268.774862183785 -6.18129579891599
295.37632346117675 37.75008004195537 0.06796470245382968 0.013254037105401227 0.05 56.9477633902883 274.1044086094129 -596.2156864196397 162.74491107024858
89.70311378261997 -35.26524751748717 0.06432930747605159 -0.16009752360008417 0.05 6.1057350617894 -66.91869815668673 -225.4022673989965 -231.72679568730922
308.074933008247 -37.63653211150081 0.11695918457490206 0.07785867288682886 0.05 12.944838222123035 483.4232105624134 -545.3697948641106 -136.2313156725518
6.8915854811532045 -41.00445383811239 0.03932587207651084 0.03055096287797471 0.05 30.302404361049565 507.93698663475857 -456.8965903653836 -54.403188039336285
190.91342769586691 72.08597689633352 0.06926298946567133 0.014652666046396536 0.05 1.7383280021311927 775.1140018196381 -66.31023325073593 267.2626818195821
170.54686971425048 -20.712911096451002 0.09691095581140607 0.019611597538032002 0.05 7.580488623687918 -32.30237617558896 -163.31756316465064 -75.21200119238038
89.52346319515604 -61.64297834763261 0.04350411144181909 0.010500633144859923 0.05 3.545584281701254 396.0148255647796 -672.7581807487802 15.962914651287782
162.88001957985819 6.447760169183373 0.05717451478297075 -0.01906434728425893 0.05 31.97926405530812 129.23797245039458 -508.91200788066897 191.34429696692038
267.0915322946373 66.4143359126788 0.02046753613643859 -0.026441442577323403 0.05 19.684034754519214 312.3647585466438 -22.65146373839957 159.80024800952532
191.69895028850277 43.29331932770785 0.10744926903850072 0.06985929859198296 0.05 6.104241334145844 14.48354500588195 -431.43506885461227 123.5146685950959
214.9450529778103 -44.738699325377816 0.07684379827237642 -0.03571557712777789 0.05 9.187841860913583 214.86250997839323 -227.60759923882898 -147.10498224292604
71.31632034683247 6.3078656314238755 0.11190801757825874 0.03458250101810401 0.05 17.57940386698263 55.90832773733422 -48.91572407381494 65.94194745285934
11.999582518745488 5.731823403778975 0.010161852373940183 0.08741755360426044 0.05 11.638422695166572 332.5901643939212 -232.47049259337564 308.725794905077
22.44738272675634 5.825276332365889 0.06957919073963259 -0.022407979971127985 0.05 42.916421491269624 183.70404105356087 -505.91466346972084 -37.431654269894494
173.69831957493466 14.702294925716394 0.06381151398798268 -0.11726472590700816 0.05 27.8239987889125 -44.051256565321665 -285.90352939106475 -65.95756533577135
338.2667446615157 40.34005418603404 0.05311957949940682 -0.00591988887538231 0.05 6.654211059328183 182.3540753689499 -660.2804940320151 70.43080010652386
330.9485356057793 33.27385690816564 0.09488496783018396 0.015583039211281353 0.05 11.888067220393484 -254.51859206105888 -309.61890592825716 -179.96893663813808
124.28598676016618 51.73453179843471 0.06184841483047343 0.029375534409574782 0.05 2.2923223829462964 -248.64835313945815 -182.8566611016896 252.41844287620205
2.1475894040288193 -38.49382380679384 0.06998359168747181 -0.07499553587978691 0.05 19.67110807031825 -49.601174941207006 472.79341760233547 -31.15079832920361
262.38478133514667 -11.924606443114788 0.09865612111258715 0.0672492582507468 0.05 29.940121274944055 62.20566789969527 -195.59310573239242 18.171074871603626
129.8303523534048 -67.10329084516508 0.02152534379880877 -0.008623707516219527 0.05 33.37877159611159 611.8200528719061 -560.4530242112033 -249.65736581097985
262.4561990939392 39.561385657702886 0.04712897569125163 0.06573647119118498 0.05 4.845078195402619 371.9583108785263 -372.5642621783559 413.66947632594713
202.81591126732854 -24.164136402052257 0.02591486878809146 -0.017551275912130918 0.05 2.2171649003676657 482.61029017217567 4.723768998082107 214.79118960766522
122.44602453043693 34.39246907497076 0.06595292233732342 -0.032902985620875555 0.05 2.5190909658723033 391.8744550205774 -469.2801016105706 -260.08491572855263
218.59423460771623 47.394226647281236 0.08047409155992002 0.028882102229485576 0.05 42.77773786356305 154.2190491401624 -370.11935283921986 207.69130217955006
142.46090373353684 36.11930202181244 0.0338407623512762 -0.059016964243870734 0.05 15.21781661120316 -44.11783155232237 -230.97879064660805 -250.8298138230299
49.37198805166074 -14.547578656174036 0.07623890780528653 0.023383845099285608 0.05 7.658470502543202 -204.3444533464555 -710.9719214897153 -181.06625433962242
100.329076108388 -25.682824184473866 0.058548305130168954 0.02149051193296854 0.05 13.202778562530442 187.63529087523983 -72.90622465688591 -68.5446191694897
242.5593310102753 -57.96847994472902 0.07857999140455973 -0.024143674093011387 0.05 0.3215916740337196 390.22988482694666 -85.80840769263293 266.4154745136589
137.04703597312212 15.701805555353618 0.08910710884681694 -0.06004575951794235 0.05 7.493922735541482 376.7275376441494 -7.19727441197972 372.2715396176227
123.5450068992751 12.098433934619079 0.09960092678220556 -0.029354225785385366 0.05 11.618768709052864 519.6094164276533 162.5307982968738 160.03815478184623
324.8324539307429 -56.069080930063436 0.05267607612619529 -0.01561714666508824 0.05 13.328312825727544 284.2047415198399 -321.82398848876977 -172.67950167517913
159.58379405307628 11.865839524552184 0.08963116192869935 0.027755503039647 0.05 28.60700780991977 232.16368779217723 -274.44742818967893 -144.98328944200668
38.21413407136987 1.3220346234436064 0.09330417600582752 -0.0514016225237168 0.05 32.2366261869968 -69.57625723568646 -557.7006039161456 100.56433096980143
221.15621418572516 -66.38357981759809 0.07103580413087851 0.015357564549276006 0.05 22.124354446232843 257.46429223821974 -162.09170056106956 161.4276601628519
189.51019370022476 -55.51730215378859 0.08818564813976582 0.0655797299375457 0.05 5.268578670998343 71.4362400196776 -229.9523450614402 -242.586946720843
30.146726854434036 -42.76561427331526 0.07948307478206695 0.08008036524323187 0.05 4.925933539124001 184.09150642473227 -459.2606998380237 -497.8395180863512
263.6531402763023 31.981549396236698 0.09335875293092455 0.04168551066636969 0.05 14.935150205866382 271.1657759119327 -504.14439686443757 -55.379176214812915
167.40094763608676 37.20353413478172 0.035260210373684986 -0.029653911882764332 0.05 15.86180972558116 -183.45375089126384 -58.91948459605737 -11.460299292039089
311.84017001499785 24.351962562804648 0.04256112694006409 0.003062872340108899 0.05 10.760612583397805 163.57361168001563 48.85516246096313 602.2541976243508
294.0702141192007 -3.009796065117599 0.08410985772744217 -0.036028594924050146 0.05 18.94164726984918 206.39611785765914 -376.8283070034287 -343.66391888317094
212.02106745238564 -58.939711901990506 0.09997996281134869 -0.09635907853953364 0.05 70.37213976829935 319.6151531085512 -160.94923250695203 72.43148290109055
324.9179720380556 30.676896878579505 0.0923659617117365 0.06213820729711255 0.05 19.442607302625 164.83968788684473 -557.1186963098844 -329.17784338993334
294.3419641624316 15.922975843477468 0.10156797395645323 0.0270621229579544 0.05 52.43481631060052 325.7596923204154 -600.2652494278386 -321.29958451268607
342.12499183204227 -41.98899711705313 0.0568286267387097 -0.0356796350623748 0.05 100.28029648955463 -176.26878972985412 -196.8968975813017 349.8543895910026
204.97907299357362 -33.549101409162766 0.09410001860158967 -0.08378800196977138 0.05 4.284671582064179 173.33974839935402 -158.41556477355033 -260.6346795863333
127.51009858463347 -35.00669741489776 0.03311848856944177 0.024640484363195 0.05 34.47421295199945 187.0025859699349 -160.94506846711374 543.6717912229674
76.9173515503786 64.05028518599126 0.08186960869541715 0.038687521889833404 0.05 9.121752023802621 228.70773361949392 -89.51222821303949 456.6434558593535
301.79103213398554 -5.315416139977848 0.09962628301851728 -0.050927965498871686 0.05 15.184360064576488 167.5863302193618 -590.6320035108547 292.94587527662156
354.47004260581355 -11.440157851256078 0.026088730862709797 -0.06621688474346625 0.05 7.507653760208874 284.2694264425645 -501.9985269940443 32.73644717795521
18.041678245253127 1.2423952941813197 0.10193354920941267 0.02893846754855656 0.05 10.581437671647562 333.28405416305736 -144.25328413892632 116.54837861807272
148.80431681884707 -15.091583274694804 0.08321700325809123 -0.033605118422839225 0.05 40.06293157593997 135.94297041726333 -194.7398505929043 87.07545790399476
139.62730662738326 -44.493178393738816 0.09979332751372061 -0.0010288837207827477 0.05 23.683749472417087 197.3311308605269 -247.5783874579362 91.07985967657291
54.98367349202911 57.10744178693274 0.09364321743549353 0.011155273834014188 0.05 68.64304451483491 436.0429826690115 -323.8938478010023 262.40125031627093
207.31187743700292 12.696517688851706 0.08189144720307229 -0.030770833954365872 0.05 14.680849934613088 109.15885697595019 -666.0971415119104 -62.44551355041588
304.35005682365363 58.39810838814528 0.07513268246820104 -0.0388188295842188 0.05 4.644999294432921 504.44072380615665 -259.9153223840476 -133.35959469434354
348.9963412639489 -49.14431729016522 0.11558815904582853 0.02457744063509397 0.05 52.29456708456663 590.4700076600766 -437.62120880692686 137.35938416379832
216.3566132640229 -19.522572060408777 0.11380797301940504 0.07708065299200607 0.05 20.73640617287591 59.90998106749328 -361.70741433422256 320.6118870033621
104.25264635530041 60.72383676200876 0.09633123378649922 0.09167648670659326 0.05 8.65803922682696 -19.775066723644585 -383.3006265902317 -190.13569029289818
327.7789976420708 -69.85490449115267 0.08750606503757519 0.02666098022756053 0.05 15.936057954158926 233.47808835820737 -58.62977708799099 364.8348073251739
359.96622150274555 -33.69251862089533 0.06272801769684921 -0.019402147725428465 0.05 18.389724645880598 77.49693294819818 -121.14441689376551 399.00537567403364
182.36130210139797 -26.587606574912687 0.014979970620104144 0.006726805165529606 0.05 3.9619612481745365 369.00117884531704 -451.43307720829375 141.6074780670369
209.61210765164245 -50.411736282419625 0.09788831504968032 -0.05019751181728291 0.05 33.72965902860254 351.78938284350687 -209.4628026682314 442.97574244911283
353.6843048831663 -15.66274279681398 0.08887627393418196 0.006381943741202109 0.05 19.47273156079258 559.2143155359347 -449.0518732215623 246.6823456575246
322.4475343251191 -49.47888412855901 0.08535117080048948 -0.028995893883454228 0.05 8.146157049846833 -112.7666432612433 -283.08367718248587 129.4925475678317
265.1904514439144 16.95013028006945 0.11151453554551827 0.04759505840792394 0.05 27.62435150968595 245.1452505075174 78.08352569351598 -70.03006071396732
153.57151775268287 -32.696347171963765 0.07695500353320828 0.03682494987193331 0.05 6.968950766857057 -65.51524171370085 -137.74410411993486 -92.58343439949087
177.20270618167103 -6.268742745871331 0.09829117864371195 -0.03126689529376892 0.05 19.133051491376545 211.61785606124909 -351.1169020093527 -151.2255540079647
153.25594275389673 -28.85120292748351 0.06782980999950494 0.000511497006920515 0.05 7.042793358743677 372.60796152835064 -276.92740890504825 -251.07507920135987
216.0173544258112 72.86685442103443 0.07747525544373657 0.011166102557813655 0.05 6.166484633354419 539.6039980972814 -270.0561642228126 121.44593015219402
53.9081209782827 4.6724384230606395 0.04231908110046989 -0.010992226672260417 0.05 4.045689958998957 257.96235107744536 -507.09178190512904 131.24264795163535
231.81962074179825 -79.68336975243696 0.02093386203703429 -0.042297805775451225 0.05 48.50312877920319 196.2457251506537 123.65359906001163 29.349149750406266
162.37848762046806 -8.105034093286456 0.07189071149395354 -0.03963050211677213 0.05 55.333016705640304 448.9813628052478 -422.6016062624054 -521.9183264316318
51.91490223330155 7.2701285994732405 0.03993631265655351 -0.016003701538398894 0.05 20.987536080389994 565.0522401833189 -193.72713082250175 -78.08760323507718
310.7118713027419 5.493665121356074 0.08964310145475385 -0.04999973483255232 0.05 8.764940426000672 -15.367420464858526 -401.7588300493652 248.2113416257882
207.479639356867 -56.78465228476734 0.10446651649771899 -0.026560791932911266 0.05 27.933313150636263 365.91818236166785 -104.47368622725054 -232.58250269242507
346.92153013727454 -4.674605424655476 0.0897681542868265 0.11349322798641184 0.05 14.746593896811802 191.49124148077576 -386.4598347746126 267.3965237344559
82.98333242368619 -47.642734833080034 0.0882311089895067 -0.0009066837591916298 0.05 3.725261233669966 -61.49729703162819 -288.64105887275457 70.57806177741853
307.85531454573993 16.072283125952104 0.0799155283242663 0.050281123974100346 0.05 5.699827791998087 12.939301505973475 -150.38920806573972 197.2317664415593
120.38852164380452 30.316983168697327 0.03536679368415796 -0.04909663267866938 0.05 19.822161385713848 180.20385858938565 -373.67122506920333 133.0571768668562
196.93997554975104 -16.52951022985792 0.05073452905862896 0.07391643254122995 0.05 9.65688954947044 543.144724197686 -460.53823781881687 634.7346944187785
175.46595297565813 -32.6576355377877 0.05103273852536194 -0.046146992472366574 0.05 37.36442107501242 203.50821343654027 -411.8618866702941 -154.24131412101906
99.16439944448359 8.530942648374571 0.06569671740143002 -0.02656192798340698 0.05 0.3992692930998849 303.18857162764857 -292.7736046163974 60.71496486336585
103.47572142961673 3.5427288279595217 0.0924857995870545 -0.04727092450593854 0.05 3.7637566292651337 549.7731219158785 -276.9630767166417 37.44783484591776
110.25248015860015 -42.65138135640905 0.07730361251096007 -0.09892473073410904 0.05 13.652213855977905 266.63487578928203 -372.44296687595636 123.40187400788342
302.42779345908764 32.09998382727848 0.08786343257937457 0.016699048065844792 0.05 83.81631769774276 57.36116093694409 -482.3763390781372 48.65024884342863
349.683033891115 28.595095308316527 0.021455883668551 -0.006423416930811947 0.05 17.19383256896846 131.25528867560405 -497.0507546782387 -199.6838191290857
31.919918966145175 -57.98605641718062 0.042702089617106864 -0.011796178712353675 0.05 38.41920628645895 -79.50232431181854 -84.31980893799684 233.22300153476755
31.806571002367807 -11.249951275176949 0.08025131401768504 -0.005369146408742975 0.05 18.9343000959921 296.0526559848266 -158.2976585381959 134.57214421859462
22.75718784913021 29.573066618340004 0.09418700069942121 -0.025191392259924016 0.05 7.247014987355715 134.89903561152187 -103.06162127271676 80.2908048342989
64.05316328156063 -59.56990295803146 0.078881724074924 -0.02708542430123348 0.05 17.79769619507943 -20.54367083602142 78.13637808427012 254.29981489700316
169.7025250837941 -63.3709596623588 0.0499672132540574 -0.025251237494971 0.05 13.889953083689157 139.80151736634173 -234.53794114078494 -224.75944988032614
45.63344841126407 13.991245587621915 0.040536757382518385 -0.021933214483646216 0.05 25.592501553842315 -1.5363409747260448 -251.4354512275229 423.15883445829166
41.98172177876177 9.30761706069294 0.06760086901135187 0.0052473121684678894 0.05 25.93203158988963 375.8226270115188 -387.39957606566105 11.367911443278011
320.752032557376 -32.31855270330971 0.0913261546573032 0.011960983454717578 0.05 30.652341320943755 164.82753722597698 -158.91923239063019 212.1178405302861
138.95389128162643 0.39027306151722707 0.048748688846595556 0.06810197035323237 0.05 21.320896600802183 249.35423267263548 -319.7835548048403 -20.22928160518643
80.89742389275057 28.562028197429402 0.04433286923634472 -0.04624974370233592 0.05 57.477872887187004 99.57478517118345 -81.41165668194193 168.83244023867758
185.4307446179267 19.149382233157556 0.10263798900016297 -0.033668600074450446 0.05 4.512949724171042 139.87571437201268 -385.1385186670733 -238.05035728585
349.175164434305 -20.740516396285237 0.056508308597446266 0.04773478976522877 0.05 17.057389884833814 -198.46790387523396 -433.57541959706407 -194.05376474454724
250.7025614375503 -68.67383581074829 0.08378487467955731 0.09938198313853504 0.05 2.864770939872587 -23.48928797087413 9.434607529783761 123.08794669540896
128.55980299293938 -27.331635114444826 0.055021500878493335 -0.052177323374669335 0.05 37.249270021698926 56.39996583788772 -347.33746613790083 -14.602934660587906
348.20484296015843 14.530191969803575 0.08778150445018928 0.007754175418468638 0.05 11.781252433918224 399.2912110719217 -425.373410370922 -53.88259556598287
78.10909163355109 63.09220959679104 0.04291470302325795 -0.010042019250693583 0.05 4.303948209284428 35.04855803355764 -560.5362650738759 -11.038085758253061
168.6848177607416 -3.138010310989989 0.08754698552770734 0.02297396095874623 0.05 9.529053943938209 -0.7164970012604783 -551.5004536143962 -116.70772385697711
301.46769321970385 -0.1266634476063449 0.10905399183947995 -0.04829628256066277 0.05 48.66046755240869 356.3591345761811 -4.3846651818175815 274.9387616905679
87.55516424442963 42.11623101214693 0.10842938411704983 -0.007048872703143612 0.05 53.91929337148421 34.40408051739027 -359.45859160982064 -131.47493462664198
106.87513856126054 -41.511705156737065 0.07200491436862966 -0.029666264553539778 0.05 21.017909522974897 375.24196677896964 -283.61799549707695 210.68822176646117
180.20805716674968 -38.81495537734822 0.07940422430660554 -0.03421321719588009 0.05 25.15089479744369 202.75234482298188 -247.74646861295872 57.08533654740511
103.95778126651044 77.12949875721247 0.042165930280825714 -0.025970564068996296 0.05 12.593374975823878 554.5519478888539 172.68714650376154 -190.0558764065884
120.62016661944159 -66.43702890942902 0.1022461815393998 -0.04852847717034661 0.05 1.1102762140390607 384.4504140769342 -647.977538723446 -79.92826061855968
265.9304247927375 -30.796471993564918 0.08268790785678148 -0.02438871945454146 0.05 30.278276871729126 -1.213209573184315 -508.2476689597522 62.01416335306045
219.13848009540058 73.31198912362933 0.07758702046356758 0.1327248468846097 0.05 3.4241828096802114 212.3060705411971 -652.587422073341 -49.90069189680092
67.67330365125812 -26.407093650625374 0.049687616624229936 -0.0006694776493307341 0.05 14.674325421741694 431.0569254840386 -322.83284754613925 355.9790699040082
254.33279591960178 -25.151324813607175 0.11342425864711703 0.014575258457285693 0.05 4.577055166469864 369.8764629565899 -463.7893774597527 -65.57506158792992
82.23704187052765 -7.229372923993079 0.09114079016284915 0.024986556944817332 0.05 10.186525365235074 32.138472714675174 -446.088798604451 -305.75932290845526
216.23205667057923 -29.351004395914632 0.1047335239465943 0.053345470435525524 0.05 2.0095276819686214 404.38366741945447 -628.9265097077949 351.24987112424856
247.0861872865172 6.009428361149197 0.05850495136696221 0.01720291328518132 0.05 2.469343898055753 612.5245500468947 -498.28757802325146 -171.90333513088723
154.19268519154926 44.333764730452295 0.07951057596563804 0.009787679912464563 0.05 29.868633934810504 -64.75682966551238 -261.5820692644114 61.27916781306901
304.9924233887451 -59.31816820246216 0.03444260571154989 0.03260302401312695 0.05 2.1634597661836716 444.938423706012 -149.9089835662228 238.5242250992216
331.28867494519125 40.66032704579824 0.04369502536908665 0.018344373132289593 0.05 42.78739412142441 -52.34578391652116 -246.5054808410237 -2.429078303247614
255.3393060880148 59.456106482992894 0.026857700814771457 -0.029855546068053622 0.05 10.204408574586928 412.1498567421641 71.69459655441966 479.5932992701913
318.9067420208147 20.846253630970388 0.05822930460169551 0.07128235553367758 0.05 49.746667994950926 180.06180172692893 -656.8785191028112 -6.241948629752706
93.80135584649251 54.57135665330481 0.06106620605074098 -0.030114898568977325 0.05 4.399050399716213 110.8452380972043 -481.4394573606419 52.71158630453478
303.0462641603333 24.70122267939851 0.03633172766779058 -0.04309097900650051 0.05 5.853137654791488 230.89266581296988 -441.1500342347799 260.7915963339369
71.2384507696167 -62.54711919278086 0.07340427038442843 -0.01802210091520972 0.05 43.57412761649404 133.87387082558774 -319.11921094080185 136.01040381161576
227.5728827704905 16.911499151177285 0.09380128999924331 -0.020738913898521807 0.05 0.7770222445310364 -39.40153494291678 -312.4048830523083 -109.79587283135405
96.18466069727496 -29.945371032845976 0.04929234049531406 -0.12068381699335652 0.05 3.521109017666786 646.4924098047534 -220.01030125980267 567.9047947400476
299.006733867339 -13.531640999941446 0.07813722925900124 0.10432856324241246 0.05 10.987485169488762 364.73632560261274 -320.27562774179665 97.93177012956039
116.37832338506273 -27.407267688804097 0.09147900367422812 -0.013400103243743217 0.05 9.242887628924692 43.62862907438401 -565.0452011731632 200.72786324025603
224.7010818475465 30.87170712897362 0.05397150242882498 -0.037685035443719594 0.05 5.70680963568519 -43.709978567935224 -654.2659955844176 28.913945525383205
89.48039396467817 19.62418755152007 0.03706434579867768 -0.037703734441006706 0.05 34.670494565515526 491.0802617836509 -412.5033870750856 -50.308681427506684
279.4586842894509 -71.3186558756378 0.04561246799279273 0.05589157982710374 0.05 20.962275834552514 402.3249792624898 -59.75300737110291 -108.18712681558125
67.2975320043995 57.16699629726572 0.06182247243493677 0.0251933678548364 0.05 52.738782256879084 304.6568120918602 51.4528601651125 188.80508188236905
13.77710109261369 21.42697030692541 0.08270615783570667 -0.03629822941564043 0.05 49.87022638481235 -90.08966554747053 -55.71516974746294 -86.3053420978348
88.70410188199456 3.0099991790373934 0.0778780065707334 -0.10420354077199229 0.05 16.980747291322167 298.31542056932653 -358.6540210786321 108.47414750390008
104.29360024726297 -39.05932953414739 0.07046251876645582 0.014772913567683718 0.05 14.674325421741694 198.19365294679906 -83.0243560583443 23.174138587175474
282.6367141663857 6.7916147641721425 0.038057459153096884 -0.02812602299799242 0.05 3.2066238623639856 269.2276471336808 -245.43287829615542 -77.855237589133
160.63818712983274 -67.09622152352227 0.09459872843626171 -0.018177811657767762 0.05 14.111430489699346 18.935861277925426 -160.8225930381471 -145.67986649106027
135.56944265244758 -34.08050943816304 0.0375211128512305 -0.03937704095068488 0.05 8.93787817736778 334.81579514649184 -192.80494567082252 -451.49956295253384
191.83844950470126 -59.59964027893125 0.06798748250321407 0.034067455756918844 0.05 40.76159760600129 185.11721079068923 -85.89748151017594 55.73901339390788
292.5290100840226 31.821968114079002 0.05648781749314402 0.020937037461781098 0.05 19.727098413483237 269.28734063646374 -390.1885968366575 -20.564964594923595
121.37558173232902 -19.419606201989527 0.06424101422592998 0.04229078147919799 0.05 8.654157280170322 97.93795489610521 -36.229227505241965 -152.68620736608267
77.79755235230672 10.981017936046001 0.0921845831233592 -0.020316343062943054 0.05 34.595099305808546 -2.003729504306534 -328.6835073460902 -160.7600499522688
4.791652721703601 26.996205139628746 0.03617899580558537 -0.009715375149815407 0.05 37.88166446041617 144.1212103916761 -85.69148112006042 160.5319076800398
186.02112207128877 39.56420246395152 0.06580595114502219 -0.08318214814231083 0.05 63.95288275737421 361.17115940810066 -177.51628223397083 74.79849083935919
83.97866712718492 3.5084036760671604 0.10454237464826921 0.01245989006511609 0.05 29.44760246623022 235.70658874997494 71.7071517748476 -363.75956882530664
175.04213554229793 -63.334638367433605 0.044025526851263264 0.03157485924266909 0.05 5.120428793916681 286.5995114918168 -138.30021744321778 -114.995090800935
89.94431985316237 -38.807631654423034 0.02737216266604725 0.05546664508948022 0.05 3.4235095907667232 169.96999380961344 -424.7491500361508 8.871386982041152
70.47959604474993 -6.542982464334037 0.07717485397751123 0.04373079750882119 0.05 35.455871095910894 47.94875862926696 -466.48376695421626 -307.06696996841856
114.812411513604 -27.578815657949683 0.10064264228303443 0.003185597442335398 0.05 45.945653791008546 -86.41937944458078 -246.45573794445352 60.30470504777674
72.75263639327757 87.56202819393877 0.04629916511819565 0.06553932978597603 0.05 34.24676075934818 153.05838691484877 60.06545338915339 257.17860294732156
270.55474354193564 14.540594286968185 0.05997708544951452 -0.0971755963324783 0.05 3.976667668438722 248.15449605652597 -22.380408916650026 78.39561528291111
231.60183442197228 -72.24174572777368 0.07598788244872079 -0.03990276468516516 0.05 16.031026019647822 319.314658472802 -307.0796247316035 212.1626913312145
310.6895520775544 69.95015983057813 0.0671325259272526 -0.0940687880489532 0.05 26.605788712933055 207.4067683655698 -438.24824010675235 -77.23104401337663
115.26225133765902 38.451603488911594 0.08807516476760968 0.07492109540195357 0.05 38.41920628645895 -170.05558006918176 -185.35420145441395 164.04615785063476
171.15953923091084 12.70535963766771 0.023708942636458508 -0.03630428645861299 0.05 27.41482549152939 2.905544395391871 -284.3483023541082 102.56560074817457
319.63428367809047 14.07334903883967 0.0551570843077156 -0.022358581878795893 0.05 43.68056391152519 169.8396082953396 -763.5667154106316 9.09970189423887
45.20992705310533 43.660291387978454 0.09448358953330516 -0.0661333123580411 0.05 15.97202727971772 503.1347102063795 -297.18567557285587 -87.18922865528717
67.05539513902512 -44.08863747885155 0.10071924094042983 -0.058293071420075164 0.05 11.643829332914642 287.8730343287973 71.13565856532284 0.881308662773371
80.9253086612641 19.15736985460285 0.09617553556768565 0.025612052721993545 0.05 6.4021047682368035 364.5744728643941 -349.5529845670185 -133.26341844905969
221.5155353365029 -2.081697447091566 0.03359358411727009 0.08301200979384216 0.05 9.856341570395129 62.21568373078216 -362.1731874692739 -102.89691730165373
260.14886380029697 -31.65686605245307 0.014839309789291821 0.06376132100844766 0.05 17.80387404635669 682.1273124284376 -357.36600115804094 -42.78835137225674
241.11828178544582 74.88626610912543 0.040704904597257396 0.04466745175523512 0.05 69.73192118361295 80.92682929161832 -212.74229219071375 -11.501911861322476
132.8323900667835 -5.160558166732962 0.043983156195376294 -0.039172505466626546 0.05 35.365811748382264 251.18627838701363 -416.2655722166859 -180.0574989313085
358.16793092703927 0.2916508258743531 0.041882019393072234 -0.00013182369065422184 0.05 3.5442736159797956 182.0926500027467 -29.064680669966833 -306.6708738199918
60.94645262443378 20.09483533679941 0.07980982146240367 -0.021251514623178196 0.05 25.56076998074288 5.2725768202609515 -304.2031700922876 149.29069570684743
264.8456926505003 -7.235545786403765 0.09079069805634332 -0.047953754473864255 0.05 4.797572940303413 149.05441429349776 -542.0763798080275 409.3543229918236
60.49061882910533 62.65088992747771 0.026101004591107868 0.05679969222270927 0.05 2.436183814784339 371.41068336591013 -537.4111820718733 -153.8990860295716
195.12749682576919 67.84182676339022 0.06956201374522974 -0.07870354102613597 0.05 23.434001566950172 -41.33778738070012 -289.74576511753384 -113.82095246751166
158.1625591833935 -38.61276052565786 0.04516842828989076 -0.03757734496219284 0.05 6.557824784441572 242.4781032919971 -513.7530778279565 -143.19454985025118
262.8573432574338 46.38157880919482 0.103044336700161 -0.015034883499941481 0.05 6.751835581351309 279.3015495489277 -312.38785090910045 -306.18541825972443
352.05516692764337 40.36686371235497 0.05771031808753002 -0.000793354319492949 0.05 43.68875061108232 379.9062210954189 -284.20196339366197 136.64920896256424
233.82159955635507 -72.45074604929198 0.04344748822398814 0.001499090136190837 0.05 20.130395893638305 113.73635073391807 43.49617241296386 38.40755730105276
138.69096740802044 41.63858543236257 0.10907633748148315 0.005651449553544394 0.05 4.516740466594394 293.7545265328847 43.792445375887326 -97.3594361783548
137.4212892405689 -1.035903601183782 0.09531158454493949 0.11411991108544271 0.05 10.364420990717942 203.95600158920138 -276.3171841038112 -16.650508939382775
242.14547533977077 -15.517965854031338 0.10534186117487554 -0.0031029060496499906 0.05 13.742116194867357 567.6982017812815 -594.874934934071 -191.6333035787433
310.0578456110953 9.532551515115143 0.0639681657054354 -0.0005790880614544476 0.05 47.393655979421446 198.2352612528654 -254.4537375930038 222.9931435598002
70.35312360510734 31.9905878907833 0.08519575909279098 -0.015241195666497346 0.05 44.952991189325665 -45.54089863198536 -131.9678349723522 78.51034651276932
114.86345553939181 56.321429516069784 0.04225118030981956 -0.08661198871639164 0.05 24.58346466892919 90.94372301571931 56.61153909678285 170.8477140332003
179.94162960929754 85.37650586951052 0.036536787986112484 0.015355836548000807 0.05 34.56540820758079 350.8310851551251 -44.88157813083561 94.52919328693162
267.1080117486085 49.84185931096712 0.09118085476445503 0.0933171085958323 0.05 7.6674112810660935 362.06530965580725 -179.91731682090162 124.27176040742656
331.17466205248945 24.56675434229893 0.019300519298223184 0.08519207329136168 0.05 1.0848926080948809 613.0865435191329 -336.2015239363429 300.5875971590774
250.2376160372094 -74.22826516545781 0.04661442591837717 -0.008124874989300675 0.05 6.090439320198859 271.0935222061113 -897.003358397952 -141.8726531022227
136.80695084202057 1.4920436230535878 0.06233698271527688 0.02128244751016085 0.05 18.37563719076608 283.25375858853045 -229.4365670649047 -99.6874306837613
338.79859408391854 -41.97368396205763 0.1034771126309113 -0.022154483838896413 0.05 3.884767982741202 240.7600969362334 -308.93381467960387 -58.913289229061476
1.6024025682998648 20.05660032745861 0.09726845005122842 0.029085090688826 0.05 5.679195492881412 441.26939796293385 -460.2761746334754 125.88268637791599
168.2030445065224 -14.931505339015116 0.06984814168088982 -0.00240543409572161 0.05 14.105844185330282 279.3561008020502 -518.5637619803405 110.24580753794405
275.45209719829154 -18.257269720531472 0.0982414396420066 0.029419725137233343 0.05 18.064659151214958 530.9631515876466 4.100879582163373 366.3646512220488
246.60164440230346 -17.17536411462206 0.08707466508983641 -0.06727984259897446 0.05 19.06673868675893 41.91120113045994 -273.366285229535 88.20991993061446
327.5926081213292 25.777555631527505 0.019340526895630372 -0.018893193392446918 0.05 11.476677727044342 423.30552505668925 -2.1012515591459078 -260.61474624887524
116.37688423241062 2.3010988500589304 0.08827606716774516 -0.017972370063033975 0.05 44.106487480276954 242.0008746706751 -127.21683967851237 89.90746674338527
169.10154686605952 -10.881890896778664 0.10182223607766461 -0.08324055843316933 0.05 5.0869961309197445 325.48102145442346 -500.574819390375 206.42187556158356
145.6494015682345 43.694350384751885 0.08167049749682365 0.03757276610625143 0.05 5.627949129109653 214.89013781001606 -693.7854284393513 -432.5032037654703
293.6267799470728 -9.060503011351884 0.09855573626144354 0.022054248701105436 0.05 5.177542964117196 173.20668594313162 -34.74025809710673 78.68623670890148
295.1657567339046 64.85800669540212 0.11418867654430942 0.04639275269627351 0.05 8.018711786915073 371.96256549667345 -55.360608365035546 147.82492350372462
185.32653493306566 -20.36899802632018 0.10663020776373289 0.006203636806457514 0.05 10.435100199760846 82.04937368527598 -150.64526242793852 63.71705847508022
319.7341518827205 4.564937978425037 0.08776495046188137 -0.014114783378855265 0.05 50.6227503531707 -65.48363916603648 -482.3291198528629 238.92509778176222
271.2569472025589 20.03870217470927 0.08084212636512467 0.04037518849788103 0.05 16.629717228293405 92.93089326990915 -262.31456153694114 53.96267262446998
51.67925003913866 59.76368795479083 0.03729602807971211 -0.13241487205842448 0.05 10.697217454815185 -7.331361457581039 -608.367330575217 -209.96210946180895
20.48740298926274 -41.87582739944068 0.035865994456447226 -0.020121712181994086 0.05 2.472429767219544 -20.99874154657394 -464.5350081025839 130.4341331277907
65.13219112580775 32.32961994392053 0.08568351994171253 0.041391503195736576 0.05 5.48879704451143 -31.214547216521026 -177.41273095664906 392.424172651946
267.5685440896073 11.544883031669427 0.04543593043681682 0.08465136931531175 0.05 23.73875553472896 388.4689113209012 -383.21069294655047 -6.103731731477993
145.32435639254058 -27.637320159895392 0.03418755596443179 -0.03204550897358614 0.05 17.47492360067377 -107.2447141262515 -317.3266710684934 130.83649539839456
330.5295228186145 -29.33599734032762 0.08700035150040764 0.05983911480526253 0.05 112.98136612843481 526.2646772143262 -229.28230002276374 290.4011526765439
325.8859096543782 50.00185466052988 0.036599887769073636 0.05494968410147654 0.05 2.441791328661944 78.25581866807416 -721.9086706185715 210.16910201238557
21.987402783150355 -2.1987154545762824 0.05760485278235494 -0.012156213700191976 0.05 8.332780558223188 146.36887119665286 -212.75016541940062 312.50723599078987
136.73905191358844 17.756425917135267 0.08702249577137433 -0.09249656157947453 0.05 13.855816408989362 277.85366479890405 -205.61374321456313 200.52505806457066
162.52087756238942 0.7393770758174084 0.0397681319988068 -0.0033552868526560958 0.05 19.573305746990872 217.80375583674345 -324.2503860565622 -10.833265872350452
148.0347458333629 58.6744652771552 0.05011572777384399 -0.02918230646511178 0.05 2.2793774425536975 169.68815304119798 -393.2052464024081 218.23887180864483
76.07170825330121 55.072808817903166 0.050677233795188625 0.006414539309114831 0.05 15.758985321294716 384.79709295744516 -338.0752104163238 -146.83195682206917
142.9024010739495 -19.87176258015739 0.102014987069867 0.035070742400331714 0.05 18.670224098213502 -171.72933976972394 -290.5502284417275 205.68533736643758
253.67060587758615 -23.786988909390473 0.03223546841103886 -0.004214575899068098 0.05 7.756824264155186 -14.928400051457885 -448.75694377229706 205.99139055874016
269.7445397194338 -11.490187569801838 0.04618088861017822 -0.03672732104786602 0.05 30.62815249729654 176.7585855639445 -166.9138049974451 -196.68483006692043
279.13555848661554 -32.75444116140079 0.09579618291032377 0.049823804248497 0.05 11.308608011409191 247.67212723967887 101.05803772451935 -174.29570152569278
163.5760517046858 -22.99689207711692 0.07625621263368343 0.016537162823347443 0.05 4.800327511969661 373.5154707513671 -737.4670317482596 32.59343432786835
5.716637395776371 30.589526892634144 0.04665786048688547 0.06583310832413114 0.05 5.591929402774638 140.13840309236627 -309.3749092512406 -59.909826875638416
80.10016764995841 10.013656955828928 0.09963108395749454 -0.022837160428163177 0.05 20.495015376391507 220.62085935815 -388.35421878041717 22.744989472331696
27.223777291366485 -19.72706675090059 0.10536031890587383 0.025971253076909256 0.05 13.21092908589309 63.3744181556919 -94.63169296778597 -146.08975395854625
27.115450353640437 67.06803691298111 0.08695709105526617 0.0027932162876482137 0.05 12.58896693020143 442.82778365908285 -330.8830425576481 -4.818885563380668
2.8849084560272527 -53.432035080607676 0.06373275872206463 0.06912452815730967 0.05 9.759500971939634 341.7753372486401 -244.18665663751818 108.71739101174985
18.42669466161951 -2.455026388279373 0.10015052477072528 0.037271251707634005 0.05 0.5147663462277319 -301.1623364364115 120.44446611824685 -50.99313984395957
135.09065303395252 10.209532195695058 0.06734823791578348 0.005162459210458348 0.05 40.431679567342854 67.8414455205367 -538.4831154297123 -336.233218550355
98.53270572730668 16.88652316898578 0.07573509596186412 -0.019933469541013337 0.05 88.16196764735703 342.1497784700564 -506.1483521533881 99.78263171546456
284.90607873132547 16.10967981534818 0.11530421878824004 0.01978392025070666 0.05 12.151052299010026 165.95919511982947 -183.85872902485994 384.4141262194291
43.59213294278335 -52.16584238495507 0.1132695337257934 0.02334667122213599 0.05 25.03753966053021 91.84512569952894 -706.0345707787826 -22.910390552836105
346.25670234202903 -41.556017126074984 0.11341992084825048 0.030260764440430417 0.05 2.4191508603659244 14.183527779246077 -620.7377562399665 -62.36786231984435
317.9141756638115 32.56717277735359 0.10351409523568411 -0.06131221863643801 0.05 6.506831831867256 169.76035432755583 -80.02438608812659 130.71710928694444
245.32393137169163 67.59589679779657 0.10875163222743844 -0.0038439721110430417 0.05 8.553845669422827 236.23509389415216 -416.04734606841225 11.609379481236921
285.812280581525 34.598741396731185 0.08092852547222873 -0.00657086522399246 0.05 14.55036586564059 16.261766017194134 -458.18972772964946 85.0227629965423
1.1462813274129922 -71.0869135341548 0.07803641466674027 0.10425605921666603 0.05 6.207684925584875 589.2299356108299 -562.961857016892 -39.16021107140814
316.56420609256986 -37.49874503654826 0.09496696063386412 0.07335932244188138 0.05 7.043149615617701 459.0135175456565 -469.11723151994676 -127.23116315510504
193.66508380389868 35.07386066457671 0.08698376998009083 -0.02197345382831729 0.05 3.426566182518393 239.56267529769954 -365.0347691734644 386.2179454949998
342.8809241521938 -7.2431940601349964 0.0708555070126824 -0.059721980328144124 0.05 2.0428649325308137 111.90711878588945 -377.4639299827813 -173.70312799425238
35.959137036571434 -14.841621420261715 0.057884030360527916 -0.01400238684922935 0.05 5.371633629216014 216.97503178546043 -292.60638226292934 -403.6608377088176
85.34590797565971 -63.91416008118465 0.10003246648028763 0.09004391917087197 0.05 3.039950091369881 75.59710452054587 -178.70038231156934 319.69043348097097
2.3898373010715543 25.75171836900949 0.09532262755804499 -0.055663023765010686 0.05 19.720505512070165 -260.95926689377046 -388.6055572883724 -110.81216412926503
99.06941702053922 -76.6805875448954 0.0741838036806195 0.07228164483226472 0.05 27.120062854811952 513.0069993553209 -663.6128976580783 -326.2667343834706
282.916347677499 57.35062429645197 0.07035719352694225 0.03441079306302051 0.05 31.114642669097567 184.01523126740992 33.59144696704374 -80.95891839186626
84.77212974581909 -3.228784254604501 0.09381164437025369 -0.10441835574455417 0.05 1.2096638455306146 645.9342437109988 -704.0671846685491 488.0794060172717
38.74650397999165 17.68803131486575 0.06700923559289418 -0.04138488059690302 0.05 2.382449147400812 193.55582496178081 -332.6824947943154 69.91806728650641
301.19073636271565 38.116998654106354 0.03861214826964998 -0.04438249902432377 0.05 14.945823492972542 446.94701991926775 -229.42752716706227 -23.00864423818406
350.9488536198479 16.948362428054974 0.027271998570465028 -0.007350326241162759 0.05 7.188535018633657 41.36820193830505 -119.05774528116712 366.9512405181159
175.34556505040487 11.097056240060118 0.04785256892165424 -0.07297388919604028 0.05 12.019674882691032 690.7041391530529 -164.07081390319178 -40.399596760229485
103.72599093504792 -26.339690265061694 0.09359638534345782 0.040898562401422534 0.05 11.106873612897129 311.03203705879696 -300.40379837830204 138.27015845951257
89.7776304301982 63.91149051351728 0.08563299878585262 0.06348705481942922 0.05 16.702533159815683 69.8262259129713 -281.35214936657627 254.37251676298075
320.0484372828772 31.488964090906506 0.0306703613889876 -0.004748902794311971 0.05 24.847815983081418 -166.43490428424633 -407.69634985065994 90.85102807147334
219.65775504959504 2.0412619644825214 0.08410823665245126 -0.06513310068013119 0.05 8.490531828703633 290.52309383255766 -185.80557808390515 161.77342559707324
33.86347292872872 -62.78560391019276 0.08690281132643052 -0.06403670422161084 0.05 27.62435150968595 -113.53955996836925 -502.7071984672668 147.82680285959253
41.23879655089764 8.57413825878211 0.06725119886023356 -0.06354596899402198 0.05 17.085799593973928 252.8525493146583 49.22858544024666 -345.9210602206048
171.19748421838491 -9.767683928243189 0.09051008323054943 0.05784800639934065 0.05 4.105251108600078 206.46245919083438 -106.51394301348029 -157.8216011166227
227.32625261181119 16.225115811204873 0.05137006324531801 -0.14503169442241043 0.05 47.93926118952092 165.3564110107415 -421.5656900899213 -54.31787527710176
272.2569263295506 -56.44499045287493 0.07329012372548638 0.03378656319908488 0.05 26.095426402565472 291.621244556184 -100.21819803630547 303.1184895625066
157.67067528413452 33.571141982381334 0.05720824123236001 -0.016899578405883974 0.05 35.607839490913314 -93.12364627318362 97.7818848135642 -68.62886139968023
352.488291580893 -14.041544777042159 0.07007931272247592 0.05871940039954979 0.05 25.924855092933925 189.2276053276563 -273.8710309903606 -147.72098984617543
195.0522115372843 -40.118320137914026 0.08257316746114274 0.10324519781195131 0.05 25.521240785783736 243.8541376901606 -1.7125641382015147 -27.643121334919115
158.09241938747473 66.19439329898185 0.048651139580060176 0.0031055601809355775 0.05 4.442989290979063 403.32048767062133 -534.0410151391875 165.6643315796888
131.84616092120748 52.48291494791244 0.11327025782524491 -0.027461847836993795 0.05 15.755973322778312 404.9206327427045 -466.47787528345054 7.408213442490002
312.06162443870966 0.05373545940798517 0.09153917103164422 -0.07909395799124722 0.05 49.32719950685813 44.20596757645211 -595.0651075502919 60.01585796461044
27.50013694388797 -18.290165332388096 0.09467357436898816 0.008871138343161986 0.05 1.7081405097092452 54.941608177087204 -526.7745703709656 -28.423494936990565
338.87706312797815 57.890837068126146 0.04397220215325848 0.021773197209145875 0.05 25.97319116161801 231.08345848413285 -318.56277494329316 422.8394467100744
6.962114906316729 -17.946135116971814 0.043816151020740435 0.012458706281166892 0.05 3.2044300299065878 192.97059511175334 -379.08987757114755 -224.29854811287169
156.7973050774118 -31.470554489517724 0.08094071327900232 -0.049097416564251886 0.05 9.504020163380986 45.22042951155444 -252.95957131759724 104.09125236805954
82.31180318454908 13.31846607312225 0.09907462181195492 0.04252754354871159 0.05 17.58933237954416 82.44893596605803 -563.0140416120767 126.37456177109735
103.16793934890532 12.17069907285649 0.07475916896289325 0.0007797949342814338 0.05 19.669345963316285 76.25805650931767 -426.92021046063627 70.70132476829248
302.936913209641 3.6161011345090457 0.05800517534515803 0.05668911059989018 0.05 13.919980330298669 212.12496183854125 -363.77354385904704 423.8785503215938
351.8323851655506 88.11912860278869 0.04890514028523252 -0.012630835364473207 0.05 34.76926275965348 53.41591161694765 -292.47969570551413 157.00356217307882
203.653530707013 47.54150689736606 0.04969410353410386 0.0737977871120925 0.05 5.437890685278413 220.8431180982926 -134.0905782405623 157.41943514982188
101.55655273173141 31.622668322537404 0.07320670076146785 -0.05459747392958442 0.05 23.871105323219204 340.98263028194236 -537.2934065576969 75.6713925055495
60.94840220215592 -49.77221595717814 0.02606648359554975 -0.027910870453881922 0.05 34.486433133958634 148.3841921169124 -7.8971670456323295 -112.08109165062677
18.01622437210451 10.93115929264173 0.10107539019982581 0.027460145099088746 0.05 7.051528945134681 300.10107040168407 -293.6601985976123 45.2049325469207
274.8593761276741 67.19232311344075 0.0826394143159368 0.03698841345409383 0.05 33.05463644142213 361.746037510158 -85.73403151101715 -194.5842709633411
36.176060810088956 34.492979587707666 0.0426563648405085 -0.06942390888697061 0.05 0.8263466574899462 144.20306810653472 -438.4851179366252 357.123359564625
331.1218452637282 -27.281662397850575 0.06331572603664992 -0.03251048635995154 0.05 10.869436822492892 496.8214282438881 -250.3249287792167 -213.45160669191887
21.29612127167878 2.8151429952299756 0.03999229436594698 0.04245448645849833 0.05 1.3109290977781924 241.89904841701033 -459.215053045403 77.55875463662426
351.33500357285936 -39.17115091228679 0.09388135412411347 -0.14398838746180934 0.05 2.798994196637195 239.65546020031934 -572.5584588070037 -298.2881998766846
217.17969717784626 30.96615405612574 0.024270855143387005 -0.08062309743643907 0.05 16.471638172824886 1.1748067130924085 -409.5665060930393 2.0324318088534383
61.302240720842576 22.525408041514126 0.07969443185175518 0.022680384965246696 0.05 21.195793651832528 297.13884039936363 -248.07133704629908 -197.65831403433728
174.0696607098113 -15.369939063718869 0.09768539732684567 0.00408629638701451 0.05 21.258766814466384 383.01748187110854 -179.66980218449203 451.1192113188844
129.9602723432455 14.59259217882179 0.060946433740928674 0.03492822548723414 0.05 0.8203148471261625 166.47151893445195 -330.91971416690683 142.99193553298434
229.69170813787704 -4.285574381790043 0.05329195989597779 0.05824828138277109 0.05 4.873842218897851 -21.22564497773749 -498.4101157138752 52.54106595590687
338.24106202395996 60.529897729594396 0.09536032669701222 -0.06972195890999712 0.05 19.451773416322958 225.54033493392885 -139.53422355859615 262.28180844407825
256.8442121740924 -83.39083847142726 0.11348320072611706 -0.07209102401349222 0.05 38.16717756620605 211.08426617176653 -64.54163183933824 -48.613569246302106
183.00108308817593 -25.99002686477562 0.058931831237791776 -0.011540353117839824 0.05 51.538528902861735 536.0160579878232 -487.04082627624206 206.51809939020734
169.10001503849094 -20.324411305868463 0.06866600112529464 -0.019293198375055096 0.05 10.686521341532409 359.6033451647795 -473.3316571172852 325.3622439785558
140.85984532636067 -43.42503976531122 0.06126716412972688 0.06989017623854384 0.05 9.46570530015182 469.5023803463253 -76.13548657116075 -147.04045565626947
177.67549643458378 -21.58669976094379 0.10647668421178524 0.03318775221088549 0.05 3.2798894816557747 319.9099909557436 120.55749328257673 98.06816698458474
170.8380625857248 70.31369425607129 0.04713411686196811 -0.04778417492363172 0.05 21.57917513173059 347.44284175824646 -900.8193312315148 -47.84200325664278
185.57723432280392 28.421319128192646 0.07036996397906914 0.05681869136698007 0.05 8.787019894094103 261.4830050254717 -258.5691497097212 -271.55063489461065
53.02356642261597 18.393919149822914 0.08659598333183527 -0.05582356628135571 0.05 31.856287102420303 349.36904353369243 -493.84210416698375 254.34352564204897
166.32703083743624 20.571937012551214 0.09267861220978668 -0.016488834476011942 0.05 31.18069118031526 -177.42726760838002 -485.5317452008848 -310.72012325108295
95.6417098191471 53.97643521718111 0.08188401878636675 -0.06846355366355311 0.05 19.58208354502085 -1.7765162480703225 -139.771156611512 -68.95389067186007
267.54212774120015 21.03928722093339 0.08681760170285768 0.03688704284542782 0.05 5.625253074459066 413.98910678056274 -184.88217432191564 -298.8554005111929
71.29644063772389 -31.821548545479512 0.09063103690194652 -0.03865157502960642 0.05 27.663498223717824 287.1591970871475 -282.3756271044852 323.6595369461222
324.7803352408562 3.6694169461285826 0.03895546751775947 0.16988604490263057 0.05 5.491958551121331 225.89184389365315 -455.17873420921256 -185.52426060029617
294.33781010010506 49.0471575246741 0.0508786141151214 -0.04335713572135076 0.05 33.31875888319078 50.57687328563293 -166.49344822601924 220.47191473174007
110.92994262725405 -0.541832774496129 0.06776294942602501 -0.10162717898642476 0.05 3.717094431036017 386.7768098153819 -671.3464463559775 107.32671771219188
156.00966153859827 20.64354070722441 0.10551312072351715 -0.020134531630496427 0.05 26.61830856359771 298.2734391544458 25.807576171687685 393.01012093339955
316.9170821461672 -46.33866457725365 0.09101410930806186 -0.018656653108918606 0.05 41.552598587412604 -158.30976378997082 -540.5967666095894 62.87023949836451
211.74530434212969 -14.566054947535715 0.03873874588230719 0.05987217372902322 0.05 25.931074781397918 393.50526669755834 -183.89138997241392 -59.90631044061374
52.258436472181835 -5.095487226174645 0.09955844993256346 -0.04502972823403592 0.05 27.5313948216088 331.3194972372921 -427.7653842413663 -83.40749404798365
211.02672190000283 55.59873152102354 0.11517134946339014 0.017278081505801037 0.05 27.30379855809763 75.32676565496799 -256.2960927331791 35.04417718618492
112.80673059159777 -23.7250575432579 0.08981796520851448 0.12116612488324613 0.05 38.04663333904855 -5.841874154889609 164.3741111040846 -139.77776345190048
196.55711696137317 -21.465603036769203 0.08231163895035243 0.0028347761288902984 0.05 11.003231877303248 539.6821060861724 -86.58115128218776 -121.95276554811059
2.714652063154102 44.82382681666791 0.09795758913666663 0.02568067542288474 0.05 7.346893836610386 119.9038155027668 -349.2701728448186 218.2638899364943
269.7617735923176 74.25345350144451 0.07183657109044272 -0.05310682407541459 0.05 28.251000822609623 430.7538243548081 -93.06338830908919 -153.66145475506002
117.2117703191382 -15.811271138535483 0.11357265092476321 0.05783060048270131 0.05 10.804429226436584 267.6866507706844 -149.75583970157513 201.05137480413367
245.51709178412014 50.31825684004933 0.10456318754374361 0.007967788203469453 0.05 14.606242476366555 223.57764989599292 -396.08741092821424 117.98119267419096
24.335023095531927 -44.9175263073402 0.03423226108778121 -0.06938774030778944 0.05 16.394818525632843 219.55270276415956 -375.58230540266817 -44.343453761898004
182.48670766598977 74.97834293914529 0.08241085835183126 0.006634981747118409 0.05 11.759923161995241 -5.715532818409315 -393.08390940957645 110.02201233309782
353.927355005875 59.63104570880279 0.05172558491954149 -0.05746311384493096 0.05 14.054265653403839 -140.96536357028668 -458.5467784185445 25.584160061105454
341.4140464953153 22.40351155477372 0.06521735573316079 0.045938138841817494 0.05 10.182181507596766 275.15742562427045 -265.6195918518909 -106.69648535407234
147.0163506230262 -17.65854651939925 0.07110609970125936 -0.058897167082839375 0.05 8.100129175737019 371.10262231362617 -376.67031232525903 -84.35892298407197
203.35322044346574 -8.94557857017659 0.037754223495440886 -0.046646419928800156 0.05 9.22199020085067 420.29341231819734 -82.89972350177766 -203.2576885629449
192.95303987516021 -34.94392512873202 0.11102659528850167 5.956361436979408e-05 0.05 3.5390740549278137 296.06637518901766 -166.26832828650794 178.05873280520726
63.05544645788982 24.587317277741615 0.06088495146519235 -0.042703985697021205 0.05 31.839844290811335 177.93457714771753 -22.449278634333666 172.34498437620218
331.260356596961 -36.77654280760257 0.09554954722317732 0.003746410241167198 0.05 9.763829255449204 -102.90559315684732 -276.68213583323137 151.86968373749139
44.85906022640534 -19.341386710919867 0.09445013961460114 0.03957966588328888 0.05 22.609744321082864 115.59250695772373 -522.3610966232623 -118.88730475725754
14.63337079376705 -15.343728919997098 0.06376411376570168 0.017620513140024344 0.05 17.928594429415035 493.3894647549242 -636.7973621542951 -143.69661471608703
86.17870100535276 31.414996702238614 0.11305457720868062 -0.009001279424865673 0.05 0.9293601692604264 -88.63596185261065 -128.9536575106616 146.87584535784077
321.6246792102007 -1.382071271807759 0.0642656757773481 -0.05445720445541058 0.05 14.679985094541959 377.3458681640219 -140.5254747016035 35.182500380462365
192.36612741055262 -26.20126601941085 0.07094300223814387 -0.00981334335900407 0.05 34.74808254851589 130.7633970568262 -212.94670823977452 241.25204403447938
71.27622932448014 -46.76315208497745 0.09576480919110719 -0.04092607222927955 0.05 2.369250372372558 278.27192287160835 -250.52719421565126 257.38809644273704
124.25442867231585 56.5560975244489 0.10891922443902091 -0.009612853086773659 0.05 9.987071434920704 118.31393064633362 -515.5924792879891 71.23130574048628
223.6173879873749 57.743992824726945 0.0552516888534651 -0.007570772011180905 0.05 82.01955298688513 -15.61893044906256 -430.4086678320092 -423.3970599294619
194.73215705589038 -18.11649011045957 0.09150113811592897 -0.018164682654844458 0.05 2.7598628725933283 258.0889471316825 -448.4177906956786 -79.87955651411238
110.96963597154493 -54.85592463431422 0.0934209415293763 -0.002922733575642409 0.05 4.446230430257954 131.5584204000428 56.40855536115299 -65.50067442604026
163.21521094206932 -21.07368316914349 0.10523037946813174 0.016260880510033802 0.05 11.951906611481094 320.1111724435864 -248.8025252343369 12.556256653587141
53.48491066072561 5.869891696966512 0.09133915590317132 -0.06207014870378176 0.05 3.6536814956451793 120.98344634535265 -158.49779861276116 -80.4034279589545
338.01236272435733 -5.389405221407791 0.10238170199732721 -0.075444338309964 0.05 19.208245418504184 53.358479078567456 -172.13656774658168 370.97031737969013
84.31018520977801 64.35049669162741 0.060771161526572914 0.018314025317468674 0.05 25.925521509020577 412.42882262416805 -8.450033375801127 -302.02978925334514
288.4386995547219 10.382412098599275 0.04959577222380274 0.01184749446789984 0.05 5.987335409213745 216.28708630501373 -368.16723008917864 -304.5027969466135
119.6857566698311 20.498706122193042 0.08137169647183118 -0.17033290547354407 0.05 18.268269918980142 300.5584108037938 -393.6619583699884 28.767446050512003
99.39413754957783 -0.26352112694703456 0.047661280079294155 -0.05743870124581231 0.05 2.722417671311121 -91.75956287704594 18.911025856622587 81.81547875860761
224.18971193210407 25.52859240567742 0.03946182138239851 0.09487839240153365 0.05 29.160346822605238 345.7055609024221 73.94322083196727 143.67235122363613
106.40131001279414 -73.40862763329733 0.07104029249217136 0.07906844065405164 0.05 4.007877881377706 268.4850635064957 -445.82349793822095 12.519973596832159
106.36941959679093 44.581256361237465 0.09939824135790265 0.09345319909307911 0.05 33.330007503077525 466.03826478820486 -212.05970054529402 -17.193175702287064
169.0896978531298 83.11595177821582 0.062068482991727736 0.05328958552134523 0.05 16.92041361725204 164.6116122930169 -149.78909900859117 44.58678610246198
2.529380680262916 18.549484628052603 0.06965644510515334 -0.018334995139344147 0.05 39.43193878782853 170.81088315234211 -264.3144969804303 177.12482919376907
158.99308425004074 7.8891633507996906 0.0231074455918463 0.0275962364467661 0.05 10.218493120789617 265.9080452701709 -327.1130595582926 -187.35070120730745
218.254055081699 11.398413330483915 0.09057612783716618 -0.09307193799602845 0.05 26.18587601372451 408.59316195447605 -330.3239421599662 -112.06094527429894
264.31254727550527 31.097177628211764 0.07236285139277476 -0.037895840071645454 0.05 3.3611782246476443 203.74679801586723 -308.2559793437467 147.0032735096579
210.39502689568806 -50.482290604597935 0.06830997768272606 -0.031144161574361957 0.05 7.206292067226797 -64.27029586814143 -311.00934436407044 -196.34885310409246
277.7993096564015 -20.57655487276811 0.0848252084523562 0.02649894818277499 0.05 13.071447472464566 362.94972750181705 -154.97226767985293 -475.4247307511288
316.597937139564 -6.6267034386189785 0.051038208041558786 -0.08320886970445118 0.05 2.053353901303445 10.838211266551667 -344.4293044208649 -26.13244630127282
39.427337989930145 -12.423749590112456 0.043725463843641954 -0.018347974995772127 0.05 4.232933047953313 16.263955260508226 96.02121552382636 69.64115545309676
293.2310829431252 -28.046317568426655 0.06462038184523089 0.08293054912539372 0.05 12.652459201285305 486.17575078962705 -480.3024910120637 200.8465198056614
262.5692051136309 -45.89654675059125 0.05645619806850699 0.049553402425800044 0.05 9.920005256698307 132.1761375876897 -300.99942594723484 100.5669147112756
343.88378684901767 -1.7945193435786928 0.03947669968827383 0.05007251969882272 0.05 43.3239204688317 77.59427352863571 -230.48339495344595 435.3924205545018
141.88917706269365 45.28993218515662 0.08469269295104342 0.009463623452696628 0.05 0.8886611147480544 260.2963209423188 207.88224889950573 287.1596644903172
45.11836843167536 68.3189814684181 0.1033014829129828 -0.040043496289858524 0.05 5.449886228648936 64.1218469271397 -394.4854088055703 -349.87141628999603
112.10200371892998 -20.416644994874492 0.07046319086498531 -0.021030784387420384 0.05 4.686314655441284 -211.78656050395767 -448.3593282646466 -231.32541036850023
110.02663481563157 -34.91237787796208 0.06402579897430472 0.009381392829922591 0.05 1.9554089737271412 -121.81906788951505 -780.0331630152401 524.3277106436619
304.712123864293 -72.70703812180209 0.10428657071438141 0.0025347496324070575 0.05 11.720399176012988 282.9763250707813 -322.72292008382584 41.78867883420737
250.6920412951487 -69.62759041964952 0.04389150984342671 0.021669385846666833 0.05 13.803755246442082 408.08172032778197 -389.30014912457284 -35.43669461153263
213.70571769641313 -61.51634319303021 0.027128585485423073 0.016575243342278334 0.05 14.821173343317316 -192.96884064771928 -705.7679373769604 -278.42602683815454
19.79779680474832 78.7867884922007 0.04568833390661675 -0.002189483677249884 0.05 3.539699214564954 205.16208856855124 -355.4665087456161 5.9629733649987955
123.67404277133048 38.81146616391779 0.0973168039237633 0.008301508347975287 0.05 12.17433311149683 651.5717447334831 18.415314562469348 25.653989790544678
64.33456511906866 -41.957891957748814 0.07722423407493784 0.017676429819878076 0.05 1.8246792555425462 266.53773996639967 -393.9990090716154 51.130467423351334
194.79037654362807 18.806511417323396 0.038168495408528846 0.01566079877096848 0.05 20.136083104552988 329.00707210537564 -121.57508884183497 79.41972133878892
186.99571912344757 -69.1878980232212 0.057418051960290706 0.006597783212125515 0.05 14.455975650615814 415.5054376174944 -575.7754560378485 -334.33928250623285
89.41615902656932 -63.64196330814431 0.08542341085844529 0.031089366211303586 0.05 5.2317469626439 174.16990466353593 -474.2362394880555 26.795525697029383
205.36128462327713 25.336284781758827 0.08014924823183578 0.09938246264785344 0.05 15.347873548613673 247.8129828685053 -295.1864518748684 -4.674520278020452
277.0751684432944 14.483321619488922 0.05976864267149118 -0.042064308793555646 0.05 8.804746078724564 71.43654753604903 -657.873644392892 178.9932746371597
7.502386110628201 -42.596871288785636 0.09965301408124416 0.02711780485427779 0.05 18.344180383207565 712.1962490683172 -196.36342205368675 -44.648699725867075
249.3831976418194 -39.08557876595459 0.1087925747577343 -0.027180174867236936 0.05 3.1744256605168584 756.5904000939493 -645.2307730232624 315.40492620109734
208.4122869352152 -27.51990519915552 0.0994712476694275 -0.068205815316162 0.05 88.62164876785128 249.61515789913236 -364.31483408271095 213.25374158957152
335.7169831686646 32.539395942971964 0.053273908704702944 0.013971016446412923 0.05 31.612758302343607 -92.9510318416867 -766.3404811629348 -127.49311305533695
37.16030828258756 -31.040215107124915 0.06975169257728764 -0.0002054369798658879 0.05 8.291084264458588 -278.8459816230298 -71.08577920699912 194.36013857011284
112.50822966901094 -73.01560209337016 0.03571076780800997 0.0029721599102522835 0.05 3.4275703104208577 -103.2355068205622 -331.23733879207924 -21.300836527455772
118.46047719288438 -33.53022355249473 0.09030341569310796 0.047565895007614156 0.05 14.610448865990447 353.8427083527695 -36.06782938645705 292.13268790869574
0.7414954365282843 -21.440333993491134 0.09451028006358375 0.01801798081780826 0.05 8.990357339643355 573.0438409405248 -361.3560706585806 21.975177848101296
141.86879190363814 2.540899364548086 0.08523645451218487 -0.01592051905072076 0.05 39.49948200709051 -319.4691158773808 -407.5764108004364 -47.72765096080566
217.35829217204332 -31.43069091641091 0.09983855486037929 1.879083440567116e-05 0.05 24.765753953250762 454.0245275232504 -286.42998330327583 -147.80778357169294
34.348057773954935 17.523473645070922 0.04593762567494952 -0.07347850894853648 0.05 8.516768448056723 255.6115152413011 -445.208586970752 81.24829486544225
333.36638130845205 67.90784664691648 0.0998921515220399 -0.04091078261498907 0.05 25.34028564149602 -165.32487409393252 -259.4679087118978 -201.83541790817338
264.85023527642517 60.77788028805464 0.08835982155340161 -0.06208442387851628 0.05 10.349660995921008 55.12259492205217 -312.94487527682503 98.4391483282999
202.11722210469847 -11.28974670394842 0.011650116720286707 0.005440031467135467 0.05 14.395129211018277 194.59425151051354 -87.76244684536181 296.9619033994763
48.648056702290866 80.97599122832526 0.039226494590569816 0.07592241309819506 0.05 12.99727384402902 349.18297974894426 -495.975119211014 105.92364532786303
125.39634613326203 4.17973868413118 0.02873277791136708 0.0546518346088529 0.05 30.26664222556812 -10.785550152441772 -242.47571955256177 -326.2155968472327
103.0545102919182 -36.048245960968444 0.017351802773012626 0.027092498101139992 0.05 12.255195154103525 232.97077260506427 -288.78348003678565 66.77774936659164
188.5572423905592 -1.9025528254154047 0.06910604986819346 -0.025738453567009302 0.05 1.6667755127996673 313.1269749850059 82.970936262939 -8.406201315159514
121.05322078272646 63.486216409276814 0.07544101566866646 -0.02307370093502363 0.05 4.570956510016794 380.28876504552477 -407.5580688879777 109.2578778053547
311.1312589236126 -33.19522141259499 0.06934259727495751 0.03363763357313157 0.05 11.208127211713377 316.4598555128979 -295.31281195294565 8.976182697421372
274.83157135995054 25.412117812989706 0.11129193862336573 -0.04593614792821531 0.05 9.991906315843856 -11.167887954416557 -425.794670535446 517.2198730370355
347.23621075041495 -36.72213490049914 0.05804511889343411 -0.012958480968860812 0.05 6.003521116528215 129.51577737037246 -393.2771615101235 140.7525255326468
327.935002449882 -1.2157909285478032 0.01895854158741872 0.10371080616108541 0.05 8.32592104402444 167.27807495012 -358.66384994233795 377.18010324097145
91.48646537027582 80.48282836347862 0.06389526983267202 0.04227750578161883 0.05 14.400956468500771 276.0678214504024 -595.881629352353 463.74393446681336
330.12494611070326 -56.26203195067629 0.0666795565434668 -0.0010643340441167442 0.05 6.4982350070607255 248.25639152366585 5.478042579450346 -145.3458389091702
153.33170822581621 -50.65939288701792 0.05567816987321739 -0.04159641348422172 0.05 18.084664240524763 151.86636468848076 -386.9488887353899 -34.588953440872345
130.07725595553495 -22.269743204574645 0.0691500408323309 -0.01183692005525314 0.05 7.000949143814514 -76.22584829203709 -96.36567269785644 105.54529322488875
155.99681580609783 45.174826786774254 0.10433138902370365 0.05367549145209624 0.05 14.870999302260962 406.48650515428704 -331.8934327456408 305.24741670850574
110.75961527633187 -4.2277548251799 0.06849413700368956 0.06088865755341903 0.05 22.628641890391453 508.32375391805556 -370.07152891351615 -338.151381117613
27.694435049276834 52.76561347314742 0.01316204732566817 0.0174269721868319 0.05 9.597512441252205 -115.65322863611391 -411.3817302491395 26.592542178915753
27.810200894150054 -17.011530686793407 0.04304303176028901 -0.03805502389218432 0.05 12.404051244055145 166.40721666243365 -341.28900500973447 51.3922783216012
12.771279232580875 16.10634408179583 0.05266273092459617 0.04706248042276666 0.05 18.787414118604453 393.4742650975859 0.7042182038853753 -81.68683894850639
86.64123938863567 18.164168657254795 0.08470248219456589 0.101239739961048 0.05 7.338841559030061 -90.8231179274336 -509.85026258356504 -13.545647475460058
345.3549416528764 -28.880338517682905 0.018377673146815265 -0.015461308077989159 0.05 3.8009085507589067 99.1315301531204 -483.6915271300992 158.3174269878336
331.10215458260393 6.31994132816492 0.06432323911622362 -0.02216934062487884 0.05 16.72950658289991 586.7438949634045 -182.4118365521323 -160.0909035160723
87.6766241969619 -19.1424392128868 0.04765409909318641 -0.0427742368273788 0.05 15.60655862159441 237.00483651148173 179.06011994340741 -60.395219145784935
15.7596294862254 -20.328405521400853 0.022023235626567494 -0.07093546142021903 0.05 11.761113156713368 194.81928391008893 -331.7908411175918 -159.061902343628
143.66536581326145 -59.22744351149558 0.05601642233158022 -0.06278671803147247 0.05 12.43700997334889 130.21606281022946 -205.19836566125952 -219.9532960748149
153.32855816908284 42.59945994618152 0.08647968835704223 -0.020021024755395408 0.05 6.496270182702679 396.7027276778548 -242.87674420439828 581.8647441883138
8.871623552680498 85.28435249010494 0.03660926637562456 0.045647288882847886 0.05 28.86712639422552 318.3286408085675 -206.86746049761268 166.8370600036184
102.15915295775348 -45.15200806247306 0.11148836880912527 -0.008297755617757446 0.05 5.800910921468521 285.13767595117133 -198.72863525137052 386.5464787217581
327.18191834105255 16.68611583473211 0.08376287231694302 0.03272163537835068 0.05 16.924828773864174 200.08710678585507 -216.01466470296037 -182.00344309914928
56.26608108888774 -28.20585812498714 0.09051302966622865 0.03873070915971489 0.05 18.28803965484567 563.4683680531875 -179.84804160860426 -207.52017330490133
86.05795465049457 -60.382438385045766 0.08603561898775869 -0.03943933024470889 0.05 8.535361199057343 662.4864784023653 -67.86503247848987 -553.0103024807914
142.14391068149783 77.73072081859856 0.07637435236460499 -0.017728097821696678 0.05 30.469813610983945 -52.40935137417031 -98.82328459952836 -28.29321767195961
163.89326154548692 15.833511668782918 0.0719382272212068 -0.060784204162024645 0.05 2.8942952445850527 88.30648384902508 -371.34648348068447 496.8487144743783
46.23732618812071 -59.67451998904356 0.06807866006481378 0.00012008602772516953 0.05 0.8927154517332277 517.2498018383797 -244.0991114060664 578.7771614419814
41.36176602755358 7.071291864334779 0.08742400604903389 -0.07681402869234745 0.05 14.2199187983367 128.4675244630166 -138.89092468747975 -108.03907950059534
98.7928827694986 51.52935198179903 0.038299610559914266 -0.008039002331664623 0.05 60.88145594669877 153.63154474629246 -538.3385365569987 -179.83666332733213
146.3420777049677 -0.7299493354162094 0.09940312423592235 -0.039867181961082195 0.05 19.126154651195744 170.83255240603208 -451.5113978481212 195.95924269586
63.74162881152162 -33.9685053626775 0.06611091302442706 -0.05586186397599157 0.05 4.09575604635527 259.11224534002895 -174.37297874812413 -49.12096722828662
348.96063036739395 -27.427938878622694 0.08855584949091377 -0.018918402965732446 0.05 26.273867264277154 -65.36306539861124 -398.016522604264 546.9390719310616
84.20000708852447 29.293515148615423 0.023962959721240518 0.046975915428659205 0.05 4.790435924813416 218.16871759797303 -509.11887035374355 182.46228497771625
352.2244485682338 -49.20058474263005 0.0664699177726682 -0.06819359976459775 0.05 6.823700561517418 83.73035184766276 -273.5041352370818 -101.27350817524353
357.17790868283095 -6.014513506256819 0.09323905002093058 0.041317842054285785 0.05 27.00275012353296 42.28298871875208 -315.3407302211218 -257.37886524318617
269.92008635271696 -51.85698035614011 0.09392654142149826 0.035095048098247 0.05 4.179157376572935 -100.06233778915242 -111.05575260028337 104.61144358810778
42.32805491278625 39.73160469931263 0.09494359931943741 -0.004774337184896442 0.05 27.416805405238645 156.26887180766795 -315.3685369981735 -20.07722574646212
48.795024137347134 57.56430578397533 0.031158247179687182 -0.014076143354035647 0.05 18.23851421217974 357.6078258793382 -149.86384712526404 212.72867468296138
316.9950333517208 -15.756991410119053 0.10680543637455786 -0.018989048390964193 0.05 47.93926118952092 191.48328888553024 -480.1896832305357 10.447936908452945
142.34747255143986 -47.70284783196969 0.0918011672250385 -0.0733325349165753 0.05 1.103213926500521 140.7452730622128 -317.4501963986427 139.6901907655311
313.7371047369596 3.080591948326561 0.06887110608959923 -0.018652835634353562 0.05 7.355828005999864 92.47383113682386 -135.08244139971936 416.55488031191885
63.01652980174568 10.332118442702548 0.03163340931771419 0.00020154967992402732 0.05 13.348331917636695 356.84387143897817 -337.03529510450437 169.6107387867837
157.34662924814043 29.847879808645633 0.1105088339486402 0.02644678458737461 0.05 35.8041485325388 24.475249765218564 -237.52870220217773 302.94869203951725
349.1014735254211 34.273343285649425 0.07775673993839227 -0.05575240034650867 0.05 27.391203624003353 385.8242445408829 -258.66443852660524 117.56079571807234
139.6700520315866 -3.727257036145403 0.09518800271235861 0.0546895635200827 0.05 13.140605602078827 290.8210635562493 -85.33084658277025 278.4478221656831
261.76939746275855 -45.054694622413884 0.1048365784150107 -0.04431515341856047 0.05 5.279995323525699 173.27912618466237 -502.0823626094245 131.6722029805146
103.4386509101847 16.617461695586165 0.11341339486767343 -0.03364957757925526 0.05 37.67099876155292 43.4465223345058 -298.34668370442023 158.6229272058223
148.86091218265935 14.853275564224138 0.026786073955098244 -0.047272396624191935 0.05 0.6384993388951411 -21.71730471680698 -456.69212997489524 195.21509416539666
12.85195600178389 22.0211231502664 0.08768066414168296 -0.020670107661527576 0.05 17.085799593973928 295.8787498275898 -262.6859278010303 2.284599032835118
207.8077601594884 72.15475231501578 0.08246661835932034 0.017316789638044134 0.05 2.739105150712932 250.67677843817415 -158.58068646878067 142.02470716585924
295.5897345199081 35.28389083270503 0.04853592328648193 -0.009112985127307193 0.05 4.545697032661006 -149.6672073804491 -116.45288983414974 -342.28755419516943
159.83351133947764 7.196732887404608 0.08892736224857312 -0.010316011630811344 0.05 19.236980736325634 556.2379582044326 -352.03427247913044 171.16820103722017
227.97361470859067 44.450545429617726 0.07061145498554788 -0.03025247792622287 0.05 2.5877165934556285 211.3455800511667 29.958864284213007 429.5823578090912
138.22041648145301 -10.091793254958212 0.09419143636320215 -0.07491011928539842 0.05 12.630916206448113 129.43656702330986 -701.5229154152407 -130.35536534014213
204.23589893391141 68.27193068159553 0.10481801980543182 0.03122675756673312 0.05 1.3031457386190497 264.6307488559056 -488.78024283548905 30.730977053432504
236.95698678504473 33.609654293458014 0.1105083417829793 0.048759514104743926 0.05 31.927431263260836 126.42361044104348 -154.1507734919203 10.482713791989639
328.9001727164895 54.41875574937892 0.09847683483158343 -0.0010864098215648574 0.05 6.018114062361291 206.4248634282493 -240.39595066339916 -83.49134294688648
167.4883122794976 86.3904441930613 0.08722125264615 -0.030985082596098553 0.05 7.027008529681978 444.34735117014486 -203.57193045346472 115.47878197185041
204.46558854575625 -27.69735203346869 0.08297238549143282 -0.04202028535355913 0.05 4.621528279688118 334.65789298153834 -257.550180177948 211.41595861917182
296.4364484926465 66.86562173164658 0.09825241239008942 0.06965287888353218 0.05 1.4830015719400493 62.162640680752475 -277.77174598118285 -87.00752673056232
282.33015817649385 35.950518317898556 0.07812608187629122 -0.019812415550814283 0.05 7.252685377920045 160.60728348282424 -759.5834621029812 164.88909951095428
195.29207063606026 77.84483925354706 0.06748981031928092 0.021652191778135123 0.05 8.674087259307036 268.4010775433047 -480.6508824756315 -32.11015540870237
18.749977833273896 -4.105042465223644 0.0696748879351865 -0.007735916513631749 0.05 4.390867065214729 340.8621966849501 -115.24876572082422 -214.93703774657587
94.49582868131344 9.66451875433724 0.0938032634504391 -0.055380007053733096 0.05 11.019835450873845 205.8675356764895 -128.9134227733831 116.1810612007117
308.1036140590962 -9.619577523116696 0.0770295868143216 0.07363794334739564 0.05 18.24352936497141 -9.39903987661421 -474.2571078258119 -143.1221774527339
130.38396480242946 27.925017571815516 0.03646751938566184 -0.02799074852350949 0.05 21.96444935927749 -208.513123573384 -361.818643489475 -2.4669388437538373
257.68621534729544 48.35115753730876 0.035700051132635524 -0.0013202712004490107 0.05 3.2992296962134837 231.70732750842728 -525.6120310409148 -376.97935755936857
263.2653334672551 -53.19803631507517 0.053930655761727175 0.05457409579154081 0.05 1.5118311621111795 5.965507947026083 -96.52521844889424 -98.25194956743411
79.75771389843257 22.059703023875578 0.05311817663950791 -0.05389303046147066 0.05 7.770341850084227 479.61386064218175 -291.75023735723516 258.27273121141724
96.98948454386696 -58.46802857138397 0.10924385157298921 0.08068438340371861 0.05 12.814581740009858 292.3892303985362 -451.49711601635425 102.26254808545384
254.69086902466796 29.97132953255724 0.04417613050556657 -0.049100039464217586 0.05 4.209234211268978 812.8725243936195 -129.01721698651306 249.6524586792229
334.8830062803046 -6.87539986177348 0.09446202382821567 0.002309658935598041 0.05 6.226848778427442 591.2466201696107 -364.95455984145616 -155.85766074424646
59.57079710429915 65.83780240884654 0.03520105194439238 -0.00828965679938533 0.05 31.588027473686903 352.417659398822 -337.5388195261443 -328.4171508829123
203.16926316777253 13.851099143401234 0.10195139745034387 -0.019501499723185437 0.05 66.46940867645552 441.3330781031655 -258.89459592359924 47.77317202541382
46.4225898094266 3.901613446353753 0.05669385134356286 -0.01696337438627919 0.05 2.2495880736550133 72.00951000529743 -366.97917548378183 276.01587319720704
321.5984669264105 -10.204785225471518 0.06583796887757143 0.09035390104567166 0.05 5.382157627472128 410.8983280259112 -375.5814454433473 174.39110940091123
152.9970328859677 37.79399508567235 0.06903955069088741 0.04506392633397139 0.05 25.623567035491973 113.51396327379469 -620.4663858241572 39.97010128000032
137.80220479598523 -27.16182889401644 0.05556087474037463 -0.05080489442885354 0.05 15.890672060576097 227.20670904134496 -540.4709791221792 69.8536883615586
119.69938208097294 80.35643542316743 0.06553923872164003 0.052297400621980655 0.05 16.72950658289991 631.3839118905275 -50.65802475881176 -42.17804726788887
308.78679225947525 28.76822610301106 0.07174302145575817 0.020956616305017307 0.05 32.95290028339128 110.39139216778491 -386.34612337793817 160.57248644336
73.37189950536555 -59.023568644674214 0.07086780893081523 0.018009983732048217 0.05 6.463159022632289 78.8978374293259 -209.96117272489334 -34.99426877924871
291.09022229688674 -61.72598759763102 0.072061153576636 -0.09265237860458393 0.05 11.598814139967413 637.692296716489 -71.91257255548314 253.95924617772175
185.4154709693947 2.720778859034717 0.058560597004730486 0.02804599095902091 0.05 16.850538626263265 -72.40960713871925 -123.92765303759558 -119.53060556203448
40.89771934688892 -32.66285091847282 0.10614698299072045 -0.07840909484203658 0.05 11.865692679515538 342.8230531883375 -164.3244328427632 319.59534112252885
56.785606254062984 -15.99635785230973 0.05497424523743821 -0.006588899872811953 0.05 3.2933155537015306 124.83428862714148 -395.37975933908933 287.9818946729805
334.63337680318625 -40.350111002907056 0.05304130664158113 0.05173121006223781 0.05 9.696925753384978 -41.807060175502386 4.0191466551834765 147.083327393682
74.97257636810338 -21.483145090749307 0.10259850858527342 0.01880464327474457 0.05 7.646319947762103 257.8363489643304 -222.00960078031136 394.03298141422306
169.78304895802987 -25.651637333083322 0.05242100211498801 0.03177858801079373 0.05 8.031975846461872 293.6828550855756 -238.59203916303517 7.0906827832012596
39.86030051725564 22.932560325673812 0.03669292192303519 0.012877883672535456 0.05 8.93889418819451 188.5798476632286 -499.036332295498 -142.36188695701938
4.340643814213626 18.40767284685614 0.011881438864044913 -0.019040564607097535 0.05 10.867266899345104 34.88688901985694 -368.984610876756 305.52184704823924
159.80822782887984 -19.926411070145367 0.03946279934240682 0.004192512941749485 0.05 40.017048113760865 185.67198476404315 -118.67592990741781 148.163103142435
247.41786238536557 -53.54361642646887 0.0315221611924299 -0.05624746319587342 0.05 8.440461303738907 -114.73007045768975 -100.52008332789777 424.8310657488718
279.04285011588 42.78779409253737 0.03170262439640559 -0.10200833419288298 0.05 4.136253328981549 0.42578169301029334 -104.56076452085676 -83.7032370082708
334.4402842649958 -57.463134257722565 0.09308059801264679 0.044349723696103356 0.05 10.174059766840873 456.11816202735014 -287.7967877473449 70.95761507739816
10.240709949896727 28.71393234404201 0.04866872152589452 -0.024272346204604917 0.05 8.162996702446078 5.31650248408809 -473.57085762457234 24.616261608588356
197.5061177523395 3.2589546835850953 0.07743282330198853 -0.042898169757798185 0.05 3.343271054799181 41.99281441377977 -327.7301405815398 102.87350509992714
206.82968230467839 -37.90956698509756 0.08733387667202686 -0.04118349549899004 0.05 3.247012062019693 307.9051791944908 -562.7317124261067 173.8249613924146
33.15303816104225 -26.315509780088167 0.08482474600755419 -0.030623314252409616 0.05 6.5331222593784615 148.6177107625384 -572.6487484402846 -121.95432374769064
252.22633791837606 1.3282032178082928 0.08297271210525281 -0.03277112997169967 0.05 19.363710408243744 44.36503257456181 -210.64121278080557 -224.0241177870558
252.26610646732493 -12.507165609624304 0.05983859559246052 -0.005954445019629245 0.05 5.118122463004609 374.8636722861411 -669.7495517795935 237.58449496093087
358.05177069094924 -2.2752726107983454 0.06541076215333397 0.08141147972114436 0.05 17.01512033202934 279.39785306561294 -242.82032900608533 340.0084238763641
101.93576482113416 6.755238679492458 0.07403306366895945 -0.0346127894280722 0.05 37.03864635565427 126.7513237263795 -218.69540287342335 263.15071399322744
85.75007919283806 17.510630373455086 0.05629130244321723 0.02474297144492019 0.05 8.646039295370828 -24.018067034660618 -296.92107850817064 -306.9738505170608
340.4694264097103 -11.825398434207818 0.10875323572712814 0.09106242534007207 0.05 7.269357704106343 -7.720695932156474 -308.3093717045491 -116.55735072244767
260.50244227420797 3.670121434527053 0.07197222780772283 0.09493773872548303 0.05 21.220665507563368 209.24377991157672 -290.54554691116033 -391.0799130010579
171.3118042312552 -32.51750705403776 0.10645478049897417 -0.02040733958122387 0.05 5.662447768771354 144.5405487643014 -107.8439024065392 114.60384463692212
263.0058593819535 35.30880116865079 0.05123644133478478 -0.0725256402084333 0.05 42.26030334637082 90.63100408948897 -651.9373093986837 -394.1148137450137
20.450682317366468 74.82792267851663 0.0514478107444829 -0.03592972606630303 0.05 18.867634386623173 64.07791398627398 -288.34575077850945 -75.77559666808835
258.35451697949156 -71.45101010586842 0.0838832864232435 -0.017268842346980208 0.05 11.754394972625176 295.3312506157672 -540.9311655209264 16.193958151569554
77.55309645009478 -24.697097354855714 0.09624738968695756 -0.0047037320172287405 0.05 1.2282580870657867 -3.9212665401361733 -266.14312121005355 -138.2387513411268
318.28898967269424 58.94108820215497 0.09871547015533699 -0.02070792133550535 0.05 9.329447961641378 209.77535227193925 -202.9887278974185 127.30167442694123
281.84633313203 59.4208068318354 0.034697958418044905 0.05590933101654143 0.05 27.696927764512832 -48.77792971228487 -269.89868314129467 144.97201596235425
307.54845435240526 8.592353966858347 0.052722105853998835 0.06840055427472466 0.05 21.817363147815154 348.74603748015426 -549.9721843377642 206.512636443683
275.14399121570295 -3.7571459003839642 0.07410758326301403 0.03135836251088908 0.05 11.482385833074504 -174.89263355348942 -538.1380312155048 313.26617600572825
255.25152362189107 70.91646592822782 0.07783916246319578 -0.023386546625097687 0.05 20.21517649363589 93.95287159313952 -291.80526009182086 -20.951788617964894
224.82555104527665 -4.485356883898649 0.08456014671377599 -0.06807518414491434 0.05 41.89249429836163 439.69515859680064 45.93704778664119 135.6400288188911
283.54385944747975 -1.3200667786452325 0.09199510312805015 0.019873956111910323 0.05 1.2767437817274148 92.96450140906343 -432.92900002537044 287.6198472864402
359.1550494185364 30.488056093708668 0.07060339131706783 -0.017391772973724212 0.05 14.780533364553468 316.73534336452326 111.84476951335142 24.061697047181834
274.99366413471625 38.80274540451274 0.0732900439760511 -0.018134601711688698 0.05 6.021615949179946 164.4620346073633 -407.89761174016877 16.519581164900877
271.3240702199707 9.737635414634305 0.10857081256490875 -0.03352896003251369 0.05 3.881434439814765 294.33097942750555 -603.6949374846304 201.46598788689002
208.06925417481358 11.572985760815486 0.06288043373958452 -0.02121345236610683 0.05 5.759333696639065 300.8723686582003 -210.2205062293342 28.996536383085587
315.5078346402408 32.23136406813568 0.04272981434978096 0.01501700438807629 0.05 80.59787660866601 128.0891458162435 -345.6366274585885 82.6862197782287
337.2952598881461 42.21186557827852 0.07434354321457981 -0.07213806712441403 0.05 3.331067366349612 -263.10150715162604 -281.648823591567 -2.539442866738682
322.740626662759 -20.731844411525504 0.04427718633544808 0.003017884005497225 0.05 79.58863538404637 -36.80641053394166 -352.4178033512646 -54.96639802690133
87.98430805207066 -54.57104852434506 0.010637773521989358 -0.0028228641701828535 0.05 44.58512689218989 -37.84724541459613 -231.51616627939933 -99.84942001062637
121.99543385548473 12.024699770702348 0.10803811739579738 -0.03511698031325812 0.05 28.75805314797736 -49.694533722036795 -794.9756009544957 26.26785381265679
260.2248113555726 39.20285876827763 0.019003188491057088 0.0134467484154806 0.05 9.001237443380537 183.2753396361083 -272.57491617837985 4.438195688358036
336.4908455911867 21.50424203430703 0.07182026197674074 -0.03107916623288621 0.05 21.47089292057618 382.9305661205741 -525.6982326855081 -168.7018632404238
36.65527044292677 46.30856526916494 0.04048468791226756 -0.026780118609099277 0.05 2.0428649325308137 313.8836370871618 -168.25288282956757 155.58193332210487
347.6609941669702 -8.712019005389074 0.058073828703420594 -0.003187587849696541 0.05 28.081977652925744 291.83623043719945 -621.5638866807537 49.504198901496295
22.98096117734625 35.055494834132006 0.05378091389836781 -0.02037774524819315 0.05 19.052952578848544 64.32069170739587 -62.834767491413515 194.38452902573806
285.57376574380123 -39.21772485029766 0.03591558434623998 0.007444330700315519 0.05 27.58561678341886 282.2845733307679 -266.12098429379955 72.86979816457921
358.5157016216166 -20.90468933565451 0.0680564570342792 0.05923877482690807 0.05 27.203425220604647 258.21179982145367 -550.5534424124876 -78.92770849449627
225.32825464200045 2.900371823593994 0.02171188566197646 0.018721702980080978 0.05 36.386940409154626 693.7566869566108 -320.963636477417 160.8861581469447
88.01634495793182 -23.16043371473321 0.04393682829790557 0.05700334377936056 0.05 41.861830920156265 110.95445562906863 -440.1857309256281 -43.083554948305846
87.89373941430145 76.36472485602023 0.11216870172384819 -0.032475643758424336 0.05 1.7338018479003345 150.03329881844934 -425.9774707305963 270.841597006268
83.47658900563842 -20.080110368090047 0.070490075110065 -0.00826765974413618 0.05 8.072067014199602 554.7242571712883 -441.46250019081333 -95.38394884735243
254.0990309131178 1.5732564197791556 0.08927075720572764 0.007619661699563135 0.05 55.068227136259885 384.7058787342436 -351.62066895706613 372.29184265866866
256.7354418936224 -5.657981979854608 0.05023053863492288 0.1424487754517535 0.05 10.985573581161082 437.4404407044483 -183.75139614213504 8.141527147015346
297.1429149852409 -83.4659319539443 0.04215313565583023 -0.030499963525328477 0.05 22.318282068483963 -177.67356448645978 -438.2708451765511 51.72359111241883
243.37600457830777 -13.550415801828644 0.10913811707165344 -0.07356591156523863 0.05 17.676114613582243 201.16527016963815 -220.35198912996083 83.65384378268516
62.23744509531393 53.472052499490765 0.02290126251575586 0.01923485766186757 0.05 23.827650195696158 444.8471445373998 -430.5653559802537 -5.465628690192858
57.51729143891108 -26.366806447726674 0.1144200687154795 0.009625789435853157 0.05 80.47030366778812 12.893472523933895 -28.59327511914296 221.9873462584304
51.71751917341062 73.12386801484686 0.08667748483634496 -0.022656254966177247 0.05 8.48414946433956 376.64820682078357 -220.73146550720978 -68.75868516974192
305.70271068642506 -21.51980705909011 0.049393479042081356 0.019758750204802455 0.05 29.94218143117809 -67.40958995405782 -422.4545058152394 237.60414153493483
185.22154513712226 -17.94075496068559 0.09493027483502448 0.023378720672705227 0.05 2.0440600522897565 102.79405321504865 -293.9130625124964 235.63632032684384
237.81633968787236 -32.462969665535205 0.08812557188056203 0.05580229269374296 0.05 13.720625841998553 441.01720409890277 -316.7725216484983 208.8549834286726
303.11854361945177 17.136572777287903 0.08694998405515553 0.03466001281307175 0.05 41.21825054992087 702.108392773782 -217.55091485017175 68.60816628481085
100.87510435298216 -10.886671834394214 0.0439763965907598 -0.040245781422953236 0.05 16.8626651788412 178.9745710360744 -169.9192676325709 197.1312917640727
228.1615627504898 72.96154010264283 0.07423658775277331 0.05718965429259136 0.05 21.05882255745265 -122.88171198199859 -264.66551336636013 78.45722292866678
34.16176182732752 -22.328625446034323 0.08130133990333888 -0.08278463323888144 0.05 33.21614255969068 -131.12196286299542 -318.2294550781206 256.2615116903185
267.0180720582901 28.54038843009927 0.03847077776076113 0.03986642940693037 0.05 27.91102399518238 -26.038368766741513 -353.8714222086839 -209.07341010678897
155.9592650617548 -54.444323164715065 0.04639229193466066 -0.06310821310835417 0.05 13.48941921462763 119.44147805323473 -682.3782019415407 146.49873855223055
104.35767349762978 -30.46903040590284 0.07051480477234273 -0.007094615200244429 0.05 10.967778640354126 255.31373212826676 -391.31949072631323 24.88967137912305
8.263881687227622 12.36092092253041 0.0945680282023953 0.032942547108098456 0.05 9.890857793779146 347.08338764159816 -397.42139364610387 511.740425063347
212.32838026191197 21.028510184395103 0.0920702252851946 -0.07656263534179449 0.05 12.01702318356964 222.35078800149665 -346.63108514454086 -46.46296188404794
8.45038660723921 31.590555659359456 0.08195159720972844 -0.1599775310564625 0.05 7.999087797956433 90.97451880919934 -722.9350917501654 3.1650094579188846
233.25563483324376 -62.203286464831656 0.06994741373064417 0.0175602802905903 0.05 19.520100902806433 253.9486145950064 -390.5190161251335 -18.18438008308118
54.7160795097706 12.088688949420742 0.06978043781907273 0.011383007763122413 0.05 13.972480999210376 256.1646097053739 -61.10573852887259 78.6721107649418
292.32271012033596 71.8535388937366 0.031995640709215456 0.03347065230809791 0.05 87.02271329805166 294.73975381380995 -14.249985788120227 318.1872490920947
21.33630602804313 24.3320922349338 0.08059767511554261 -0.049186219474870466 0.05 12.287476396866749 413.66504803616687 -495.22013071270544 245.85597488147064
202.6163052172416 -43.458463081366816 0.015894019255110914 -0.07487587075541266 0.05 20.01160059947099 234.47678139656114 -362.257773324533 86.55761227306388
303.6161098606158 15.625563606847331 0.07799733753015947 -0.05895884756946322 0.05 10.399395884026504 507.0454407656744 -285.5476753210512 204.62814379674418
42.12670694058794 -7.98489257639275 0.0995692219957478 0.016322901737558678 0.05 11.153202412367738 429.9974900202725 -405.9255769305189 -158.45570179255284
165.9814122192459 -42.961793038912866 0.06954016687203302 -0.05161058588295351 0.05 1.9798273503330723 294.65035147330667 40.75204419613675 55.79532466050412
349.5871937544463 45.836085718720454 0.10427380083443127 -0.026702788064238765 0.05 22.991637781203362 28.743176451235172 -322.0051478158889 406.63311931308687
203.9948212924492 -40.504517994837215 0.060417082913447384 -0.017426394962928974 0.05 35.50566965022427 118.80511436514574 -335.2627210834654 137.16515186174217
134.73638724518662 -5.322059419819814 0.04500077750786735 -0.05020457273477113 0.05 18.250734056672254 488.3397207534155 -345.70785769721067 -156.29978426514873
156.79207575961055 -51.74028853688756 0.09247734432620236 0.0012968124051411485 0.05 1.923857103227239 628.9751045683785 -222.18436128799766 -55.866618922731774
91.3635743286076 46.612382752116 0.047926168346164255 0.02050814593614528 0.05 8.516768448056723 555.0636104791535 140.72208921243748 16.461952598939675
254.24740833702097 -57.85802225180755 0.0463981381849663 0.08972237723914708 0.05 7.273499688281296 329.54974143435027 19.344092855891233 147.262363898653
212.76613019180363 10.064760803315616 0.08423057595591432 0.0033782929715391163 0.05 13.972480999210376 382.216251589182 -31.337766226069505 302.4281012685985
291.17966418922873 48.318276073279236 0.09783083720613428 0.021376284809583604 0.05 38.88242623835433 123.59354634125276 -75.2543273155784 329.81047781751346
283.0195832054771 48.48110226897924 0.0897628698220494 0.013285381605279048 0.05 12.257345292036817 362.7608417578741 -570.1250007724104 203.12117253842086
222.6278447644721 -38.06415138295744 0.11127791640839413 0.10778580626338206 0.05 6.64163999045511 247.34065028737587 -469.5389642696981 -127.15574393164783
266.6389850319441 14.907310175006106 0.04251554771544619 0.07953839299877252 0.05 26.126255138455434 241.35031755935196 -281.6722006153907 211.67527472024003
123.45497093160938 31.998872226810125 0.08440529264056296 0.03776623433653794 0.05 35.37008305625914 310.8248226793462 -394.5023393537941 58.6177933037222
135.24132363785603 38.15598702690437 0.07060213773577173 0.11750678965236294 0.05 20.95293734180894 339.24772377819386 -230.96501610676717 114.39612419074244
207.1589708633444 10.844150333984743 0.04814668388531507 0.07785160225578328 0.05 9.290874311146563 101.82524606061061 -94.89957448637236 208.69929688792044
44.05297586172793 -45.2422944019005 0.09766376826277101 0.0499046380019568 0.05 14.478616812242205 127.26148274910871 -423.81650329709396 16.46136665787612
88.7617592035603 17.132136653809628 0.08712715565278795 0.046975131931832295 0.05 22.85889862805014 270.2875278420536 44.70232894574826 186.93383226567167
140.54204284319246 20.130714366859735 0.07592002733089553 -0.01735320376722226 0.05 20.644969431936893 143.35315085614306 -400.24530819631616 166.03738916629493
282.35587868907305 25.52524623710829 0.09598275438170734 0.014593056933329948 0.05 8.601073965481017 -165.70667455798247 -441.82550346365804 -12.690051896754774
72.6269824680181 -28.32486102178498 0.06999428903626392 0.05241875077271947 0.05 4.055364928219592 254.12844528867532 -77.32711153358375 88.48784344862842
95.12328323384196 29.64664881872424 0.09110936849772533 0.04085985591822558 0.05 4.739126594227405 212.5692153679419 -381.99317981567754 218.35576386204139
196.94838789499545 -7.167929260425338 0.045431691740467794 0.042956326638056694 0.05 24.4195907852257 225.01437769940623 -162.0611559536473 240.30663847054424
64.47104969977258 7.463376903529151 0.05681260095959595 -0.02731917191215079 0.05 15.212338063859793 288.9617339078911 -281.6613331801644 -51.26458880501623
179.1581418443568 -75.03782606503074 0.04380447485606065 0.012448168096621613 0.05 19.596772238393637 385.84865224604755 -53.399978966216366 -213.19694777318642
193.5494272286602 7.230958657078495 0.05552016447656749 0.054791263781499414 0.05 19.655536772350025 590.3920068179751 137.24318588285087 9.176589338908911
338.8929025097046 37.52758588274829 0.10889937889573731 0.027759063766055584 0.05 20.376748397863764 39.45211027043001 -274.07322272406674 -24.60362426292248
331.7310541039847 -28.717759582522618 0.04103122806186432 0.055609075395283286 0.05 8.579196237843636 80.56558275798795 -235.26100488971866 -506.01443744074186
294.22281758561945 29.0940103734063 0.045399668097964474 0.06566866151204542 0.05 4.614881309225621 205.48455322734918 99.42134410047328 146.944659132959
291.87190165846795 55.87956544151352 0.07584118122182937 0.1576914333005286 0.05 21.221363816888942 586.9725122431419 -391.19038644046384 -174.00887607640266
179.26976736205492 -56.97583277270256 0.08764179681224493 0.027900754967317417 0.05 4.934236674103253 -105.23314133712671 -376.7546688164799 -139.37431432842712
209.0801171085333 -20.446238731383776 0.05336006507524549 -0.034410918895119824 0.05 18.374464820778577 -19.179653950305777 -184.39653539326545 233.85497622820643
109.45651790852284 -38.50654479412299 0.10523111367172744 -0.044659076163769844 0.05 7.534061881152676 125.47598080938334 -301.00643073670807 105.76707824117189
54.25172572158395 -1.381238546366488 0.07721472118617045 -0.09500461971403863 0.05 36.92193352565252 245.39160604918715 -266.6597367158386 -176.4851670858906
42.29317211342622 30.800929513001805 0.06715820605629075 -0.018794933367323245 0.05 4.46152617019908 185.57186872085126 -391.16467475734186 -23.163179357223356
347.1751814269269 -10.465823437465067 0.09573519429189203 0.0031160497040366806 0.05 5.5044498359087966 277.64983831163266 -326.824309355006 19.675104306658177
4.311181429845181 -52.3683365723553 0.0368458586499103 -0.008137493943483391 0.05 9.953538467702899 368.12033737844047 -244.63851875792454 -9.665775464077534
1.7438356364878342 26.46978095303557 0.05735094339005298 0.01787023013410399 0.05 9.824880150716325 422.8696338009198 -281.1415004800459 -213.13303519765822
273.3309759228227 -35.20394885848279 0.08330429834724118 -0.03369773607065892 0.05 14.094971051865931 396.4627487139121 -169.03405091646442 62.760656916529214
170.10944067920553 -31.130404370384714 0.08468011620765648 0.04885157378443968 0.05 4.299882376087323 545.4909028126373 38.13379389423454 -81.78292024364742
269.0052753930198 -55.8097577732798 0.07110290319812496 0.03703498854381328 0.05 0.7888398398005224 141.8431640985681 -295.4622119840821 -389.22656091682137
287.2457787067723 46.49773603930916 0.09298196149439208 -0.07350232398930352 0.05 7.338841559030061 399.1571576742698 -468.8439816439536 83.38897276458064
199.23104438627308 -19.527955364946187 0.040866262541100484 0.004391707845710533 0.05 4.473794363395942 217.316159723268 -364.5009932541003 -11.34894015727734
249.99364636898002 -8.047351259193876 0.04810654545707016 -0.01001197362244373 0.05 20.85073502872715 524.2189759936164 -456.07466175651206 -110.3407211503847
150.63933545860067 -53.45070936047999 0.09189563805002021 0.04259484595807799 0.05 34.72939592867903 296.6880553846574 -418.68707679026784 24.8099055783285
138.81430058363068 -7.431493566685206 0.11127332022577119 0.0174651761182057 0.05 20.192262642179166 432.4222231691299 -558.1770671613458 261.41948235560704
172.7317572457367 -50.31764483300331 0.0802917527813507 0.08256650573263662 0.05 17.265772278114085 259.6206123330417 -792.3603101199608 34.957343282477765
241.02962750879823 2.0930873283602907 0.0881718681428989 0.05053109376244211 0.05 22.538472222627227 -5.120516898608912 -564.8153908571092 59.90042583596521
255.89346248099608 -26.7432239689751 0.08498004311222052 0.0048622569798474164 0.05 9.350000922499142 425.90051005632677 -300.69506483146625 67.46486546781682
308.82861911498594 58.714039075714645 0.02991359186148368 -0.04379976775353487 0.05 1.2172624786538602 13.838961021452803 -531.7667776137719 -233.81945161831237
307.17888552034344 -47.81099432103721 0.11576013866228174 -0.07785996648362464 0.05 28.316195404235234 422.5070007511974 -188.87848103751128 -14.553056139848792
210.4126662808114 -30.398874628138163 0.06043188184778958 0.05716812476020491 0.05 32.15200533677558 -97.04403068053864 -550.2756556755245 564.9415013975885
51.80852099166347 19.685342085985376 0.06526473627250806 0.058700544839561684 0.05 18.961917745200495 383.44947705681506 24.798135816420427 48.73126333900868
359.44976542654933 65.83459973865669 0.06875624165901484 -0.024903683562528308 0.05 26.212434394966966 219.6026764468661 -497.7858241445796 317.2824933703982
6.611469039482386 -7.367295442432568 0.08392568153003377 0.0357971598236734 0.05 3.716066847116189 162.41567844433078 -474.2672498553828 148.83080427048412
288.2441596676114 -79.76657788908322 0.05801068711101909 0.027295529230016713 0.05 5.2649392392754395 277.06946238033197 -355.7690418131209 -447.6178149680936
174.74299624249343 -9.94803008878101 0.08555411804220836 0.11449032711955341 0.05 12.325414655276564 307.2548137936146 -326.92906476399065 -45.61434146411342
147.62634412771703 -40.50535026645506 0.039718671039584263 0.024847044386338397 0.05 37.74481931339883 564.3650203153675 -102.51962458346955 -58.91278768298997
349.89139348895804 -59.35717066490544 0.08965936483654979 -0.02952074957216243 0.05 1.149770650581223 285.06440596065806 -544.3965851186167 15.391864699942758
80.117853100684 -21.27792616851475 0.0654605012502194 -0.013183580467860636 0.05 40.899624731226055 61.92807342619645 -453.54983751810926 167.2320707975848
47.29737717367517 -36.98561347314398 0.07960057956176803 -0.019682530229552256 0.05 7.883799381667908 402.5588533977417 -72.75429659459465 -179.38144090497187
92.90695357260041 -48.61750216329949 0.10248154897646367 -0.043510985564419284 0.05 14.89190644245773 -152.29093609909813 -427.3310120487569 108.87468901888806
172.10878316549403 -83.21409479407946 0.08056362657516103 -0.03750849278296669 0.05 40.69016266357947 41.24013076873399 -561.4385672510141 99.20129261239393
205.7659833199455 -24.998778006599604 0.01997877324967723 0.03166474878026784 0.05 36.6719538090741 -83.66976371801923 -421.0712795479045 205.45278930050972
350.5157490483902 -53.43057238369657 0.08287537983652227 0.008349194527148053 0.05 32.625164263683644 487.0636946788131 -74.5567980132393 339.3593151319084
28.847070478331258 -4.613558140948407 0.10080097523130194 -0.035281778437630903 0.05 33.13557636921101 315.8358201255465 -324.2299235758002 -107.37942563273023
243.859253497157 -38.385170833783334 0.06899553347085807 0.02338742884621045 0.05 4.316046581473229 221.44346352968964 -320.87330925006097 40.2203748674648
247.09710286191253 -62.029233339217086 0.09978767910875463 0.113366449270962 0.05 9.136258568384305 232.446277681085 -151.63951125513054 127.02327889289141
294.6089500754553 -12.155017784015694 0.08834466981766753 0.008257953408414197 0.05 42.098750682438975 140.91119274824882 -169.30428440648214 257.5553226486346
50.61907246039651 -7.2397691660862264 0.07968445650360656 0.025341216881601215 0.05 22.183141013951904 35.42630013280433 -238.7200466903269 272.3684271405293
99.73092003257456 -17.144478393942578 0.07364028005758039 0.011234886970187381 0.05 11.431263352195963 -197.10049982787837 -320.87505213199756 123.08930717568025
34.27892072486414 -39.94315680057179 0.075644755118351 0.008964255506166639 0.05 20.90317919915785 566.7656837963902 -76.87663597514688 24.05627673683241
140.8845781237813 36.6319738965315 0.06473984512792952 -0.07227005912949971 0.05 10.618356595348471 162.33520450868633 -467.04737303871343 -14.408423232879159
174.16248447773535 78.73506867002567 0.029908732259207982 0.03353360209243661 0.05 25.0852261917285 91.18341134475077 -559.1996342453954 147.28578970640814
149.33760123358124 66.93735813523799 0.06698593496991445 -0.05893014064465327 0.05 11.856385227650579 154.4112415336101 -132.5922555259935 -188.0340788039026
163.86954586419708 -10.999346536547947 0.07514355282143459 -0.028040863738151584 0.05 15.274633580007093 291.2763154807304 -307.53833911570683 148.5313257492206
75.46904414010757 62.991958114964895 0.07757719791325668 -0.0350290681375756 0.05 8.42492487621776 394.51679859345035 -391.7724687393825 124.38960063612382
52.528904083145115 1.558291995001955 0.052613646647779566 -0.03404498673359359 0.05 1.2514897920295405 -144.9545786055005 -465.4854788226931 86.20911940822724
61.73607476618373 -49.15296941166435 0.09581473916051353 -0.01615866639526819 0.05 22.364414316011537 300.4346171211896 -613.5874378796141 -213.9812499659693
334.54795788716365 1.2305573245322874 0.09594697928929019 -0.06206107278676576 0.05 39.24294943203139 279.0751277096891 -510.7863970056646 -166.21959845015968
151.6278869108417 9.732408425302001 0.09103960835317904 -0.03538331530706132 0.05 40.69016266357947 -11.547524348505618 -209.59779850108657 -342.9777561702321
207.57190686718513 -22.931015577744706 0.10297093920706901 0.10152107665844981 0.05 0.6866685234769677 190.10922582500376 -18.263439648745987 -194.38996293181484
170.0284978780238 52.83366979163061 0.08739259109233388 0.01924497449533065 0.05 1.390136225567358 261.15302476204005 -238.262310067126 306.7758186407507
292.26199777773223 -56.185619150596764 0.05962905288052034 -0.02030217891831806 0.05 40.208337585489794 248.12349918201002 -377.71857689353305 -26.805846809497595
178.59616257313394 -1.5779520306122878 0.08139617154147882 -0.05583474574958152 0.05 56.818266454145395 285.10674607809733 -463.4806366440495 -204.21731976264505
172.74891460762788 81.17987293299748 0.10065879385583654 -0.045109923555232 0.05 23.419976380360144 45.20035441554887 -423.8343209674524 418.9995918960304
253.37268984611438 15.612543930749208 0.08930402071682586 -0.0009666457740342433 0.05 0.7113101382851431 754.4572386528765 -367.79049182624436 -59.14621598268124
231.55874023101293 42.38497396793809 0.11148764450739712 -0.0063719708635083545 0.05 38.78624466340648 241.18202422583792 -208.03905836342798 368.2847873513076
171.98218779782 -20.188601571923993 0.08147101434655846 -0.00599900209447434 0.05 10.213283617693108 256.0233860503022 -321.3621150905227 79.52347977072534
327.0340485598665 1.9318696974156944 0.051519271227963515 -0.046586969278014034 0.05 26.503746638773144 -179.832458116317 -101.40786852450557 -116.28506299477837
189.47496767123388 -9.55491388894954 0.08292752060967623 0.03998827957999601 0.05 3.347178322546472 565.9105767309327 -431.7877658534115 90.32057701136311
280.9330353983996 51.09861047788347 0.09059199502849924 -0.014340787459661577 0.05 25.361999668372288 252.28767792289315 -206.66239323179627 -161.6923098567986
236.349179925389 0.4956385192918071 0.056300934386954715 0.07661708466258849 0.05 4.013518752251709 120.8577886685247 -310.4751707170201 77.49636736291612
73.92157547098388 -9.721578326589855 0.04407743341879833 -0.013269164538235447 0.05 13.249147249514232 -163.89744397490267 -430.13007194844414 127.19042044020907
185.8055019678341 13.367996456581599 0.1023699214269076 -0.02088397600019945 0.05 30.554404980145936 365.2414439458142 -259.46947863116065 300.80011159308856
265.23692744364007 0.3204913789293682 0.0664230795717331 -0.009445924094192721 0.05 27.30786289933972 205.43127831433486 -371.2395650748125 154.45935548152457
293.38174081943436 -25.53868495513575 0.04347440265034397 0.03608977493610463 0.05 22.814789190865397 -114.73324699199696 -150.9600337743236 622.7345320273148
334.7258465011099 -46.70340421263241 0.042203172932876454 0.02171606314071766 0.05 15.079752348412402 225.51099034093966 216.89757136032176 -355.23218742104285
177.73709295556677 18.45519154294778 0.05854310647203853 0.03557742875575106 0.05 16.538027478946667 288.8526076284482 -111.84390024585502 252.14215840799187
66.38038130857436 58.22005237428781 0.03833011530218444 -0.05222056884666698 0.05 12.649373782204746 123.010883720672 -456.0477833586553 -120.55518350246135
353.2006420593296 8.082812477831496 0.01930816749630737 -0.014617377075804362 0.05 6.7313275191941475 -200.2253631561743 -139.357035915628 100.52096940666505
210.72219650890435 -30.202818643550593 0.03197447527110708 -0.10356672600213851 0.05 34.9210053945585 54.16928022246756 -272.7468177450006 75.55144260549498
20.701146924742204 -46.61633453979454 0.05744629690292902 0.03621320997362525 0.05 34.75412207809415 418.9076561451658 -484.7043667662339 127.38168465276433
232.86532671485435 17.327034869853634 0.06180317094658583 -0.044568517630197375 0.05 40.843684913445074 58.86833695228765 34.3222976319679 -13.55962064821614
311.52417490398943 -35.839840038166095 0.039861222921316664 0.041277641298541896 0.05 3.5087878614044046 144.0610484892569 -480.52047586641754 -75.69479347552337
22.693356016441328 6.720957946991201 0.06050257876442999 -0.01021654169332942 0.05 56.654968918094006 -137.63579949715256 -227.85693256804268 25.309017723810648
16.184935822823974 -0.1665082440067287 0.11556695226086977 0.060144022292907634 0.05 62.822433540919405 497.6421493047554 -259.11784766139283 427.55939795423166
67.39317638320014 -40.951640500247024 0.04445815853331658 0.07313145169670514 0.05 27.898148129494736 81.21086627914495 -276.08615926090783 22.41199693841105
17.2751465201001 24.067414279938983 0.07898120378793427 -0.06709531693319626 0.05 3.9834686602119915 -260.9955855087253 -168.7150452875259 -139.70441275417485
2.7438213112454117 -68.78288697403887 0.03415913064682585 0.014330935809328496 0.05 1.3658692619540438 -188.13519381112144 -543.688571521743 254.86475876628361
22.97699374382903 8.280069550175432 0.09883550798272167 -0.02795742899672429 0.05 41.471231589006166 211.9897518475634 -353.23164080585616 -89.70647009483491
13.19360918190031 -24.111302600548235 0.09865571714374433 0.07152940573685844 0.05 24.13827170482727 -32.5012929110689 -439.91811554797766 187.7203626045431
23.720361001027523 37.6936845174567 0.06321526348925088 -0.061352153090646094 0.05 98.74984983948373 135.87314487075696 -508.9989600061937 243.40502537915052
168.96419658560768 -20.130607514747894 0.09245096324619473 0.039195726656887725 0.05 42.99438596116313 384.9993742767902 -74.83692238980731 -219.54684824208408
110.95201091511318 0.30374556573910727 0.07536023375781054 -0.00020899363362390701 0.05 14.060544220002708 47.2560901333041 -207.54753173302646 309.16823741581015
80.96649684864401 -70.86042835609095 0.027655693864151232 -0.03801776578504309 0.05 12.381042558137924 57.50069786312898 -128.72085526578917 376.5322471711197
35.71094518400761 -18.581367875605235 0.0903677144454762 0.03367183787640027 0.05 19.938394697206885 -75.37031296194903 -254.93881539869597 -33.942519500765485
183.2423906813545 -47.84964783352652 0.05029510909847823 -0.039706577927466506 0.05 6.649388022698621 461.05199394078875 -507.0714289708278 -6.861549549378466
317.6423917327402 -50.14123427286078 0.027309725394034867 0.04911974284248401 0.05 2.2675582973161004 500.8814187494672 -570.1297986935265 115.21397269804581
50.03880843829773 9.003010415997247 0.07189781668765804 -0.04776990587563248 0.05 40.24462168295947 254.44941634584836 -155.2505212521009 305.5754127581125
147.83333847686507 -31.11996810310799 0.08642597052357703 -0.030070537764994316 0.05 23.74777048970061 136.99378322755024 -414.39007565977874 225.09173813788726
242.23310414621676 62.17761065100502 0.03888951595785883 0.023470229599667852 0.05 3.116699475031153 382.3014127117066 -141.135286231957 -49.067018971514656
92.46074823895032 0.15639758951750476 0.09740951129341413 0.020220308998837682 0.05 6.924174785130502 227.17239063035737 139.7983895292798 -143.01904291159605
2.2229850514367486 41.64758410215429 0.08671272352114312 0.08984644300694611 0.05 14.499960857318047 188.79335374393253 262.54122180905256 -3.2008481192153937
80.16322191766163 12.195598155458137 0.07894329142931111 -0.040078426554977974 0.05 19.02480651708502 390.431546961752 -325.67559124726967 59.42092687710606
8.055820378763087 -3.5753913522990994 0.056690375325211706 -0.00955100073170638 0.05 15.373450376808158 177.94377343063223 -592.2055808787707 313.60447990576534
250.2543710012334 -45.63648870543717 0.09891186063936042 0.04931179965500117 0.05 27.255141755915563 217.5961383793732 -352.71593089825114 -77.404897451602
82.5849247881291 -29.002586356648127 0.08279097515462763 -0.025798555772020604 0.05 27.613189311601346 78.58616365105868 -429.9873768225589 260.9498822027567
358.78061899128573 36.90052706286996 0.06956744830350137 -0.03573163365174546 0.05 4.321489978068523 289.41937644665825 114.40495202587442 228.464803131351
71.5662552980935 -0.47833523062296784 0.08048501407545916 0.02117265808609729 0.05 3.0706399388621266 402.1773241385936 -226.25277649226905 -152.95336971928637
92.34373096558915 6.138043814980093 0.04757427735677422 -0.11327755241657282 0.05 67.72639851218314 159.16653862653146 -381.9337975352437 -264.7578676300677
299.7983747522231 -19.116669042844872 0.0618834687288381 -0.0324147061330588 0.05 9.242604033166547 326.9090895263805 -115.4535701220274 -149.60037174587848
318.558119976785 35.34435442959001 0.04119317794081012 0.05271519593025299 0.05 13.002784619366345 298.4403391716173 -855.3653352028839 -145.49069870757313
349.52272269150234 -31.75379707908531 0.056680049162519675 0.07443805567553774 0.05 20.037084650036466 370.2572763772909 -571.1785931509112 340.30947214318627
331.89319935055437 25.073259049068696 0.045883227156991335 -0.05113586070114748 0.05 15.188568099477756 302.98972130292793 222.3855052147601 476.2413509667013
290.445723661223 8.08820666589571 0.08807712026228698 -0.05492947216520609 0.05 1.625640806471374 224.9817301085852 -373.34328326964277 180.2170961901783
328.84561948206823 -9.547414365406702 0.08711945752224404 -0.0033432461556894685 0.05 35.04626778157201 308.9507007345675 -305.5177760317306 34.94102416232613
212.19179453244357 -25.260624594191395 0.04583464330590736 -0.0021135514084345227 0.05 29.51383030289745 246.1279400379497 -366.84813176182354 175.4866494894392
243.53507955565024 -38.3191055797001 0.05221192559322341 -0.07369986073709689 0.05 22.233363247438547 -24.004296295504133 -234.05036884131397 127.02857780743783
309.1118243698039 54.992545619133445 0.029837005014723417 -0.03502076837039484 0.05 4.84050691731363 320.98535520609835 -329.79796984521886 -352.15463706720664
356.84979126901464 -34.48618510207047 0.036693107245057366 -0.001590404268895498 0.05 54.64823595728254 -239.29656953378486 23.654830777930783 39.225944342981236
337.76600306591143 47.30292260633441 0.0937915046094886 -0.06147506013222162 0.05 18.529503881949793 469.66797458225966 -104.4786692102395 -201.52659017725313
79.32969379340105 37.465537684529885 0.060672447382273065 -0.015471460427775273 0.05 11.46063877225663 275.22824198896205 -382.06049838005555 -115.53179158518324
75.30556854175857 -85.81860419856197 0.050011947776572585 -0.013777278823684975 0.05 14.426879194966832 424.94411014420274 -557.4192834453929 187.8442932957734
313.2740580978539 -61.02022971826637 0.10027373552994501 -0.06481519925221621 0.05 135.31722487540299 149.7030076885875 -101.90964017083647 171.22089999147198
24.181401303236157 -39.70413258505977 0.08696345949014717 -0.009535920539189143 0.05 22.901041834183786 222.11643074599627 -330.90579928316976 383.0090519251415
186.53351689064877 9.337429821156062 0.06128954398318398 -0.019381715068933977 0.05 3.809976284076296 -91.67899670125286 -106.07330444287692 41.333985468985546
103.6842395149799 -19.759932477531358 0.07143288566323625 0.006428505607720406 0.05 20.12161413115965 274.55623422301375 -306.67370772720744 10.925109863745739
12.969837515087411 -64.37059654643923 0.05787100490232566 0.014786333398000305 0.05 23.344225400130604 72.12286296745776 -412.1614981984537 -458.55987811030457
9.193906014666833 -26.698428865371 0.07755260875679193 0.03734427313315238 0.05 9.883382504044828 -12.478841676811044 -655.2314015687941 13.827865236595912
3.394331957472243 -15.649014683546353 0.09409147005724106 -0.05033472366931948 0.05 23.023445505265258 369.2646074852412 -545.4928200607812 -33.68713805275894
311.2514788612735 -68.30120479528927 0.09682773711912063 -0.0016177686473489942 0.05 26.605788712933055 355.82857468892223 -194.56135628907995 47.441207635050674
186.97907694146792 7.139691861687541 0.09477869820626483 -0.013249707599618172 0.05 1.1739802338743712 -0.5829405804718988 -324.83431688152655 -63.00687354484195
341.89468884117747 58.193600466688586 0.06903494718474512 -0.041914252398568205 0.05 8.073133131675048 349.0512314646831 -518.7968935867923 -247.60915078546083
107.93683165143952 11.531520848400296 0.049938983698808226 -0.05208978899982479 0.05 15.596879474456722 -95.19347289034329 -11.10931618853391 345.4758207366324
144.86116396572473 54.67953191803278 0.0430305834265996 0.012761405987764117 0.05 33.17066517252631 12.799233458507388 -296.56375535327925 50.17850811826914
318.47719226900074 87.79966982093087 0.022545745440340603 -0.04732699703812919 0.05 20.478820502733743 405.1273715598619 -165.32105655433975 -148.57926464544047
280.8558417806696 24.15743986236215 0.1161591384814995 0.031845715290073996 0.05 8.706469365929543 154.96237615582925 -217.35826694783697 59.80515520588046
262.05850668387285 32.51456515334541 0.10074916992018346 -0.010763798962973584 0.05 8.046140733302497 -167.88521590951552 -267.0754690635537 -84.69702652963042
239.39973260884932 80.18865198341422 0.03680960373404307 -0.08523401027369369 0.05 62.66459897531694 -129.88156977245603 -375.8967218027011 -189.8199217004261
153.01281975312685 27.820611910046104 0.04160868859820144 0.08096078675951285 0.05 5.0869961309197445 133.63802733890225 -398.4197749639734 102.36096391596524
329.1644240096856 41.894706061260244 0.0850438167012666 -0.00572892512271443 0.05 43.179381291136686 161.95874886356438 -277.22782745538404 37.290386268163886
174.15680421278086 -10.367553902245097 0.053129023432917144 0.029134863158767992 0.05 17.808481074787288 26.265258063613146 32.260053962392305 113.49967850427839
301.0286559944593 -5.7882386884471355 0.06124692042675273 0.0471711257652149 0.05 22.318825460074105 285.0731938750365 9.858152759573557 330.37015304886535
345.0023707095372 25.05614316655705 0.05514754855724324 0.04690638706580111 0.05 4.1778616052670055 233.92475210393545 -320.738358320485 261.7779172867173
78.94446778642894 47.53210449175075 0.09062892643911202 -0.23454351961541597 0.05 1.351182798666483 204.34049436770567 -415.9384581902793 71.47217913233587
12.707923706662928 -3.023278658136994 0.08435324234272512 0.019936045424198766 0.05 28.058069060880285 -218.227404332893 -281.6192643359624 71.99031474833279
237.84140784893032 -22.212051330824032 0.07733445258322713 -0.021862953137396852 0.05 10.741045957959082 -63.75010171690769 -280.5312179532716 -159.55662737203536
108.6283608831429 40.60874715774094 0.0633206857479649 0.03226648734866385 0.05 33.27645921326435 96.22356486155907 -474.2133663062476 -132.04660720264795
98.76408584212678 -41.94011418734539 0.09506415837325766 -0.07566594587575383 0.05 12.802768235880398 476.02054409851877 -89.89752647806603 -85.44430116249211
126.6002271869449 -25.335883610005805 0.09774784063914455 0.030074124162657624 0.05 18.3979788026173 296.9683061001848 -550.278605051939 -99.33610170860402
174.3903933207083 -35.65419789847715 0.03704205998455712 0.05596735854421032 0.05 31.38544130165208 221.86589877245308 -253.82967884826462 357.7307225064358
71.78161935421002 25.80775970153151 0.0419720125778944 -0.027447258877391467 0.05 8.601387187674174 261.8448878437317 -149.10602556157187 577.6777712276152
216.91892007499894 7.562207730289591 0.10784579122408267 -0.034807903933642095 0.05 27.844341803808717 133.26691405093817 -509.3625938621013 -100.67497059674534
358.4556606892897 -53.59073802312681 0.07755086773180975 -0.00394700811365997 0.05 8.048876640837022 320.20069877658364 -281.5661164735216 -154.6246926532141
73.4975692739349 36.66156415424032 0.07109038083659058 0.024143887637238872 0.05 27.755947300561466 307.6757922264442 -406.59939140690113 68.3356344192589
307.05961892155955 38.41114505454236 0.0514981528867573 0.042540155559282235 0.05 26.88987892613725 420.9689494172263 -229.66534550362422 248.2613211956454
314.6750284431878 40.34221461753909 0.08212117879434255 -0.021231843725424412 0.05 19.507280196544535 386.6710565797242 -150.7582543471256 165.9135516545533
32.57590555466787 -52.279469998608214 0.04185711783256685 0.05859166514513048 0.05 12.392718042195984 180.88103692000774 -724.0661480840529 261.1468757614064
50.95662728632457 18.724674914475717 0.034778160156485605 -0.05415757390007345 0.05 51.17151225887726 -52.486543548761404 -115.36827144022953 -141.2774275312598
166.35243952743937 42.77480022982981 0.1083273776031144 0.02756814226560128 0.05 15.307122063858635 191.39002508092796 -496.9579035504742 -106.42392520624571
130.41567366602186 -5.702758876629795 0.04572617953028968 0.0101213961276607 0.05 0.9881007139255077 435.20731995665284 -390.2269686632018 186.51467178486038
331.8314388852414 8.855792805175009 0.06179930375507148 -0.07935195608262548 0.05 5.983350821480768 210.45353665116832 -155.2530058014023 364.5530828099736
91.86228846444 -38.309706979415935 0.08809734903358768 -0.07528030460449851 0.05 1.0316954697061989 169.71718599414257 -632.6091778385863 80.00366071880691
281.84948816403306 30.921748331925208 0.06861872489559051 0.10232680954934169 0.05 6.113715303941123 191.8875948931306 -374.49231479649535 -0.07083374676943777
313.52484836757156 -12.038518007798984 0.09398646049084247 0.024042801797108035 0.05 20.571482619422195 225.3159412821249 -746.7098965735784 -59.4322462067763
214.55054171201843 13.7905461715522 0.07843760125345556 -0.01114460789077899 0.05 7.22901931282988 -1.0886072263133428 -615.7387647965941 -121.92849591018827
20.266775841988125 9.806995713003941 0.04699588401631227 -0.043563429982094164 0.05 4.787449433833831 -13.006666062238367 -129.33160797030828 122.9720478923597
198.07249991223313 47.072453675716446 0.045802449440885074 -0.04201477642636392 0.05 13.273673099399655 319.79552397342434 -289.66989884144516 -104.63354079525797
7.852735937192407 -21.456078116386816 0.0769774164563326 0.005494971755850384 0.05 8.305321479804396 11.07469787661688 -100.18970170050858 111.54890616447767
287.81254244590724 -70.03241080137389 0.08794773467174677 -0.015411689569332953 0.05 17.726894340107545 -54.61554411568534 -142.30429003616572 420.3565199737227
151.3987130327787 40.86655653350413 0.11115065616822117 -0.03436396323454665 0.05 50.02848994395316 203.20888742112749 -284.3503685373673 161.24997821305914
248.8923921467202 -16.758709322585112 0.1089916383377012 0.03747773330709874 0.05 7.114393675808152 202.2015777564146 -672.718131541812 148.13347492980967
160.24908287022313 57.92689227311186 0.040226645077528156 -0.08874035920910851 0.05 34.778667328409846 330.985124029709 -690.0231742639382 -212.70078266190183
235.72676739466766 7.237238886609932 0.04552956797963037 -0.08909682570010252 0.05 49.37358838924816 434.72952782008923 -546.6344183968923 177.7455873970676
125.32977446566355 -13.375142022755924 0.08805360317461108 -0.06963283606784476 0.05 8.806704027855757 186.54974661444743 -763.0088585870492 257.23726922668766
81.65724117629891 32.27026372799975 0.08941408436897369 0.04113203947530436 0.05 16.27436461648659 345.8291873328077 -171.94812120587767 75.11618687530785
324.6762065757205 -39.81867979446298 0.06184431755150599 0.08463833994186604 0.05 8.7728305967625 183.06411324575208 -259.8702678890421 133.44684075809215
123.30582894026894 -7.580437169626259 0.09444562650582466 -0.07404505984317059 0.05 18.568125185975862 123.38625198889541 -140.21690135411572 59.95275211793867
328.886124096556 -10.967719858479146 0.030594178144703665 0.08916787446327616 0.05 8.311195619461486 321.6193385988812 -394.35623640957823 -366.42799315020574
101.25781860417544 -42.3700553518505 0.10376915323668268 -0.012156526007902343 0.05 13.528183083726876 -104.61118690424917 -483.9428787917618 276.4157698156057
161.52430832786933 34.477067505083824 0.04516599055353909 -0.00686346722220275 0.05 1.1900421983572884 -13.596533767671616 -506.74171392923887 217.11969005635262
209.73021250842152 -13.535262876537018 0.0347798946903064 0.048803831568098845 0.05 81.44085158361962 299.8415341851123 -604.8871326308698 6.862844892633767
298.38907463217146 28.770364241813482 0.10056773841879729 0.0280672733851932 0.05 9.392888424439615 148.8527053827194 -536.8808055627942 232.81620182411814
267.2859201851298 1.4133837540242455 0.06657711974140956 0.047069860475342555 0.05 32.147093874214335 -194.81607289937415 -332.8059887720152 -95.64903117278271
129.69105208116352 25.270786442819492 0.07763730825899406 0.012040791194389945 0.05 25.671715788384912 52.540380069437276 -508.66398750132885 118.47701189876824
336.3879354884352 -64.69524712965723 0.05741390405670166 -0.022507439849500967 0.05 18.448320356735046 422.9254696822052 -704.8178973181809 155.97313160962784
218.13460654340176 34.370699677082264 0.10891901031915063 0.09235126713387205 0.05 39.411910983128514 222.80480644303108 -446.9898192733286 -8.219283788915064
16.248064496859538 -29.780964650758524 0.10631517896198162 -0.0015097725828756951 0.05 39.20853847366466 407.0965522502982 -133.75634233481165 401.2649760995164
235.03973767086578 16.114356164593328 0.013849191632806956 -0.014875675150058987 0.05 33.995045347612816 465.49628906658484 -128.37174409171027 -76.63395898884961
252.76683237390307 67.58734656745983 0.09016656657507593 0.01367245515236005 0.05 21.526341099756582 214.6307716424239 -158.90374060710585 -211.83702647663824
350.7232784479647 26.312025539013685 0.06826225356093119 0.039755489104153795 0.05 44.09633396445808 10.306963302355769 -74.30943968149407 -55.67536541127458
254.25544627152817 -34.70871170601422 0.03961271048497528 0.022898812780291253 0.05 4.801403808239424 302.5864093126837 -394.9431079542073 -39.45227886528704
11.363058976408603 -5.159652139528112 0.047110278156288654 0.022168398146759388 0.05 8.44124371195891 204.35347968764316 -599.7657909626787 152.8580663224777
9.14634473557138 20.356539987777687 0.05993336416232764 0.009264998544835368 0.05 20.234404648659403 443.6390063788585 -385.65661150402485 216.26017844003297
97.65251674833884 -65.4147913188176 0.07544445902572505 0.009974783715682797 0.05 12.391681821279098 105.40083866858751 -348.3137704530461 33.83137028423043
78.83029605814563 38.01971658270729 0.06918377410279564 0.019582573639377158 0.05 36.30353360096206 171.9309110174144 -291.18228215384056 301.2472335729543
184.27637443523446 -0.7651097095109722 0.0655659999671423 -0.026707381276149685 0.05 9.845903019228313 -75.52616610530771 -337.7653491282806 -45.80605335819308
126.90126812967516 46.36124644305167 0.0805294463133921 0.005452300802999389 0.05 4.557262718349413 217.29065233935873 -271.3096156074688 96.93051116897011
247.2633803681224 29.080915248738048 0.074614832373058 0.08946782575026718 0.05 33.916877281501186 24.07843540284736 -404.29872339466004 111.61366689476486
233.20955465092013 -29.5125978663953 0.0816003654355868 -0.011769791102793099 0.05 21.53445058740868 76.97526928513263 -238.45488853810645 -99.01887679933827
45.15572443075878 -41.7689398878777 0.04369855758242891 -0.022424350627668573 0.05 19.254324675901874 224.24404048739808 -335.8537390708852 381.90992542363654
273.2790124547051 -84.10013051653843 0.07329803827294401 0.03728519529622498 0.05 10.349660995921008 183.81121138036508 -366.16137498531714 -50.920207157084036
165.3504155523599 20.09274799843897 0.07071680512633316 -0.014615556119212713 0.05 8.894963606755706 197.1402974615291 -185.62918486840962 -43.49609105194503
170.65095968287397 3.366105505443657 0.09484642423311929 0.04993314187328018 0.05 17.070845546738695 99.6433746551554 -551.0446576384875 152.1217733461275
229.474225873505 -25.219814033365644 0.08969082957625663 0.035287758503873584 0.05 28.945710749044633 136.26666459044725 32.19943964055284 24.821872666171135
337.2667523829336 34.15687448337745 0.10222174599252298 -0.0019241117421695704 0.05 40.493072694716446 15.509217413766493 -306.1582621689991 -78.53572253908288
82.4477843254392 -43.90027030068461 0.04920558687789689 0.04256966893201828 0.05 16.81478651536782 365.8239276928007 -293.72013306828507 -142.63503476210525
54.749675148404 50.72983761564844 0.08754384825591655 -0.03546109985794647 0.05 13.28020285338812 708.1386784665029 -569.2402644114463 230.23932610140793
153.1605455871505 -56.76047126771807 0.06252268205808242 0.003976023484915296 0.05 24.56978964204925 151.92459786767787 -584.1702542677494 375.6615727587143
135.02147688553268 23.39762128997843 0.07873823666015767 0.021690890648037912 0.05 16.65621669407759 -47.493639007886884 -477.0911347769803 -106.86320935534783
158.2110001836426 -25.825622967585918 0.07597696636041862 -0.008343736444539875 0.05 3.7623489311936336 320.9041716316893 -287.3929857569976 181.3017812847295
185.02383901752384 -9.015483029381073 0.08136879588278156 -0.014925334512355195 0.05 19.865622305540793 442.8734364613336 -336.8480266305425 -24.26845257627187
118.98628372580818 11.445333179897155 0.11155082998044552 0.05806925581130681 0.05 6.6065112883359705 -37.456361855065126 -261.48573436411306 -12.164299072140736
20.950278211382145 43.01528302296356 0.07513850194700189 0.006768683860101297 0.05 8.440461303738907 200.78836116511116 -502.31356620798556 292.3188526887951
32.84094430858851 60.44803021212139 0.08976382020582752 0.006763433897145357 0.05 1.776713536657216 236.39445715944868 -212.7873376202777 -92.78766025449909
247.9118067185411 -6.363244277183255 0.03884108748572235 -0.08086205052047232 0.05 5.367352941882059 264.2915592935688 -303.23478843875665 -10.735790601116015
240.6782922633199 40.36493924251677 0.09727328435560678 0.03379198361603465 0.05 4.194831347982482 430.1243384655261 -617.0260825564866 199.28938172833605
79.26854128034674 -32.70051463720956 0.08481987328058826 0.003920603363464415 0.05 6.537587633934569 393.4961899387739 -703.80136803901 471.09704664299176
252.802113425539 -5.792939265113817 0.07541169636966338 -0.028094669801262906 0.05 3.624401293657731 418.9319016830152 -153.15635301011054 44.68753450565714
343.9482357022588 -56.55938546014188 0.08316607736652015 -0.05423303258559152 0.05 9.752500046862657 219.78393077400116 -271.1132085515014 204.83925337884753
197.22467943341863 15.991080507188624 0.10875398498164501 0.030147501549534262 0.05 14.767829708490295 334.09302155640677 -245.75362893392665 245.03683562601427
219.14245408822785 -5.96738586114299 0.06784991132044094 -0.059257838422740954 0.05 1.936023638487448 248.83916568112159 -164.1668684215021 -45.5025683274976
128.8835809077879 -30.491090614706195 0.07812376831525936 0.056766751208271536 0.05 15.831287046761815 189.07768157788303 -31.770542730773172 -104.80608648078595
214.49830883257007 70.06887314089444 0.07911437741768368 0.050523181940436784 0.05 4.005709535999405 -73.40766598861251 -363.8712186347212 205.18451561590777
347.63103372917845 -43.151793143753544 0.08048142300447725 -0.03641766896107477 0.05 2.0061615975078406 -162.18267827282017 -197.14466397334178 750.982062611019
171.95828394435082 70.84444442675513 0.09007598910475023 0.07765079703529236 0.05 16.64689172663752 -49.82629014295364 97.87265830920632 105.10253545475688
123.44057884916414 9.337265338466349 0.10440782811228866 -0.0015369265367803182 0.05 27.821924521309054 197.4038316775503 -424.3222647578344 171.8603246395864
355.52429745683105 8.060561963111216 0.028526817864933385 0.032710657233081676 0.05 100.83347663423316 382.47721116064895 -192.84973167759074 16.819854524103548
351.54295849300644 23.23234072786863 0.061663170165984216 -0.05442719491921636 0.05 2.46934562143845 -15.456664829612862 -215.77123285188114 37.06878411971097
325.81966584322214 -40.91311883860731 0.04361880003511698 0.03402123706006739 0.05 7.589981777644546 962.3470714152359 -269.86730889596555 189.3100530206279
39.362130353421 38.685346774882774 0.03825288022852291 0.028001660974449206 0.05 3.6627841361362328 -251.89777185457115 -156.06947406764178 209.771974828888
127.95864574246923 80.16981351137629 0.0708013820291673 -0.05286758364765373 0.05 21.2694866087009 126.14818822016193 -305.6154533668512 -250.0339962609891
344.5831972949249 6.993057111659394 0.08942939659620452 0.00777326287775129 0.05 4.442440283109117 -213.48797899764804 -270.3464643804628 122.07595431228077
343.96357363151844 40.787928742707514 0.02477044136299167 0.006970757557786998 0.05 6.573131387892307 -163.53223301715792 -482.91135379438145 1.4533493047785555
252.9178752590818 -34.52870983114324 0.09536205160799427 -0.12660222308973093 0.05 24.596880705663434 67.66873961376444 -222.81377739835918 291.7258157051749
351.56643974852244 -64.62498483085022 0.06953459095402947 -0.0836639426586429 0.05 49.13989936528274 320.5968696690601 -215.21177386073362 -308.42665872621666
116.87496482814453 18.003006685975954 0.07362834371148175 0.024068997502701223 0.05 24.918552222209716 167.05972360664225 -213.1607237925861 -277.00639933794076
355.8769630246119 -0.06971861540383097 0.07923203458935024 0.04401926630952889 0.05 10.706143017951202 386.69159209498844 -442.2021713681097 188.59120697791815
68.83263789720456 -8.897279382996535 0.051516573585452585 -0.04319376734337732 0.05 9.00371475545859 331.63696099986845 -103.74823078478366 43.9216522458629
285.4025247647331 -2.7580759645879884 0.04535384098274298 -0.01590589126394237 0.05 37.359000555104636 599.4228986485401 -2.4595528341092177 311.1539188219373
12.7246865769306 -10.717806867316119 0.057538058650971724 -0.010047316775810194 0.05 7.5146348627988875 149.15846870228552 -280.47058642021796 275.8103749845182
2.573608403221633 -56.27366504060882 0.08849173658374476 -0.005560452435499981 0.05 3.8168043002767895 279.0622944437631 -153.53696517002183 -266.9558790647712
343.19050479435 -61.0021396431208 0.06628198985951772 -0.030332104151037577 0.05 6.286369699913853 -161.2965748568585 -513.8633961773893 320.9154570178613
116.46095839577387 14.417325724989292 0.06388043843484992 -0.005197250722624638 0.05 4.811906950546985 132.99930341936656 -248.76319507884216 44.6070177334011
176.0815096074637 -1.1771161273637483 0.0739418652885846 0.07086724329730366 0.05 1.7230232167510793 68.04170821908494 -345.15774387822256 288.9740625035603
355.05435418074876 -22.930853032810916 0.09244899868411727 -0.012938232605196217 0.05 58.267222626065774 10.521624545932553 -376.4305086440429 431.1617412597196
52.74995296884674 -7.176812609389546 0.09815826965944341 -0.02883054450964776 0.05 3.7552921936428163 696.4963154867735 -544.5648761738095 -18.367540284077464
202.9164541328425 17.314183900537568 0.08119838943239976 0.08269505220931872 0.05 12.022225449635062 223.8650654720878 -127.50155200530011 -179.10953320267646
225.44323370912036 -5.402298841781389 0.04591848830603329 -0.02517332331363721 0.05 22.450503344368798 126.32334911685452 -353.3731298509502 -54.96109918729937
352.0315397486853 -34.972026837558346 0.09001528347854082 0.061223083119645735 0.05 43.89306605292285 61.96877985644542 -413.7715748265745 -128.73544383702824
346.096475101586 45.264998088404695 0.08119877111148788 -0.007681066767064689 0.05 1.243582697718511 214.121731500782 -352.42845829533553 229.25168520451444
320.38502047125763 82.55103179521883 0.025969821296034645 0.010291654329584241 0.05 18.695616788771233 110.43418894350931 -120.55477219859196 -23.6367177892605
110.83530722535768 54.31183993891777 0.08996257796642304 0.009653013625658983 0.05 15.551579376394267 119.13645929074953 -417.32821589753183 -17.872432697013295
333.4974191220296 -4.238456822415399 0.07469906805368098 -0.005934402578757822 0.05 8.321067257160898 231.64902252321653 -251.69940769053161 -183.73021685169942
184.5787116294311 43.06428612075138 0.10544151273054969 -0.02785503194600725 0.05 9.280592566505984 539.9471319484528 -639.8623733435663 369.47882133599734
275.75427050745196 30.329557096966425 0.050978968806211666 0.0001397349090913008 0.05 18.256128200987522 72.19652010721333 3.164419464150342 261.85178549022913
272.4015809358918 -55.75691875090782 0.0909459938731072 0.0077706692987029174 0.05 18.16182194566936 193.01822279818342 -293.73336214721525 -113.44041921159467
31.853159151960366 -3.941080895985314 0.07366379074171014 0.034607433825070824 0.05 1.5277810482766339 -45.11057779454259 -553.1957106763965 -105.44864317244316
322.88972123274806 -14.876803504076577 0.07137806988102757 -0.048791764939731 0.05 5.509785925848564 170.0913976918656 -177.1006329802199 -92.47692422017741
268.38618249291414 49.77052971523909 0.06877735891563685 0.03673856589986099 0.05 32.64455291190632 335.7821382333477 -77.1627840537212 111.05122252627741
230.60088487469196 19.194094181303942 0.07860558516707505 -0.027594440016289145 0.05 6.376643667005393 15.520135911764896 -409.6121431446493 346.91012861621084
273.9242814729329 11.290536630990715 0.10256491237873333 0.010612939543931298 0.05 8.104285607311146 206.64470979681477 -121.54471000904655 309.9012561298966
136.94127204013287 -29.459362739813148 0.07563262813759386 -0.04233478067999306 0.05 10.765711796097769 -62.69167066815476 -380.2000494253829 -23.169778602105737
325.5219554116738 -26.234807758165772 0.11064939265288398 -0.04766134711644899 0.05 13.512027355659168 264.38003571818695 -407.19333788010636 105.34915203765198
277.7313867969094 22.44226119322949 0.05400187966796666 -0.019240504209326634 0.05 8.065871315899383 62.46568946208396 -30.941383648478848 384.3068007061804
230.15201621900013 48.50356339040546 0.05928834628377322 0.05139069900176191 0.05 21.493162931261086 -30.348050274368717 -292.9313239984429 -216.87781844517957
8.203092457472744 24.983672085589323 0.0486346534850528 -0.020958548504443626 0.05 71.6135226007437 -9.32246472438328 -5.971119209954452 107.65886824547954
52.96957942972318 79.98133901278096 0.08051455390604412 0.03871892562980437 0.05 10.370544005631007 13.865418602639465 -441.72330525411303 141.84638407135975
219.3749102458404 47.41180101829671 0.11459605474097634 0.03208395658947033 0.05 30.238631098933226 174.8913915524392 -394.6866041457017 50.72815572494819
312.80050994757835 37.089528044539804 0.05409441721787789 0.05076249354174485 0.05 21.476064841151228 79.9340206320344 89.83199471031543 193.59169911534815
319.44144809215055 -9.17752743117733 0.018337737644473107 0.04231012357405829 0.05 34.23558857508456 48.9321229290621 -462.81162201570817 67.207957123283
276.2848385191898 19.17599079745026 0.08404046292753109 -0.06554827687314027 0.05 6.47834198964531 429.46617173124514 -28.790037999908975 65.39068853794117
159.79798314076427 -43.563689073497336 0.08075118894342781 -0.03168076009855744 0.05 16.53503396048801 -111.58450778549911 -309.58466009660634 292.6914897722024
231.6865295584839 -6.455010825163277 0.03278858259860051 -0.013838384196826375 0.05 3.34611945260834 286.4599466491058 -453.2537449554144 -66.39613891745273
145.33169209669708 -32.57533476247957 0.0337654839958188 0.0004466875049168144 0.05 14.376201295527109 233.23170761845338 -634.9478693111434 -440.84161540799266
328.49353078994955 38.643830028994365 0.07130113695335605 0.02709620561591026 0.05 5.401435289720363 7.028646123011498 -283.26865579324186 -142.60480826707135
207.45660121268568 -54.892362695610366 0.039221699188455306 0.0016569744262253882 0.05 9.724168570838595 147.5714250782221 -258.41691428174533 116.80682404452419
59.803929046328705 -2.936015840387882 0.06436071750694805 0.03044717374047024 0.05 7.611851314892012 394.42335403369066 -101.09434519782673 124.74172073855763
70.9660313234302 5.970771907217093 0.048944393702293754 0.06468019073669803 0.05 46.56962310565238 403.0002336247984 -91.62759201381294 176.0066771636944
310.8418588796328 -36.85336326719897 0.041757619446149086 -0.03563466514674851 0.05 16.659937455256618 24.011988574616566 -104.23330625670488 134.0818541292254
80.62675298506682 15.14346165142443 0.07948321443657047 -0.04121672594886493 0.05 6.6034075868493325 -205.7928788627952 10.702182559754249 61.243700152546054
323.93155420652727 -59.384162530370695 0.11219826931165144 0.012074253645821084 0.05 5.0645273771134685 -154.43554836596667 -360.26351490328705 427.76734853977445
300.7047954938253 -44.12192185206661 0.11036453447004901 0.039829083203406924 0.05 8.466119549832104 283.6859575790823 -311.909985744137 193.61651111424106
131.13513435901427 -5.072948544750331 0.08211122917893743 0.04079055461148645 0.05 9.273093057502088 385.97725890652384 -32.15264629959523 -166.54297612499943
251.09483399332856 -3.9406870369728577 0.07253642884513822 0.014595733540289204 0.05 11.64771336762573 260.20997090717964 -738.1315566924137 61.10528532532241
272.86819128198675 20.67312536735134 0.10526562814628004 -0.017225141917399305 0.05 57.25882960513574 -276.1856714496507 -428.91470648815323 80.09862268111955
69.80103384411326 -13.885966301085023 0.0867359796895184 0.0014669558318903503 0.05 16.114222791908016 81.871517224067 -187.44083894823513 166.96348397102886
52.486801492797674 -12.562827055844517 0.08583325677657783 -0.006907341971148378 0.05 83.9766574728515 439.9441839427308 -498.38228163557727 -222.23555240430937
185.00438525616235 6.081472514958958 0.0713626643644436 -0.015204390856715318 0.05 42.820873806818724 -35.89578088174784 -440.3645890922404 -56.53081441363288
272.70162621785795 34.82086270077705 0.09472064537066771 -0.007259959761435457 0.05 17.81608514230464 580.0806686977909 -87.76866864985226 262.1301448881257
242.91356992822702 20.62603301571271 0.06380432231120303 0.06138550621292131 0.05 6.436830412231526 24.134248471485876 -355.13470984955063 -10.578595078290007
61.41644653243695 56.74641630250142 0.08504819419980403 0.0356251301439464 0.05 15.077075190705008 272.3689841898707 50.031778608893944 110.84318213922475
355.59855686219 35.270687657552 0.05514135415543775 0.04117402285702698 0.05 46.611114401247264 347.3788119901801 -232.9471468355232 -379.3761149845519
106.69811165191045 22.992213775048786 0.027763274376577884 -0.015512920280472284 0.05 44.62263037588761 224.52547329114412 -438.9449612477865 190.73593207613024
70.8909603573604 77.86367468628568 0.06275316010144372 0.08542480548091619 0.05 6.654726694240112 454.2308983251992 -348.9624042276112 65.32979459002632
119.3835162604854 13.778915636667488 0.10264507222753805 0.03288225495186444 0.05 39.405716719112014 297.58909809736275 -261.3238994063074 248.94554262062522
249.86089295137234 -6.774267080412804 0.05651675891223373 0.03101210029701369 0.05 14.795778819005722 83.5669581518496 -386.2402969339412 98.70679769444027
270.33510902763766 38.75837557652939 0.038128536932773294 -0.0203555567949124 0.05 5.2301830784472445 90.58963579622379 -198.1218646318058 135.69812196108688
240.1035547782349 -6.360171277033464 0.058861564950670964 0.013577831649396103 0.05 1.310206008813924 -23.823551141905426 -2.4391235214188782 -176.81193890983172
216.18543544784418 -69.40933365777175 0.06997482224966656 -0.06055749248336715 0.05 21.98747289227676 54.34163718103247 -547.3405528098432 -92.26818091018447
25.972500755676723 39.64737254062524 0.11231621632977085 -0.010495664887438947 0.05 16.179523463544513 113.54893671564434 -502.16443607394103 249.76363350937066
59.20234797422425 47.913985988484605 0.06729141176813713 -0.014432052130373775 0.05 16.728678627246907 89.99897188200019 -391.756394786784 236.99451282575887
250.12357179744802 39.87459743165792 0.07411632138630031 -0.032771412722914325 0.05 23.212588646415096 34.735335243982945 -308.1230132049369 238.03509572614396
149.41935658420323 -12.22432004689973 0.11038539201866349 -0.055442017018250536 0.05 35.673329040314634 370.86598515326784 -212.76849143848054 -290.2144079221016
241.44101118642294 30.326848438509195 0.06808180906688377 0.060372878446751994 0.05 43.31242862837143 30.68724532928124 -439.99417849624854 -54.51866836533807
280.2043185674109 11.507322155888493 0.03476138928621464 -0.022255611913850372 0.05 26.064121222220965 502.1011188796002 -459.9078395350883 76.14970982020388
336.71890643720263 23.40449650244755 0.07491338741746167 0.03288981508559054 0.05 21.369137697078855 389.5649174038475 -69.44461099234377 32.38015446079696
49.677229940747075 -46.818265913202254 0.10437641093605521 -0.0572978875384823 0.05 13.369186864777111 61.24090899634615 -181.08211508446712 62.107296912990144
345.1081190392816 -36.297919078085144 0.10355057485530117 0.09479960241872025 0.05 34.95858166997985 88.53836598413677 -552.9750299705792 -74.40543828317078
163.5810403121097 26.739734648722347 0.06309948323428172 -0.02568790037811752 0.05 22.817602110720998 453.1565694378414 -313.5900299531345 137.9106485159519
208.3540733584551 -63.33165206041075 0.09099222873073587 -0.05711254143334809 0.05 21.74416103643137 142.23013524663432 -104.7898129670127 -81.10640371496956
359.9001701894853 60.46060211802916 0.09890382237293283 -0.012577347812815819 0.05 19.951876364250726 47.508945196326266 94.70301815028648 -28.183608733827867
122.68052294612396 79.73017901650942 0.10232231246054635 0.08532555326969382 0.05 7.677616646821044 164.5456795262316 -245.89168016336149 -57.40766710970067
251.3803513915835 39.962805177621256 0.1150738572992438 0.019556234894210225 0.05 25.720409309247426 42.251687314244975 -233.71724238683242 485.71715931306255
198.93930392966277 21.636705242673216 0.08801351452189943 0.023943444787168165 0.05 7.252365048046656 231.1838436229125 247.769308805842 176.52239323476044
125.93534248766663 4.315250536090642 0.05166793353454624 0.10858580919032558 0.05 35.41757314143159 -38.691447054310004 -310.0903803478218 202.41641453151684
138.66745831806833 26.710248683929375 0.10795973332635733 0.10466380428065385 0.05 31.97068704746509 394.86267380598656 -479.5086880472137 -216.10818170964484
340.1923900247066 26.69594041533919 0.04594415031095189 -0.010428657785776512 0.05 12.17916062312408 105.01752918642883 -480.47130021469775 -127.91591307614945
236.6880032945123 48.59865278937743 0.05474809452290086 0.01845245066265275 0.05 19.48059713898156 -136.47368722233676 -236.54884148196243 -302.8727486240253
16.8013804249048 -25.476404203303076 0.03187079647149105 -0.05184397829470552 0.05 6.8303259773468055 192.94311811499395 -202.49610781037956 -468.4423259855437
264.73695665195555 -1.7670286492864258 0.04551553946018849 0.07926415391892155 0.05 29.53371762470188 -51.28150824687293 -337.4171320802028 143.91727466881247
165.59648576357674 -18.417059538536716 0.04802109552373124 0.0015360535384241845 0.05 11.783500593387945 244.4605856227727 -372.7029062958205 187.53490138432812
115.97863091685971 -55.27330999327988 0.10937675854907725 -0.009148341914721303 0.05 83.56328023568531 6.299569398448114 -193.49847494767033 -167.63934909535135
128.09924826935193 -19.840813160215838 0.06697602958488647 -0.03840845776204091 0.05 16.57625866238813 110.24245726108326 -267.43061802733274 -297.05171348486346
324.31266333820787 29.8719455047156 0.06834163207535204 -0.05155094641036194 0.05 15.9844295808464 169.14478697851115 -605.9435233466462 -176.24638790774543
127.88001111336925 17.83108898586494 0.026713145298313812 0.0028477164626071194 0.05 12.295459898912831 499.1328624692027 -498.85854511062155 50.87250723072286
47.33335462187354 48.59469569818027 0.025877033946849703 0.0301378782180014 0.05 3.821244877110599 -324.89531486423357 -132.95672748062267 -37.53825428870526
286.6332295010869 53.11602980728921 0.06690600859665397 -0.02089221794350918 0.05 41.92462498570768 115.67288690426241 -356.41174023545415 -63.54118449266484
299.7522964548879 -41.980640123539224 0.04317597837886633 0.04903597364577232 0.05 16.166240847383875 7.7934337452023215 -503.2269544517753 144.76484722283584
147.04372780838116 29.30890169285662 0.09882979117490565 0.002630792833313768 0.05 78.0960715344415 -86.76314776887733 -664.1408839936648 238.4928038784239
329.2087077057582 34.07518862541835 0.03550173967873893 -0.030566758742169773 0.05 21.385037137330933 391.242070259555 -196.45207783267864 55.30636057642916
150.84068390704297 50.954218815215235 0.05993702850799032 -0.10062309615938826 0.05 11.043266574941208 609.2817623673554 -147.7161659330971 -153.80236265558221
235.76096672905757 16.989290882091368 0.05183020021586504 -0.03913727825153567 0.05 14.904598339307714 478.76036303306034 -276.0093447212111 -19.435446902578292
171.85123472198356 39.99200762428422 0.07906749209865072 0.10698330612729126 0.05 42.736621646449706 302.14566152295004 -144.1718650524741 -37.01934954616672
258.25314174817066 6.091030058806378 0.04215615394762917 0.0017901689381024117 0.05 7.207621353366219 167.26182083454944 -151.251806099021 97.39170416342719
4.509559381511571 -59.552273419288134 0.03654803207985702 0.040921005578563374 0.05 60.7930594537642 -136.1974967732604 -551.1391417332846 -236.40348054492512
72.81350695324849 21.798384133322685 0.1030657654542797 -0.04833902772485801 0.05 0.9167441571611545 334.7040260271285 -557.9152183098574 195.1281318959655
150.06020567621636 38.36563946765966 0.07429176548003413 -0.07124284812299224 0.05 0.7677889660522832 149.9198223203639 -147.44840709375185 111.5027657242085
255.31245783973924 64.26102852971307 0.06967392309434706 -0.07728588859267108 0.05 2.965159650784505 323.28434991532964 -87.45755735272957 191.57841582336886
324.6037065175174 38.21940712206528 0.0703618802634236 -0.03224605902630734 0.05 4.173119683838972 87.74545872479436 -126.50813087885834 307.6426476490343
165.01677173150503 22.719595457046893 0.1053005453785767 -0.06295949653528847 0.05 5.397834699210563 258.26403145681803 -363.4166471525991 -92.60197194214112
165.43106348146395 35.85851620882199 0.015450584804397316 0.005027441207918992 0.05 36.245311907210876 -255.64559626313985 -458.17334754479447 150.53265571365176
235.86265241300822 -35.783681619737315 0.08502230707054181 -0.038595807969462624 0.05 23.96614025075237 152.13683615215302 -664.1554998207098 -19.904292856967558
348.56522085870233 39.77865570082208 0.05224410720201589 0.05438040928125148 0.05 18.372654008933885 318.3380382110124 3.964687128408002 365.1381595579751
341.04878107330046 -11.696267524631388 0.041420068853274206 0.05289116666395545 0.05 13.27790712557312 274.4009504327256 -385.12539413868916 294.3650943051087
201.80676794467593 -45.99596683779029 0.015380269231995314 -0.058982012399287506 0.05 16.179033719070496 -54.527589280084015 61.13151671289819 136.70670928647797
115.3933269018303 25.723589562804342 0.06635051747243015 -0.0006162576421734566 0.05 12.488050394795291 30.48710030720767 -251.71759583349387 205.70777440581344
149.45918690657714 -27.07615823806094 0.062357795222635515 -0.05013352578998599 0.05 4.184506653091433 -65.84928654653714 -474.8657630441309 -208.8089243028487
143.60287058937885 -64.0612709992034 0.052747124361391506 0.053092718878326055 0.05 17.93377116704029 58.273847941363016 -265.24121631544085 166.14452098349537
289.74450925680986 -30.71054515493326 0.07559149706648749 -0.08651469471238028 0.05 45.37267509353574 97.92684080917182 -241.79258195079734 150.68566025939333
7.915351620122672 43.8166847232305 0.08443193227806955 0.05509933913904897 0.05 11.874220624091395 444.3076184987165 -313.8046444983975 21.24235379013672
227.53065080471637 -1.4672794610695847 0.11272042325684728 -0.03824606227585535 0.05 13.756149188802206 336.07136980781763 -475.202719581824 166.41660499687995
306.42415526277745 21.125302897695967 0.0754659432798126 0.1178730897798584 0.05 16.985623153746523 206.54133409123796 -512.4687667326193 -76.90120602487987
286.6063446069233 46.28127258760269 0.08697583539746634 -0.0587238703164976 0.05 12.426144802786785 501.05698651053484 -415.5808609604245 108.0124824523686
264.1269786670798 79.79470924583804 0.04499082225000661 -0.09451153266334887 0.05 29.134375707450115 27.97112810345186 -245.32988612333858 180.41466664913807
6.030912646482451 -57.284242651679605 0.0717110389207316 0.07146553319373525 0.05 0.46139749868992347 312.74827674738407 -183.41538334758212 275.02696677712044
164.91076186517842 7.676615256802621 0.06219063044341455 -0.05804481851944799 0.05 30.367122357776324 216.41189852961665 -656.8501726446735 216.405169589108
38.41782946850021 -37.97251017649384 0.0384793918364299 -0.0867642083368426 0.05 9.901823705395135 124.46747177208718 -118.77024235041301 -310.61484532030363
148.5768101927827 16.44014502662307 0.11064216646157887 0.04457233404947534 0.05 5.111146154665152 158.6414832770846 55.90454338894261 242.05569731867584
94.23789641177522 27.27766378891927 0.07135794954253605 0.0075311517219545454 0.05 19.792642316931175 94.58880872132671 -269.36107497520123 -259.6493268999316
140.07029209023267 54.16921599604018 0.08145148069158004 0.01544744279923388 0.05 16.715644631768555 0.3325744681636138 -147.91717720786173 -197.89975055601278
180.36331109892942 36.81894586233485 0.10285334993544981 -0.028840351271841508 0.05 2.936017861094509 379.5617869892254 -305.95087822394123 -153.38439213751815
93.640796925925 31.941104380208927 0.02323852294827211 0.02990505362132838 0.05 7.609643610793676 471.7270467793196 -274.66017219527623 33.61496700187112
265.56556354150064 -25.716775275429434 0.05319136884267328 0.06672755274221494 0.05 4.179707053075573 598.1732258263853 -326.50469998591234 55.83672145527805
211.66980633432772 2.7080850821136644 0.03164289654177144 0.06741733883410704 0.05 5.201669330709431 365.5790201919498 -278.3193987278158 -95.27700395320173
349.93019372316786 -43.15647603189681 0.08068026940750017 0.021461351816219852 0.05 18.849860772905597 308.61377309107223 -255.96721109612417 -296.92300645120093
45.75802475497835 54.351863820149205 0.07913248506593562 -0.013745114433545258 0.05 4.3338441159429895 289.3128910449461 -115.851542344347 169.8503163188776
43.62985998500461 0.3741818368190953 0.04562750498476098 -0.001588933889562061 0.05 57.12772503030727 199.96756034548892 -180.32435697803004 282.1729522603544
169.00963372743686 -2.873767811821673 0.050866048215883586 -0.03462560773934518 0.05 5.1864798840575945 475.42702681064605 -279.8063123610331 -320.4495166249364
131.906874273266 -70.13661872916282 0.06780937544149812 0.03702323415353029 0.05 5.349365184402938 502.3642779973907 -277.17450810034256 138.99330029632898
222.5353356509982 -51.803282692890946 0.08384007184479758 -0.07639178915935745 0.05 8.893275375336954 -39.82111671382077 -517.2585148744183 90.98219952282918
70.16940767132328 33.34358241974674 0.0909226811816064 -0.011903359115594436 0.05 10.65305280133511 335.7188943255596 -518.7577921022432 20.33152912573527
249.3505411955778 -58.2993138611553 0.09852057349086096 -0.01974438524730952 0.05 74.89775396803252 -38.78896644758507 -18.996034676008946 352.0769823157008
82.17351218992839 -28.968649996576385 0.06115301474057633 -0.046612526426476265 0.05 2.796314566099045 463.096006677975 -391.99418129906945 -35.32080157325737
255.67715348751562 24.65477432753947 0.050082387415260055 -0.06068445927565521 0.05 52.76103573768829 522.1470678546393 -414.54232427626096 -185.1379239653781
256.38724886352685 -44.72718114946246 0.07188134993464823 0.06191780877701532 0.05 4.343388286376041 177.66563146875868 -669.4691877609491 217.10758156551552
181.63672118768068 18.681326265053546 0.0946943221842329 0.01724743481798985 0.05 37.359000555104636 394.02805064045157 -321.3410786494046 106.52461595426192
342.77645728911136 -17.48209675092052 0.053407391462884535 0.07603873644783156 0.05 18.6236402372622 297.85687831632845 -297.7982534542019 -2.310471519678849
34.471673063572815 -12.14443567466425 0.05227989429831603 0.032039674901223766 0.05 1.51849907318815 23.159295960202684 -383.20059839824415 -148.727334726926
175.7325078842143 50.26636239013352 0.09522805123207534 0.032517134721118134 0.05 2.1501347744100094 695.3371315551378 198.77461898046204 -46.976078322232155
4.17806834188191 -10.467987720579215 0.05602596718619979 0.02327416219923163 0.05 17.069649887553595 30.081814749904083 -237.33064052497915 154.89767574145003
190.64344188215622 -20.490604558246883 0.10560926944673033 0.02737541511886353 0.05 4.626272470684522 225.30248035411938 -328.39917790213366 -67.43208539711397
274.86854152306944 -73.97536801610838 0.06905484939456397 0.06481053304225612 0.05 19.297798343801023 213.50390508682776 -204.9533008478781 141.41859458742624
242.47269808280802 -68.06202020430172 0.08687931158205542 0.045209818473686034 0.05 10.82417189788466 118.71876254725132 -250.12192939052346 57.51254977583304
92.74041124165049 55.287331046588456 0.09095433768679517 -0.06005708479948302 0.05 21.54419201460959 153.02909762834008 -512.1607431955513 325.80189462049844
50.66276516815253 9.804465508789782 0.09922266315056061 0.042083135616128295 0.05 12.019052404074095 -74.94905471035503 -96.60758811400356 -241.67388437674953
285.6907844770211 25.47467527509518 0.07511137465179596 0.06378491070107363 0.05 1.5001657262662025 -16.309317558101753 -257.4573441599055 -67.0973252550517
137.72106995100233 11.322356522657818 0.05200988404821638 0.011121463034482193 0.05 28.69378213266042 479.94347282243524 -475.8492717812097 -137.39815743772868
355.7938313492426 -20.231856324522404 0.01779024445300048 -0.06901354661936246 0.05 14.52724897102918 336.3756966300042 -317.44808651734905 44.1344144117351
223.974569893895 -18.667792058141647 0.09656454733887809 0.017658322538221898 0.05 20.247852802297405 392.60428739399833 -554.1535636791368 106.84618319724848
209.96039641816435 2.534185185809101 0.06277718936553534 -0.01358342947006358 0.05 16.02884379559411 500.4011253865476 -452.78593145456205 226.70390598441128
58.59478635147362 -1.7565961774609158 0.08180686096278578 0.09327158584726705 0.05 4.538620720047199 163.17823075117536 -147.29610498057568 164.38080302893218
115.1521561707737 12.927109950312179 0.03795743272444363 -0.07527944732530738 0.05 42.65005159875977 439.81574081463634 -487.5247984391892 96.76130997996987
149.60420767701163 50.57804656946076 0.0956808003271965 0.04238697684837078 0.05 14.835007702972273 350.9831701956466 -381.7298358271801 -21.378288756378012
20.362138777558915 40.0297691320207 0.059329301089001474 0.03842086522671782 0.05 40.06294311781049 221.88944182406868 -31.064767335491013 73.24537280686806
75.28849938308676 -57.82232106758939 0.08866840340426041 -0.026028892683291595 0.05 16.761690795623707 -171.48664994237106 -603.6036835419169 29.630588871766832
211.60407657370612 -68.62975492035457 0.05058679185612891 -0.018156744265667674 0.05 4.891611996110976 108.69465717654307 -147.28165259618476 -9.84297185144851
165.03478827114432 -72.88642541386263 0.0205547842307352 -0.04700377207689347 0.05 6.132277878845814 432.2862247779453 -363.8594238275118 37.14012651433025
194.76150196126795 -55.36200351526143 0.10938751778993594 -0.06809787038388244 0.05 16.011004899104133 448.12301481930115 -220.71601420671936 236.97086085452543
306.60746355535673 52.09710674252018 0.10014135268060875 0.014074678227299443 0.05 19.818356126946522 89.90366248344839 -35.94952620840053 -220.77500039111584
234.13671681581505 9.665144124350677 0.09391568078561763 -0.007613611326516527 0.05 22.318282068483963 590.6111362900494 -409.09271131378983 23.351603678515332
18.980991252147216 24.576514215205115 0.06978385828022904 -0.10231416339620293 0.05 3.8903187326017665 405.7233628844223 -231.70285084516155 -211.29971963477328
353.5375194565785 -10.335074116053118 0.07753559526935128 0.05353074701805268 0.05 11.480952657024122 149.73760107718337 -593.4427966224999 23.647595455758385
131.67061490419178 -32.13178743547644 0.10845417857965356 -0.008980827768465937 0.05 25.395704133954858 302.8577497052781 -194.77520300602464 47.54977000245641
36.703405007220724 -24.153815258364297 0.029669586373212598 0.0408193448692604 0.05 67.89542099360179 77.76338085304542 -269.4273346207095 -80.3988155052144
195.41800969870025 39.474650707979656 0.08032190121469585 0.037344350428100886 0.05 11.284992108555452 359.9015868540787 -112.75493230370643 120.51088861578374
47.92065084186649 67.9183571520765 0.09467826556451953 -0.06933704817013128 0.05 13.623190356734186 175.97140674950384 -59.969373716576996 -67.20893015431871
152.8074023468166 -29.62805413845315 0.05837482070416122 0.06684782887736583 0.05 2.090649491520916 101.22680985513729 -104.70097226361952 45.572887805075155
69.23774881471164 45.890208695151536 0.06477097872519888 0.0752490660542327 0.05 0.9129283209931349 445.6474892010875 -230.72327993456688 59.157321391183686
329.83646110845893 -48.00420410354044 0.09899599274587345 -0.028831085716861122 0.05 2.038882210534766 303.4759664714959 -164.15862943528043 -128.19412131562729
238.66792197568716 -37.03508683914619 0.08182102224114507 -0.04104052321980788 0.05 31.4361489457004 347.31197546305873 -30.351084535960013 93.9383934453509
70.94193170682321 -18.60814818717821 0.05442849363244884 -0.08320008063749394 0.05 44.171645084786526 512.4447393305825 -751.5652736407692 116.17034580576666
184.80645605172325 14.861197634871813 0.07446494000127268 -0.04127994198340123 0.05 3.4207885774953644 -170.24088245788397 100.89193200670314 -154.90127359150597
226.90028432187768 -68.86472728332134 0.08271041122489442 -0.09946193400782798 0.05 22.42511967298044 208.52070384878928 -271.90787437379083 167.79726296126216
84.63934742866927 -38.06208734560688 0.04026524244338847 -0.0004537517594081753 0.05 18.9358285967334 251.13945141081032 31.87519002308585 202.14461617101261
103.68745061838804 25.281999587594008 0.10116547268812548 -0.02151321525787053 0.05 34.883623472107374 457.29168927988786 -208.32460603301664 454.7706250304665
301.8822525299811 -38.36277217671024 0.05430008714020307 0.07294031844221938 0.05 6.765687097794379 145.22474560109538 -260.8779627380948 56.57750902681126
235.6457282668378 -10.091200124414772 0.10348758701231753 0.023743550959259733 0.05 26.656360813353565 145.57777959009982 -8.089704002784856 295.6301934832618
340.8456490869991 -13.06157906345476 0.046099874011273245 -0.05915060978134631 0.05 19.58924480698674 195.90074526458602 -431.77428983761934 254.493335696911
176.75257804955223 7.106118148517759 0.09648631602020741 -0.055769640532593936 0.05 22.49388288118015 347.08721491408005 -229.8935733616961 158.73711624482678
190.70635689343285 -44.233222870237896 0.06519468627945013 -0.03198329648193435 0.05 12.081291129392284 701.3998180998453 -333.0665739987081 63.77442005953548
267.3416087071528 42.78034050593828 0.10452820209917557 -0.09548519325411442 0.05 9.867931087323488 310.71972490495614 -238.17666038676333 336.74294277584573
332.32005462056657 -40.559894357297814 0.10681694766031247 -0.09687979344301383 0.05 28.665190026455946 557.9717032139336 -95.68688948408823 -76.66900714657041
304.6894556511263 -14.155032730250651 0.07395841043673967 0.0009001622273011826 0.05 39.51390737167173 379.5921954923256 -294.2206451314729 -358.71116372863463
33.58368700995077 59.839859463222396 0.1113294919337422 -0.032472137720310226 0.05 15.205516974592932 -11.383563520078553 -244.01608923775137 17.582383060594267
344.19401597475866 -46.23930034490817 0.0956455697863623 -0.026275300701288966 0.05 4.609541603644032 79.84528494948056 -592.6215714037921 -101.81442493784579
194.18673794494043 -1.2485181824042682 0.1053651930238011 -0.029594445547989717 0.05 8.69417160285839 387.17676533092146 -494.8256554025346 32.5670609420972
293.640073685627 41.40775462813869 0.05177799595854382 0.07081431324800622 0.05 13.333095679210862 -79.95545995320987 -174.4580652108638 197.04866700605987
171.24442592127303 45.87712632936607 0.03173783065624192 0.02034250551045934 0.05 17.131568825467724 92.94586623205416 -327.95346243526313 493.2117588227607
50.23995530931657 30.72511522460858 0.09888423433135118 -0.053103257049376004 0.05 22.870285226415607 83.18701928269323 -107.10742115295139 123.47428509895208
214.96571338190395 48.99818138774986 0.05984437149595556 -0.03274664768953314 0.05 20.652781485242894 272.81689172033305 -453.3834830609271 -76.32978525979345
76.91916391160959 33.58269843716423 0.09778119812923558 0.028489325954023988 0.05 62.75927675815912 -105.42389724608188 -68.44912008575523 45.143414178765646
238.72882458468862 -39.74016570083758 0.09421293950138065 -0.02156130136230988 0.05 22.54027709161893 -14.08395819445252 -486.50980640304306 166.48699719038245
59.74574265367256 -21.07820565738358 0.0417454826884589 0.007700021944662915 0.05 13.644014235065876 239.37603986460158 -124.24084153522443 12.872080999936408
276.1467873550585 -0.19185547775815404 0.09361873230146522 0.0066157808797929025 0.05 5.207024574562507 404.83743531664607 -633.6736999360103 -47.85676625198576
253.14347089271735 -27.726768206570238 0.09642625922900061 0.02062470867764563 0.05 20.604994320149068 936.6164420477535 -255.5982549738145 -62.61264357657832
109.7222080338524 -53.86511822655874 0.057802723158705716 0.03109258865610774 0.05 52.44032363113354 366.2459984730448 -246.20244697548816 237.2370429334131
255.221739260799 -31.423907506224623 0.09596935208551494 0.0742584423958763 0.05 6.938640206125031 105.81710545600215 -424.3511915890434 -41.54873681407493
304.36204623926614 -1.5013973319620508 0.07266956440122185 0.026966680288208235 0.05 27.933313150636263 416.98186559737553 -207.35348252099604 -228.15157449730435
262.37105732082017 -65.09742214381683 0.029109086442630216 0.04877837093774985 0.05 10.865089377634181 376.3376021064449 -539.5218828010874 138.21796611220395
315.0865920486569 15.965275275100323 0.09412539609847115 -0.12100136673469471 0.05 10.731940634834315 73.45810468082487 -179.88360201122572 120.25150773940037
345.3320726934134 17.721494677296963 0.06898436489729365 0.016784391966610315 0.05 4.892833659490215 495.66038713061647 -464.67140688424774 215.66544513990308
293.06348031677885 -32.12428929338564 0.055979154647125995 0.055193532417361454 0.05 20.031919441533724 332.2934489592822 -556.8719137400449 -305.7201694020399
186.2241855632822 15.622974120757098 0.06856440200198177 -0.0002569953571676664 0.05 20.312511840111405 453.8736750328193 -197.9726508392859 -207.7186427553262
102.34602644536018 -6.322634638270516 0.0856299068360653 -0.0058828751350915205 0.05 4.258606345410925 345.21363983964915 -524.4331067530188 502.6951568365301
180.49926998124317 5.099888432849522 0.10027071950107525 -0.06915737930880957 0.05 42.97401652208552 317.6551450642915 -393.8240091922801 -168.28293535239504
250.31318115809194 -32.89792852397802 0.08610472420532522 0.03979831915975383 0.05 12.508233422948614 134.57616248673844 -612.1700117448154 215.78847881492197
181.7787701544978 42.49252413892262 0.09483009843006007 0.03514439391713173 0.05 19.677196859882482 344.1619271935938 -217.67146164581328 97.14730125427272
4.009689504307036 3.0553315681093673 0.036141643351191854 -0.1014822017139303 0.05 16.952927265101557 250.40369800985923 -238.72542981258377 -27.526538372772805
293.42591883362036 11.097723382684562 0.09784842243011305 -0.009359648997547267 0.05 4.584575651006485 -111.85794550903864 -419.6999254753059 37.687565402583125
152.0983517249467 59.831473301910606 0.0438093152820489 -0.04763600365640397 0.05 7.547576951389183 285.7786745269502 -252.96210703551185 -222.45110773825496
304.93711751790624 10.669615070541694 0.08889193753833502 0.01309216920958709 0.05 29.65111444941478 269.99897062294684 -704.1559135239381 -147.70397927693904
122.39818173303847 -5.839261761249723 0.056284825514374415 -0.0035856687339619686 0.05 18.95160779999207 194.72321075646346 -273.2737781458053 -61.18373215255765
270.4516682899282 43.201022525412526 0.07373157234444183 -0.018040678006045748 0.05 3.956994588373459 213.57398594056303 -511.74706691060965 220.45288193356137
9.77474170804612 -9.472455672135851 0.10955919274633374 0.09914119110558428 0.05 12.020752617264378 446.4291463640941 -41.77534765474388 -38.178637335614326
216.7278265203297 -55.46813015585298 0.10158651282445441 0.05886725909110905 0.05 18.216720800217942 77.25847923310103 -684.3313610853806 -366.3229566172641
91.66703710595495 -8.33116494768474 0.04763083897523335 -0.016513082384601713 0.05 9.343844531333298 288.64227173411155 -696.0689327733166 257.2331310204847
345.13799172033026 -26.702557141390443 0.1068989758059593 0.024993891376441625 0.05 7.908361254069515 26.7120537286236 -145.03479687630727 -302.633982860698
247.92622335060963 -30.59998061653614 0.05407959769258164 0.046866964340996 0.05 12.111837352940872 -147.67852884874554 -194.50024487356484 21.15579594750661
70.03226741923301 -65.71616573070293 0.07143938250729365 0.049296754701076397 0.05 7.667247674041378 450.59706229942674 -165.88554367447657 -46.25406653400384
305.11429776099203 6.478321100877345 0.09762417079727359 -0.05752539019872391 0.05 11.530157567343153 465.1159273936728 -303.3022927555202 352.6799807487167
247.1726310303995 56.33197006559604 0.09747156313238814 0.006912084558410306 0.05 41.83861745467609 324.01284724086184 -411.12114440430804 -183.04050275024028
327.6809317379052 -58.94047679462142 0.07412769254071838 0.0006594564374778325 0.05 26.656360813353565 -48.70362308853271 -11.947744889286355 46.017624669273744
61.98186253002964 61.74523298237358 0.0634546951803221 -0.0942990164039789 0.05 9.592030886712969 453.57399036353377 -654.1070178313942 -91.13293653679469
51.306327169947394 39.385160393898275 0.10159915200034453 0.019790151419475096 0.05 2.8210872254353476 318.7192850945127 -162.66850313654203 123.48966909549334
173.4655569960237 -11.363273823926447 0.07472124417188786 -0.017271926456090915 0.05 10.895331037569864 174.38039411446817 -467.5927676866173 375.62694712903215
90.69201876620261 -16.688951947672088 0.07515824875645483 0.011119264106003982 0.05 10.650707416150377 192.8368838996361 -637.4936155722241 -54.202908995631475
35.149525403198254 -19.25360369070375 0.0661819003577313 0.033360341423460046 0.05 18.837158520544904 -50.43378619900213 -333.2166193356616 -8.422403239271759
197.93995162772651 22.30969520346779 0.06024045895473584 -0.13595156613507767 0.05 21.892995807946072 187.77437728449556 243.5697857976653 -279.11944827270963
7.821249043251089 9.410504542354069 0.02728992793068974 0.01330500324239527 0.05 6.565161093800529 254.750421703634 72.48887553300892 273.90194148820456
291.5056463974384 -30.469164972902583 0.05686913313897901 0.09242752232876195 0.05 23.96614025075237 185.9818737458665 -257.5339002123615 62.42513212088797
241.29435475350328 -61.96984600464481 0.07507892935789551 0.008293076447015565 0.05 7.606394419986988 161.00844458611817 -618.4318376188118 -132.76850357575188
54.62803129839562 68.46108099077433 0.07419024247973627 0.03644365233082085 0.05 0.981966576226766 -11.740334565936678 -326.0496792826618 250.782015351577
22.006553917787663 55.45722393458514 0.03434889321383561 0.11222642151160482 0.05 32.64677742788692 -29.863250337968736 -190.3348701076897 174.20068921154146
145.55440480581285 -43.6734352472368 0.05734162509320817 -0.030893857865468985 0.05 16.07304746988841 506.25894455395417 -115.80162839507051 -26.792959760787056
188.63754288276365 47.12488932975459 0.05182891215063945 -0.013248065604080228 0.05 81.04279095632448 171.5384192186058 -651.2311680795785 142.0730607672707
22.038717856897442 -33.191972504891815 0.08990928048151625 0.11186793440609928 0.05 32.71607555319548 158.60318215138898 -383.49444735708664 243.45695816118996
339.30944821808674 -30.526800942139204 0.09476766285808957 0.025900935627365933 0.05 49.186820642185054 143.73209390670664 -251.50089964424006 136.94875733365097
250.65824501845682 -49.17684188724481 0.06807737430870597 -0.01919936254387562 0.05 27.55632062206115 297.6024186764589 -311.3306302219899 12.272158238188723
122.53602930243852 -6.342193559674733 0.04234293544933854 0.013143114482331159 0.05 21.445798021456525 -176.34722141581858 -13.454539156539681 -33.85330210584124
272.8783680417889 11.13132697008993 0.05023090044276879 0.04996788450777194 0.05 63.55737220861347 144.81702748730663 -296.40701133354105 -90.44145169375736
209.86027807077343 29.359665138610982 0.07031787354120711 -0.08139185514990888 0.05 27.57813450695751 336.40653563329295 -239.64874349625907 298.06186229816035
230.79937346080948 -81.96553032185551 0.08468489302474747 0.01929929902292986 0.05 51.86446614263266 4.3758075535602075 -261.9346962746883 -8.236080352338519
338.54076726155733 -28.85043511356433 0.07938863645813621 0.007704910134055026 0.05 22.81990993671014 -506.0870836970448 -616.3394746719592 445.5077386644114
37.3381867265123 71.80774528156165 0.08188927821270453 -0.08284594493263012 0.05 12.092054233044253 437.86366325160293 -434.4742190510111 90.12778029337537
55.54861416185014 -81.7932152125541 0.09265609650483175 0.06489401304390721 0.05 13.235052979360923 177.68787105948687 -453.2898142811775 241.1345785053975
131.62211099521866 -64.19977887835239 0.04761542635697813 -0.02677101673699754 0.05 46.358324086559406 -125.02390927986556 54.334874962967774 -146.13881504523408
256.4896118877439 36.722236266453585 0.08600989102673151 0.03471509342090895 0.05 67.97437269857305 128.65299803280212 -94.13405877791803 124.05731111741665
81.01578316124672 -9.518176271030525 0.029327017255609933 0.0016413730669887867 0.05 64.5457241681261 226.3071946245414 -36.97861124069675 201.8864575818623
181.8847844177314 -16.859304164620426 0.08065927758351332 -0.04198381558003385 0.05 26.647953834177443 203.04766434663222 -1.908035606090607 119.33041137514061
107.6938498574992 -41.21697549563474 0.09954981699473686 0.03518078775704805 0.05 8.895750510189146 89.16291186059637 100.33704347460588 331.0919741086148
243.25593651025565 -13.99726217374826 0.09840577864622024 0.07429753966048795 0.05 3.2485687238738294 224.2904953461497 -195.4193892815511 -220.5484876171347
353.8327668695422 36.366969844713935 0.049837614500595206 0.02085122370248116 0.05 22.500823111748716 94.89034676461677 -386.88168510515527 -14.048527024459602
4.7967539812028095 57.686447511915794 0.08864206127784557 0.06357898149086813 0.05 11.406914510936058 -29.938848800802333 -268.8164565599174 126.96728949337374
320.1641688366883 28.799939335564474 0.11494403432951206 -0.0926110606124438 0.05 1.4338241956021194 -158.43657296953307 -395.77694926005677 -348.57600563922716
139.18724721295445 -11.650021337878172 0.09583039019091522 0.028322867290924265 0.05 19.53742697101989 456.1935771538736 -400.79759399763356 211.26039407228419
356.6961943203742 32.895388097088386 0.03518467584207019 0.020248618606447052 0.05 22.140962994438596 2.132874747670485 -255.23516591839112 197.91170253392653
30.89477264267277 39.458322722498 0.04868565443199002 0.025325290316141825 0.05 24.27251349391926 127.58805845490063 -475.33610486182863 151.01241312018476
129.0029365114355 -24.734045276197623 0.047927442027436706 0.014104542033207733 0.05 8.3814634013101 173.86689630248523 -438.1625613909571 394.6288885986523
12.042309061591002 41.52135413490344 0.03954833903186605 -0.0003981453720303487 0.05 17.51693418355043 209.5703016150156 -424.2598505997344 -256.7801429804044
31.43738889036203 33.40868729026257 0.09925787463250213 0.012348263294731938 0.05 7.615368617857959 179.291942254982 -318.11768908125623 181.4574191207606
291.68650229338465 37.0020810858013 0.11521951310187073 0.05518122996085868 0.05 26.93847572315127 217.9816227939502 -404.7312877635784 -419.715599948888
7.068958157122549 12.055233617242772 0.0685733013980716 0.03923199713145275 0.05 7.562102008821365 151.89731103063542 -205.29887228092872 -194.60170222180193
7.544559214609728 -4.955814030315387 0.10036334653667822 0.0713826943081079 0.05 24.73026938835256 79.28832405291044 -359.37560309576827 -50.258854346525794
355.5152531478805 49.60275202888773 0.029165263342678438 -0.07610259336658937 0.05 16.177100662807963 114.65784801034573 -1.2965234062234572 -333.3181066210577
103.02062962833372 14.116217747237192 0.07607172680552132 0.02031593470360515 0.05 22.90796545084219 435.054334323534 -212.79016217158994 16.134900595673237
176.17993006887392 14.242859259114462 0.09329789443739411 0.09350202567754425 0.05 17.53679178035389 225.28993030846718 -212.42147792805895 -32.56670022994149
101.8780221903394 -61.82101610585568 0.08464101961685278 -0.06960554323628572 0.05 9.428279197659789 534.2826367484317 -258.6709195203095 -59.69545213780536
10.491452575657041 -41.31686999845648 0.06947106346929521 -0.0009045843897576558 0.05 13.270224534925495 340.3350609947329 -434.90765562677797 -60.23096913353952
29.35577228196588 50.556447901343354 0.02927325300371142 -0.006395305587366511 0.05 22.790534588702265 -8.625823078572694 -756.8544449419732 30.232565407955885
262.9961614513944 54.658671797955215 0.04874277419035633 0.019012420406576244 0.05 48.50312877920319 410.360608658327 -328.4984180978172 -5.46117607893747
92.84038028106737 -10.262216489369285 0.07361108101859681 -0.10989266491888783 0.05 18.976395449277163 78.0432196399719 -246.3490588700829 -139.59110372230168
156.68522111594777 -13.16371653516812 0.10095730049348806 0.02593172397883057 0.05 7.998690600141314 231.9129444633857 -554.7744538812167 283.47128507922173
41.104473075886304 6.114754595249449 0.05717474283692314 -0.10212320905499618 0.05 8.881168278244692 482.616677402799 -337.85310315344014 -183.21030524098646
343.4031357862307 47.73572557762516 0.09338981622854914 0.012701547193194367 0.05 12.083428462427873 -191.80543642305503 -385.78715382371547 -60.05811412148698
115.92440660738274 -27.84159685700629 0.09793091924321007 0.005749235036359058 0.05 10.616851724360794 30.952774133109756 -246.0231459712275 97.47173966302336
101.64239235329094 34.31990132413647 0.051297822535535165 -0.0509523909923454 0.05 25.714130777706853 327.1830048739556 -225.93664857113342 -103.19997441052877
50.83271161933686 -39.035470605625264 0.09903563674966653 0.021380055059514933 0.05 4.653734947591049 421.7425064178797 -73.18130857257427 129.0716201743073
212.36740441333174 44.47267611013374 0.10706770512117325 0.12853718286908486 0.05 35.09749927235581 347.47129936297284 -438.9700943129971 241.7221306266337
244.78985319669823 -21.220667903932913 0.03169045128969006 -0.026563536282970153 0.05 13.766248384937311 252.62474950829335 -473.8750824857037 554.7262070576994
292.7144945739617 50.781751390452776 0.1057490423952061 -0.020121092913260724 0.05 11.775494745294734 220.95077357190507 -75.81508683785412 120.63999984806266
242.20007707929477 10.582036110396533 0.07396607707391167 0.15125186959207151 0.05 46.300403282542895 49.856308680387286 -532.878907447963 -99.47638091240083
309.36845884084283 42.75794039180387 0.05528898010733729 0.03195840363020308 0.05 3.451169458403914 509.99585951599886 151.9064051985833 -210.22903657423097
351.5332366448042 58.098483964413 0.09710055039975196 0.014653723203872591 0.05 12.143174413133305 70.44383205150086 255.92093645388547 172.30686893313256
339.27687778190875 -33.560810502687225 0.10716222958892385 -0.031859077457275245 0.05 19.696238593146017 396.2942848008016 -169.2665938230013 -163.73635000266322
214.52785356136496 18.270650376179322 0.11156970899541752 -0.01661930588422076 0.05 2.242975794218146 195.13685319535568 85.44571326626647 -192.649646784857
299.0955029512328 33.90497978800527 0.11348672817076899 0.004173300634523144 0.05 21.367567501944265 100.00318320558708 -429.15773510956285 -173.0796872776159
231.89376624005246 87.3537262539612 0.10392896874875945 0.03600724420643592 0.05 8.292749593156243 171.97870109895464 -298.6024888836602 -298.63781996769313
222.9482181293313 -6.88902770242419 0.0737061411170079 -0.06600256157724183 0.05 11.66467601161367 791.3075875883679 -218.36817037031105 194.91761475483742
183.8853911017615 83.1465292622472 0.0632565391722677 0.04309271416388548 0.05 12.838982363609931 520.4649774166701 -743.7539605416715 308.9181579199902
51.85899042895097 50.754484743200464 0.04616057043504762 0.0275802159822498 0.05 37.0385351500237 114.39382037664157 -573.5087999163288 105.47378919556321
273.1186275725026 -28.494347888252232 0.030031110750673218 0.07494151121942542 0.05 6.544083596126214 293.13297381479686 -720.9496230429617 95.99392740284648
95.28813301442703 31.808419358471394 0.09296745786828886 -0.0449854033867879 0.05 18.488508738200792 237.4865170997932 -258.6638367324367 378.1675665929445
232.76425067336382 -57.304963259731466 0.08757214008756598 -0.014281844532020388 0.05 24.57108458116164 181.40988718999387 -526.3284775237142 301.4811591277039
105.8072340143069 19.99847116495876 0.07011249939757658 0.031119862598177825 0.05 11.807978687429342 312.50949105923723 -444.91235739511717 44.83208956819739
87.23071959190801 -20.244001390470626 0.03448103251765411 -0.010242517078018855 0.05 11.327962186647047 -268.1836139399992 78.16841568592372 265.4020345526785
52.279093968836136 26.066408277294816 0.065269808521911 -0.04335944545187172 0.05 7.242994774811382 509.94137578958896 -384.7690128240808 -34.99799751667055
113.20373059514982 44.21048693703038 0.10666284737034659 0.06224662948044737 0.05 8.044469844930036 230.11492495713316 -178.0417603233296 17.756323123331043
115.89058095594886 -27.87888980527563 0.0889070825974958 -0.12478444381752281 0.05 41.47236898735647 521.9250021211042 -483.923220261401 298.7745625335509
146.74182368328795 -23.067920643507684 0.08592461952137453 0.024668672353251042 0.05 11.51205796454226 28.393710553226356 -69.43639125267853 -98.0916806429741
79.32059809623138 36.08893587882755 0.10064406793211855 0.020318515037168566 0.05 9.242431831715429 419.81163852068283 -153.63151811147492 66.74957149489447
90.8157006222215 -18.31888498180165 0.05453560765460197 0.019768939889387098 0.05 14.913694868895215 287.0224639306443 117.96598944292924 55.16038290827371
312.5812745303073 2.933713412819716 0.04041227787466117 0.1255360533100703 0.05 15.715104639552717 177.04374768578342 -347.776087950278 -228.53059718552385
273.63346263227425 4.684885321552364 0.04136643464270651 -0.0273391532523733 0.05 108.82281871296638 243.92564186956673 -591.0927091042541 32.5839892391229
292.8974003683051 -19.54890441075377 0.07247205738255369 -0.10485981687425788 0.05 0.6296855798375328 -155.18735890544053 -715.317694019858 86.24378165374895
270.30094346816355 26.984959619680215 0.07328055181750925 -0.013687238496983724 0.05 24.016441783355823 412.4009413259197 -507.2398386412103 -55.24355140493972
347.43926947705546 -35.138478439095344 0.07145968171263073 -0.03767625672926465 0.05 19.302742941567224 94.56642255671721 4.0839962541808745 448.4478011858712
281.2948138624743 41.514216805764036 0.10977940394040786 -0.04399027565040257 0.05 8.686597803605268 589.9275622908924 -217.44084390926025 -47.646143021650815
250.6642442698786 -50.55364925925289 0.080714958407331 -0.04495436725950363 0.05 11.11365015671733 -109.05459724743139 -244.42535752360834 -182.50929330560578
91.87892554828596 -67.86619602133715 0.07367164782586544 0.1002270683813464 0.05 21.5753156419113 721.0273346227415 -450.09429850334305 180.81497508411073
105.50361704087636 71.134419512618 0.10109202832182551 -0.023453654718420796 0.05 3.884941018540702 -49.53961274518858 -364.36389653893536 269.8938815643077
23.03572453338549 70.8309605025217 0.11324211327758205 0.03338060562717019 0.05 7.474521717984132 415.96875769981295 -364.72153522606334 145.42283720450695
161.34713682959222 39.07339843694157 0.05759030872520454 -0.007122403238168496 0.05 68.87553113270585 -75.9957948631382 -542.1069805815254 82.6005276572453
224.59118364136046 -14.799558961190767 0.08383066450645216 -0.005948238706226405 0.05 3.8005796726364447 89.35534766747885 -462.39569556916877 -115.99327938558736
41.54878799391104 -44.82583201169828 0.09362189740961546 -0.07834203216705168 0.05 0.28032044438479503 327.3110307606785 -271.91178189408373 -159.0256088899985
349.0165869224576 16.864996544432064 0.0770423860567988 0.024800255837237082 0.05 10.500462188586901 10.781545261583943 -39.51837606381821 433.0927372812796
175.53627683577298 -53.21168456322363 0.08108425983807255 -0.03013330696605672 0.05 12.490860950834755 290.852497014576 -275.3106929715184 -12.691119040435872
83.41041430615232 -58.52579165771961 0.03924404918962465 -0.08872009434922196 0.05 40.62104421632982 99.2420662402484 -455.7628808850288 244.00832041450218
238.94485616700712 -42.743687118572524 0.05738479663714102 0.037147905070020575 0.05 5.314134427937388 350.4490607153782 -348.71128076478874 -52.53776149215159
315.49406157338115 -56.015105811930376 0.09185229273056672 -0.03677924150072995 0.05 10.895733317775024 -38.81930150672042 -433.22439584702147 64.27844186832039
99.02729351714801 4.251449118067701 0.0363778487545916 0.01935581184982634 0.05 10.764889640076445 5.8069467621154445 -430.33885463292523 367.0005908687226
241.01385061968648 -1.7004355879290294 0.09818559365397972 -0.05219212130677747 0.05 9.777823279378582 394.8437591480414 -258.22829196963403 135.88473541678155
196.5122884626213 -5.064581957188086 0.06533469662974878 0.0026219857790554238 0.05 34.595099305808546 -54.98509486006665 -471.240997102547 -431.15717246635575
191.48930072604495 -51.15252369118277 0.08464270843312804 -0.05091715626861802 0.05 9.862700913270992 181.7527544376824 -483.4255347873327 -24.916673241340135
329.5442801663717 36.12289484693991 0.07570257160923122 -0.02479003369254344 0.05 9.668154799230408 -17.862586139274356 -533.3397098289984 -265.21608492192513
187.8244977028841 73.13738865056867 0.07281920538089182 -0.029402853538013835 0.05 31.998222474675522 274.59361034502615 -14.208050525647593 207.34995552039965
134.30763592661282 8.135420387572129 0.08638030735805136 -0.03794962500873775 0.05 16.961322577905232 283.0964107736086 -455.55798864426595 -35.343429280017645
38.869071165010084 0.9246470494884272 0.08704448877369741 -0.02401246923364228 0.05 10.278216676866412 167.21658223334714 -40.22321083387038 140.3829743735942
107.92958291766854 -81.82041136046469 0.04266911362259518 0.04801304064806538 0.05 9.693387245931708 160.45446893430346 -304.8919722685263 -145.54221806493476
84.40587752045343 -20.038545503010116 0.043072357974649256 -0.11662396544147752 0.05 35.15326658265062 101.31429061974568 -300.3477690619529 94.06340928564339
174.84508446095376 -64.60292460715725 0.050585823582408374 -0.0990299186645649 0.05 24.85277816888477 -35.24347793625128 -160.17028068469844 -33.74400202819959
309.54444211087815 52.65328550057269 0.07111970961174441 -0.01193344580903322 0.05 13.11110305868912 56.036614932295066 -508.1582505554371 -57.725301678820244
254.15108820383193 -3.0877864939697854 0.04617319387790375 -0.008939058920003405 0.05 10.918348673856975 358.5961965857988 -343.29589892544857 -182.697977382456
65.24918546625847 -31.27413422388959 0.023829010726387656 0.006239571259721757 0.05 36.13881253525091 204.18915900440817 -769.5839960974098 482.7508835182624
194.24236895284454 28.21577176238893 0.05821274792588027 -0.11105087243761849 0.05 2.3278744398011613 -83.78396601915574 36.46856497912762 -129.78050875685327
244.1058974043533 29.278531030760146 0.07373266347771423 0.021544562542569257 0.05 18.318672671241416 259.78468259114317 -249.11755297683865 -130.22651931809298
175.85952394701394 -10.758849879590215 0.09261075085988346 0.023249963722188016 0.05 30.303389320731785 387.2473709748542 72.74279503529033 144.30457211102868
157.93686814594662 10.078326827050658 0.047591044097623936 -0.04477125419889444 0.05 11.756663053936926 429.56751267127896 -214.19286158165764 14.40968227337467
82.32688119485573 -14.946745343956463 0.0798955096887064 0.0603513904389367 0.05 1.275730832356279 0.8881243111806896 -268.9369858000196 447.23059449419173
45.126103995235276 -22.230731684998116 0.07791206850213772 0.012057217557150099 0.05 57.572420020625216 -211.2162815409107 -242.5890704605481 -23.30904440377691
344.66783622508245 -53.56981580493166 0.060819914026713384 -0.005050316267404065 0.05 19.20810829526704 -14.693761832000519 -212.56075222748095 225.25899717731085
15.451243374273478 -20.281101484261452 0.057889538451673106 0.05886680745014459 0.05 15.829980389283184 292.90704156121933 -407.2513671887465 133.10489798334626
254.7211392287765 79.33479699291273 0.06124918226308318 0.005833887879553557 0.05 6.387340714509407 22.158891583746026 34.75502368073023 47.063986473048054
347.3765704572539 46.45253346526003 0.03282646705297365 0.049436771375333734 0.05 1.3136910686258931 510.64012589577095 -174.00559645111315 -19.114728911495575
311.14719875589634 -22.41093093835094 0.0682699790206438 0.031244042105051866 0.05 19.369415986634554 -113.67460663183022 -189.51798700091376 -83.8719316607104
189.22262614209973 9.942429865972663 0.07430340145255565 -0.029809894967419162 0.05 6.198656694636705 134.14509598163744 -158.26690654039334 328.40612322971276
316.28492250169967 69.14396852166314 0.09067262758786687 0.027956782161779978 0.05 4.009894669703548 -19.829013903272227 -44.26037832950948 194.84371951390105
220.38867959727193 -11.821243720212209 0.06280766828873885 0.007457783184177696 0.05 6.588601152858637 296.54934037161865 -422.66486576386086 -183.89264374198967
340.74596805538073 -10.29048722252106 0.07996878352086623 0.03687832180220982 0.05 25.294553353323092 495.4958794542238 -368.62945993659895 108.92575419470022
144.59393381603576 28.46568960051057 0.08527101530978931 0.039140657676805954 0.05 12.978949113303651 123.8994266826152 -356.9592483245967 -150.68953095977372
324.1184404683825 62.75504130018171 0.0712275698693785 0.07399229299718073 0.05 29.65111444941478 364.1214415616672 -61.72130868484183 159.66611796661238
304.64594344413814 10.360009762218198 0.09035353897147957 0.03104177048803674 0.05 5.901020846755566 254.41495982043466 -465.7643268373366 59.5058222182094
187.49272540194244 -20.60093001527676 0.05743259494607411 -0.01828766494382157 0.05 1.6415413160382797 321.7566175957736 -120.61581374267897 169.80668165139457
244.22706539736322 14.154018976381586 0.10560954147221135 0.026384577412901948 0.05 10.308900686592876 177.0165500463008 -630.575071982081 -44.77351708800211
36.418486066428954 32.31318211994307 0.022234293966098884 -0.0911245092001923 0.05 12.655027666864124 381.82500644041534 -438.8106269711632 146.23708016916672
270.2062399074647 -1.763602049854005 0.10093104278843712 0.02335730133589451 0.05 69.2082802628558 59.01050716289234 -87.01865823306414 -171.49713227076774
202.11813552069378 -86.60945176385476 0.08566399707157046 -0.05344212986046009 0.05 6.804112937718963 81.0232102198956 -416.50136682007997 214.06757830149883
41.63871207690902 -37.293345466900874 0.1071162385522948 0.05703957342357405 0.05 28.683032804981856 275.60669773895563 -421.07856108786154 295.1883892234671
22.790000772417688 -64.41312462378195 0.08947689521607294 -0.0034948618396541562 0.05 41.15575751076051 63.980667624948666 -576.6658423654776 98.10919357327722
72.06587890658903 8.789081981584102 0.012508111879810713 -0.03651173787503581 0.05 20.312796429426893 212.8716547669008 -337.58325530300345 227.76665951659757
15.414739885823083 -57.976435830416634 0.05191299282257367 -0.03342940758708978 0.05 50.9124165790557 292.043066646796 -440.2237131555578 113.45788575265483
92.4495679518512 -24.80919235282803 0.08939420940248621 0.03501592608092899 0.05 17.312911733458826 170.84237098572092 -11.273371693603337 -315.9494431781136
47.878771333629025 -30.906039727305696 0.10423362630376798 0.056165147627586974 0.05 4.774184250597567 314.687062579963 -337.29694090643136 -223.25567572517167
112.27547207992436 40.18941778387553 0.09889008148481371 0.0024869084313829575 0.05 3.804087239534899 237.60733902008002 -90.30243417693777 410.2980278269946
72.46496528819485 -39.29055362693628 0.045978897716675515 0.005891685949341365 0.05 4.607432145239804 163.10022184193028 -217.75121810926623 -69.33915914911701
194.83093234714192 49.0213571842533 0.05316921816961839 -0.03301558554656498 0.05 6.532616090690085 290.14393279741546 -494.9768290335166 -111.64145836595796
346.0007811419252 39.49125923294694 0.07031465257349101 0.05299812482085538 0.05 35.460824268865814 161.28524903767072 -306.0795522815862 414.8035616971983
125.98354401939055 58.47823576052632 0.08442941948345228 -0.016093883770071028 0.05 8.464031859542608 219.34467161234141 -93.33617617425264 166.98503080860814
309.42347875128894 25.431043796857665 0.1141679760905785 -0.08253781733852622 0.05 5.359009925335158 327.4938257020195 -343.4062505001272 92.8396430804311
219.74734719176848 -18.29839614653605 0.07555785197921772 -0.014113349180202928 0.05 7.825134755219523 -280.1792445311413 -146.9732869259611 -348.0116533004917
121.39525155906429 62.11450872539626 0.08304665662684507 -0.012587334134722673 0.05 19.501440310434052 509.1814436887064 -530.9803768991476 -151.9493707900848
153.7816019010569 0.3587804879553181 0.07535145137896881 -0.058203420908479346 0.05 7.997465401745299 264.5486257044479 -89.31474155941532 413.35322213525143
326.8217252541657 77.22852270649614 0.039278042051034134 -0.024617114315345797 0.05 4.917279488206148 369.2999525612357 -171.85417226807814 -108.26742292540524
104.88645979785007 -36.529663706652926 0.02078856040745669 0.010431780602037867 0.05 53.54925863892581 -3.6022211198845184 -362.7230264758375 -192.9259631444646
107.50255804122975 57.61227354657325 0.09603872789769219 -0.02325966662412123 0.05 12.038318094602516 518.5928668246852 -453.9524549378514 219.66480619874517
357.82557896995326 -32.39479890619972 0.04817204933372721 -0.012126665418730758 0.05 6.641685261207033 275.41415437247 -41.26346324014298 320.36409893182827
282.62011656701407 -56.975974818047675 0.04866769341664079 0.045479423354038144 0.05 22.67306003010937 386.90751686539267 -361.78715986251535 28.5592740948152
350.85197854336957 11.57383207627098 0.03384291336724998 0.01559103704358352 0.05 7.113335928276762 338.42384395995265 -319.0501873425856 66.01092768138858
49.73607856761907 5.2664987197978546 0.08716545210578697 0.020260981957846758 0.05 13.099775480788194 370.6272903018202 -276.63231331250824 -0.7130752463274561
317.279560008359 31.606988303211818 0.08614221003847211 -0.032454811950807724 0.05 8.522877247504317 62.047839802550186 -244.86663756096166 101.51369244973556
43.72332059638381 48.34938614942919 0.08307207937201322 0.02578222019249626 0.05 11.622607391035904 399.8805799641892 -76.06280666812225 190.6681845994855
133.3688734381112 -43.170148291622255 0.08522570526542017 0.024426864695991812 0.05 13.26938956433313 170.9417401455564 -33.10137575572941 537.89055402512
104.31463803103105 -34.299083535064554 0.03585867518508645 -0.012429158714954511 0.05 5.788720202356371 277.7582578715036 -606.5186195729432 170.8856556532645
138.8640896962742 -24.67806230100906 0.07058284277602156 -0.08111214722630315 0.05 11.937835823559245 285.0069260738858 -182.0993452407472 80.40758088236909
171.86021297002813 -38.96006850540853 0.09133079296184077 -0.05146287977019038 0.05 7.207378763989888 -29.17531314407543 -205.29903216618263 41.79260875417273
229.5375177853157 -11.098519395397673 0.09346312247662003 0.03235848023996407 0.05 3.3434886986165893 189.86226360682988 -421.7690260562114 59.32239277925632
158.34877168780025 -48.7793382770126 0.05509154185638865 -0.01766181684129232 0.05 1.4240362924667855 158.17945970307247 -381.49318555775267 -216.81649654332563
78.27367072394718 -61.27340945883636 0.07837392323499026 0.0010013083464784737 0.05 22.49599523818632 133.77490178163987 -460.84697820165866 103.00042668644622
19.855952851783645 12.793492049385904 0.09317445255681922 0.026601816091494528 0.05 6.021899341822921 297.6695604483158 -376.25420802487133 -104.2535001941016
203.68494471510454 -47.66383648670223 0.09811673857821912 0.11359870004006033 0.05 11.979530677073043 337.8902576119748 -291.46607082164775 335.93301931828046
176.93625750236993 40.771167172915575 0.05107705039088195 0.021809914390415235 0.05 8.385538984753756 334.76458205079183 -324.53242909034196 171.55025102007835
290.1595900511549 39.95598168812936 0.08908889116275165 0.024722145193076007 0.05 39.22685494584704 -43.91650160516974 -225.7404710487839 73.33459750370237
42.54815416669034 -56.60034811346042 0.07650355447055412 0.05408183658103771 0.05 5.4145657475766695 326.21558029060304 -103.16066555920031 73.13904470773164
237.63349247160093 17.02073216393 0.11143978652057229 -0.016438333282096408 0.05 2.003323124350002 422.58818632059024 191.3662607972036 -259.2721861572409
129.10308368897213 81.33122636412614 0.07666074276344248 0.034854493991951355 0.05 0.3080602975444661 257.75411962939654 -172.3974853634216 -413.63621875465196
231.03995823455452 2.139867910660254 0.10951550256177423 -0.01649304411913146 0.05 10.32387760138864 316.31966527181106 -652.6594371005099 -178.64142053736424
325.9157470535238 24.267425346131912 0.051679254131254515 0.0012745474670188932 0.05 4.761226665352906 447.32328041524556 -422.833423892267 366.31079210185186
250.79605153242892 48.30084692899683 0.034233738430313077 0.000793508284584802 0.05 22.302156762622197 304.72715844228094 -776.6074405584161 59.1301450429295
61.054545022912244 -30.88636557627241 0.0491998752517524 0.0012399188200373414 0.05 17.36232942355809 28.842042016656478 -285.273307215832 354.15457240825305
294.4939961459635 0.04364156347700005 0.08659308660029041 0.07575310205542216 0.05 27.604377526107033 351.7157925726999 -183.74767756575983 260.9850125136176
335.2334003709649 25.324079224029234 0.06253504974572599 0.039432845604454085 0.05 8.275640411314999 189.4688342214759 -237.85425027566106 -27.085614661854052
167.28594443190258 -10.464307355488975 0.09062500402457863 0.023350617965852225 0.05 76.48929047943427 419.9667877168521 -486.9286579144242 196.32625683314205
89.23973263891222 22.386584348585128 0.06585816750178863 0.036066145618258556 0.05 25.779708340761346 609.4476540651901 -197.457387609154 -17.46421076222711
78.707402575701 -13.612664214237729 0.0847459723411903 0.017964685071832097 0.05 21.450536051926772 234.81201393984165 -59.56725813460321 -223.78253749561827
265.6369208551312 -29.650114845917408 0.09575125446294552 -0.017700868498008608 0.05 7.99736598941108 213.32838526026939 -417.1763806810667 45.00135580753073
246.34178343723508 -58.017980274887904 0.03867514699157648 -0.0031944002248628766 0.05 19.720505512070165 353.491086011441 -310.7933295792712 -100.42671386778369
53.11253598677829 49.46675426216664 0.08412255612856367 -0.014285443365237757 0.05 7.993175573506997 106.85737245692675 -425.94758778572 21.59742253909756
314.99938072806447 -42.07751150384103 0.020545975350166 0.03072680008380504 0.05 11.50264637430145 538.437944475186 -179.96690734680703 90.17997577924557
24.705844248447324 49.753697471737595 0.09935114245269228 -0.04796301024154665 0.05 23.993542965877833 117.05634094565906 -392.30845568311497 -52.188716502322634
358.527229450162 38.5316920531333 0.04809814231516363 -0.07505015820007306 0.05 3.5288935202622747 -269.4226213234793 -372.2034057574162 -200.010734041371
214.5079357335043 24.632141537665643 0.05784836908343327 0.07288512915837214 0.05 5.987335409213745 22.996942200810963 -346.68148384166886 -77.29858707306818
100.5491051623238 19.190585538084786 0.10617100726060102 -0.024613100713936492 0.05 2.6177862801989735 27.188130000981403 -89.9161431653236 -152.6442247851775
4.548715302986993 77.39153976232473 0.08598371655711423 0.019418094222632486 0.05 32.061301511377685 144.43879175272224 -66.97263943951862 -254.33930477932296
265.1946425452771 34.341773625725224 0.07640233592897094 0.035615214598100714 0.05 12.554712765150535 186.43914484805507 4.3717922730007786 304.0240664145956
167.17451077736806 7.691497870568949 0.06395123082206422 -0.06869050944511872 0.05 6.99162513276987 363.6518245717589 -455.9280676477166 228.58375554418876
311.3884974115118 -3.508506024222267 0.027965933261625775 0.0202194531199777 0.05 7.663028491627234 80.92452270665333 -171.31904546285068 -177.48633052347648
245.64897214896675 -50.9035114936433 0.02148129889890793 0.09762681878222383 0.05 28.385958345241555 363.6297241990854 -279.2516465142073 -84.37434069847112
49.78941820893789 68.01748050107312 0.08300710623324092 0.09330126627858606 0.05 13.284232584403098 -80.86394789814307 -27.12596534226026 128.15693499169458
84.59786464757347 -24.42838791182918 0.08181758422757968 -0.06392613472426921 0.05 12.780570609498078 5.99969668819233 -347.712732659812 60.361281156287596
2.835662584250317 -58.950682626936924 0.08876373619972822 0.028306497408638227 0.05 9.388307624348734 360.0867309827133 -362.0847849472179 -44.76704484316832
176.37692641098798 -63.53114418763966 0.04084668078139431 -0.020554683888808746 0.05 15.780324215955561 116.81692338425661 -386.4018631016352 295.5598936529231
344.7058972082343 -21.15844528129919 0.1042018105589746 0.050284672281693255 0.05 7.8735270318629444 70.71170021222767 -580.6380576547485 45.80480410765217
10.267368675056963 -51.83139270513678 0.11101761493067519 0.0653782514463361 0.05 16.706900958489406 59.03101201558357 -452.45175842109484 -215.53535016780887
240.22064419471286 -55.13398769546342 0.08229867032727789 -0.014191766920362456 0.05 31.35599725713054 12.502004507581518 -410.8956567574042 -340.03574228941267
91.96439743988765 31.46027028253466 0.07435870655997978 0.0012434603486630854 0.05 15.721033373209277 272.35390707891975 -292.6066179217039 29.715769494366196
125.41015965162873 24.039815704148083 0.10499463811901744 0.060601501469731436 0.05 19.383299363677786 135.6787390729743 -43.80157351187745 -172.36654270226018
156.70785409869234 27.119104894682575 0.01512173650227755 -0.03671945765454249 0.05 6.7284691134050165 -43.63614858173048 -331.0785737720191 64.80457163978318
140.4272281389352 17.094759618507492 0.10279195589147205 -0.09288485260671162 0.05 22.331664261278327 101.84369712346509 -665.499253887391 204.8873943388287
61.88239388793679 40.895021940949825 0.10642739736220364 -0.011980490338411524 0.05 7.023520694470381 97.26045917697132 -436.6552774231521 -24.982821633215522
128.39142807577275 28.388120478418852 0.11288514363989188 0.02100656472908533 0.05 11.15701780502048 -96.95129701520062 -22.479195490123914 566.6886786589887
312.3508304572419 -63.016479928875114 0.05429566307968314 0.009552088252269114 0.05 4.417023607943943 -35.17756357773982 -416.50312009597076 -306.66358334222394
57.58708006300007 88.81515161286792 0.06597571152610637 -0.013232868578260592 0.05 1.8907715546758974 230.3477868538882 -287.7367538677321 55.490517050595486
53.32713548860379 -65.73413367762667 0.049835495804869456 -0.015433503819278096 0.05 49.325538688836644 136.8870354182788 -350.71128996934465 -96.63594189619528
254.4395377327025 -37.56964824640714 0.0944132083509941 0.047435218888184666 0.05 6.952595682290665 278.3621121913558 -228.05312702509195 189.51438953028978
111.53100121122398 67.01587782614968 0.09035243003091753 -0.018008972353930643 0.05 3.3023389673139567 180.00513597894502 -142.5490768115582 76.6479796198367
302.8694380910562 45.75984554168925 0.0882862564717235 0.049333421348914004 0.05 3.4932816117221424 573.8284038136017 -312.73975907206943 -8.156402931867134
